sample_id,domain,ground_truth,p3_score,p3_category,semantic_variance
gen_0001,General Knowledge,0,0.0051,HIGH_CONSISTENCY_TRUE,0.0051
gen_0002,General Knowledge,1,0.017,CONSISTENT_HALLUCINATION,0.017
gen_0003,General Knowledge,0,0.0565,HIGH_CONSISTENCY_TRUE,0.0565
gen_0004,General Knowledge,1,0.4961,INCONSISTENT_HALLUCINATION,0.4961
gen_0005,General Knowledge,0,0.0001,HIGH_CONSISTENCY_TRUE,0.0001
gen_0006,General Knowledge,1,0.0575,CONSISTENT_HALLUCINATION,0.0575
gen_0007,General Knowledge,0,0.0523,HIGH_CONSISTENCY_TRUE,0.0523
gen_0008,General Knowledge,1,0.2696,INCONSISTENT_HALLUCINATION,0.2696
gen_0009,General Knowledge,0,0.0101,HIGH_CONSISTENCY_TRUE,0.0101
gen_0010,General Knowledge,1,0.0576,CONSISTENT_HALLUCINATION,0.0576
gen_0011,General Knowledge,0,0.2352,INCONSISTENT_TRUE,0.2352
gen_0012,General Knowledge,1,0.387,INCONSISTENT_HALLUCINATION,0.387
gen_0013,General Knowledge,0,0.0151,HIGH_CONSISTENCY_TRUE,0.0151
gen_0014,General Knowledge,1,0.02,CONSISTENT_HALLUCINATION,0.02
gen_0015,General Knowledge,0,0.0716,HIGH_CONSISTENCY_TRUE,0.0716
gen_0016,General Knowledge,1,0.4737,INCONSISTENT_HALLUCINATION,0.4737
gen_0017,General Knowledge,0,0.0001,HIGH_CONSISTENCY_TRUE,0.0001
gen_0018,General Knowledge,1,0.0968,CONSISTENT_HALLUCINATION,0.0968
gen_0019,General Knowledge,0,0.0869,HIGH_CONSISTENCY_TRUE,0.0869
gen_0020,General Knowledge,1,0.503,INCONSISTENT_HALLUCINATION,0.503
gen_0021,General Knowledge,0,0.0051,HIGH_CONSISTENCY_TRUE,0.0051
gen_0022,General Knowledge,1,0.0002,CONSISTENT_HALLUCINATION,0.0002
gen_0023,General Knowledge,0,0.1048,HIGH_CONSISTENCY_TRUE,0.1048
gen_0024,General Knowledge,1,0.3573,INCONSISTENT_HALLUCINATION,0.3573
gen_0025,General Knowledge,0,0.0001,HIGH_CONSISTENCY_TRUE,0.0001
gen_0026,General Knowledge,1,0.0466,CONSISTENT_HALLUCINATION,0.0466
gen_0027,General Knowledge,0,0.0923,HIGH_CONSISTENCY_TRUE,0.0923
gen_0028,General Knowledge,1,0.4691,INCONSISTENT_HALLUCINATION,0.4691
gen_0029,General Knowledge,0,0.0051,HIGH_CONSISTENCY_TRUE,0.0051
gen_0030,General Knowledge,1,0.0216,CONSISTENT_HALLUCINATION,0.0216
gen_0031,General Knowledge,0,0.06,HIGH_CONSISTENCY_TRUE,0.06
gen_0032,General Knowledge,1,0.3601,INCONSISTENT_HALLUCINATION,0.3601
gen_0033,General Knowledge,0,0.0001,HIGH_CONSISTENCY_TRUE,0.0001
gen_0034,General Knowledge,1,0.0295,CONSISTENT_HALLUCINATION,0.0295
gen_0035,General Knowledge,0,0.069,HIGH_CONSISTENCY_TRUE,0.069
gen_0036,General Knowledge,1,0.3733,INCONSISTENT_HALLUCINATION,0.3733
gen_0037,General Knowledge,0,0.0001,HIGH_CONSISTENCY_TRUE,0.0001
gen_0038,General Knowledge,1,0.0002,CONSISTENT_HALLUCINATION,0.0002
gen_0039,General Knowledge,0,0.0278,HIGH_CONSISTENCY_TRUE,0.0278
gen_0040,General Knowledge,1,0.4707,INCONSISTENT_HALLUCINATION,0.4707
gen_0041,General Knowledge,0,0.0051,HIGH_CONSISTENCY_TRUE,0.0051
gen_0042,General Knowledge,1,0.0353,CONSISTENT_HALLUCINATION,0.0353
gen_0043,General Knowledge,0,0.0537,HIGH_CONSISTENCY_TRUE,0.0537
gen_0044,General Knowledge,1,0.3273,INCONSISTENT_HALLUCINATION,0.3273
gen_0045,General Knowledge,0,0.0151,HIGH_CONSISTENCY_TRUE,0.0151
gen_0046,General Knowledge,1,0.0751,CONSISTENT_HALLUCINATION,0.0751
gen_0047,General Knowledge,0,0.0845,HIGH_CONSISTENCY_TRUE,0.0845
gen_0048,General Knowledge,1,0.2239,INCONSISTENT_HALLUCINATION,0.2239
gen_0049,General Knowledge,0,0.0001,HIGH_CONSISTENCY_TRUE,0.0001
gen_0050,General Knowledge,1,0.0402,CONSISTENT_HALLUCINATION,0.0402
med_0051,Medicine,0,0.0718,HIGH_CONSISTENCY_TRUE,0.0718
med_0052,Medicine,1,0.098,CONSISTENT_HALLUCINATION,0.098
med_0053,Medicine,0,0.0858,HIGH_CONSISTENCY_TRUE,0.0858
med_0054,Medicine,1,0.1682,CONSISTENT_HALLUCINATION,0.1682
med_0055,Medicine,0,0.0729,HIGH_CONSISTENCY_TRUE,0.0729
med_0056,Medicine,1,0.1337,CONSISTENT_HALLUCINATION,0.1337
med_0057,Medicine,0,0.1235,HIGH_CONSISTENCY_TRUE,0.1235
med_0058,Medicine,1,0.0568,CONSISTENT_HALLUCINATION,0.0568
med_0059,Medicine,0,0.1115,HIGH_CONSISTENCY_TRUE,0.1115
med_0060,Medicine,1,0.1085,CONSISTENT_HALLUCINATION,0.1085
med_0061,Medicine,0,0.1438,HIGH_CONSISTENCY_TRUE,0.1438
med_0062,Medicine,1,0.0541,CONSISTENT_HALLUCINATION,0.0541
med_0063,Medicine,0,0.1977,HIGH_CONSISTENCY_TRUE,0.1977
med_0064,Medicine,1,0.0889,CONSISTENT_HALLUCINATION,0.0889
med_0065,Medicine,0,0.1303,HIGH_CONSISTENCY_TRUE,0.1303
med_0066,Medicine,1,0.1928,CONSISTENT_HALLUCINATION,0.1928
med_0067,Medicine,0,0.0696,HIGH_CONSISTENCY_TRUE,0.0696
med_0068,Medicine,1,0.0951,CONSISTENT_HALLUCINATION,0.0951
med_0069,Medicine,0,0.0704,HIGH_CONSISTENCY_TRUE,0.0704
med_0070,Medicine,1,0.1625,CONSISTENT_HALLUCINATION,0.1625
med_0071,Medicine,0,0.3453,INCONSISTENT_TRUE,0.3453
med_0072,Medicine,1,0.226,INCONSISTENT_HALLUCINATION,0.226
med_0073,Medicine,0,0.0974,HIGH_CONSISTENCY_TRUE,0.0974
med_0074,Medicine,1,0.049,CONSISTENT_HALLUCINATION,0.049
med_0075,Medicine,0,0.0844,HIGH_CONSISTENCY_TRUE,0.0844
med_0076,Medicine,1,0.0967,CONSISTENT_HALLUCINATION,0.0967
med_0077,Medicine,0,0.072,HIGH_CONSISTENCY_TRUE,0.072
med_0078,Medicine,1,0.0276,CONSISTENT_HALLUCINATION,0.0276
med_0079,Medicine,0,0.1268,HIGH_CONSISTENCY_TRUE,0.1268
med_0080,Medicine,1,0.0853,CONSISTENT_HALLUCINATION,0.0853
med_0081,Medicine,0,0.0931,HIGH_CONSISTENCY_TRUE,0.0931
med_0082,Medicine,1,0.0678,CONSISTENT_HALLUCINATION,0.0678
med_0083,Medicine,0,0.0992,HIGH_CONSISTENCY_TRUE,0.0992
med_0084,Medicine,1,0.0778,CONSISTENT_HALLUCINATION,0.0778
med_0085,Medicine,0,0.1036,HIGH_CONSISTENCY_TRUE,0.1036
med_0086,Medicine,1,0.0459,CONSISTENT_HALLUCINATION,0.0459
med_0087,Medicine,0,0.1057,HIGH_CONSISTENCY_TRUE,0.1057
med_0088,Medicine,1,0.1145,CONSISTENT_HALLUCINATION,0.1145
med_0089,Medicine,0,0.1674,HIGH_CONSISTENCY_TRUE,0.1674
med_0090,Medicine,1,0.1417,CONSISTENT_HALLUCINATION,0.1417
med_0091,Medicine,0,0.1329,HIGH_CONSISTENCY_TRUE,0.1329
med_0092,Medicine,1,0.3165,INCONSISTENT_HALLUCINATION,0.3165
med_0093,Medicine,0,0.1239,HIGH_CONSISTENCY_TRUE,0.1239
med_0094,Medicine,1,0.3136,INCONSISTENT_HALLUCINATION,0.3136
med_0095,Medicine,0,0.1442,HIGH_CONSISTENCY_TRUE,0.1442
med_0096,Medicine,1,0.0864,CONSISTENT_HALLUCINATION,0.0864
med_0097,Medicine,0,0.1126,HIGH_CONSISTENCY_TRUE,0.1126
med_0098,Medicine,1,0.0404,CONSISTENT_HALLUCINATION,0.0404
med_0099,Medicine,0,0.105,HIGH_CONSISTENCY_TRUE,0.105
med_0100,Medicine,1,0.1128,CONSISTENT_HALLUCINATION,0.1128
law_0101,Law,0,0.0904,HIGH_CONSISTENCY_TRUE,0.0904
law_0102,Law,1,0.1609,CONSISTENT_HALLUCINATION,0.1609
law_0103,Law,0,0.0701,HIGH_CONSISTENCY_TRUE,0.0701
law_0104,Law,1,0.2709,INCONSISTENT_HALLUCINATION,0.2709
law_0105,Law,0,0.1035,HIGH_CONSISTENCY_TRUE,0.1035
law_0106,Law,1,0.2091,INCONSISTENT_HALLUCINATION,0.2091
law_0107,Law,0,0.1822,HIGH_CONSISTENCY_TRUE,0.1822
law_0108,Law,1,0.0556,CONSISTENT_HALLUCINATION,0.0556
law_0109,Law,0,0.212,INCONSISTENT_TRUE,0.212
law_0110,Law,1,0.2789,INCONSISTENT_HALLUCINATION,0.2789
law_0111,Law,0,0.0781,HIGH_CONSISTENCY_TRUE,0.0781
law_0112,Law,1,0.1987,CONSISTENT_HALLUCINATION,0.1987
law_0113,Law,0,0.1945,HIGH_CONSISTENCY_TRUE,0.1945
law_0114,Law,1,0.1741,CONSISTENT_HALLUCINATION,0.1741
law_0115,Law,0,0.1028,HIGH_CONSISTENCY_TRUE,0.1028
law_0116,Law,1,0.1469,CONSISTENT_HALLUCINATION,0.1469
law_0117,Law,0,0.1094,HIGH_CONSISTENCY_TRUE,0.1094
law_0118,Law,1,0.3759,INCONSISTENT_HALLUCINATION,0.3759
law_0119,Law,0,0.0723,HIGH_CONSISTENCY_TRUE,0.0723
law_0120,Law,1,0.0663,CONSISTENT_HALLUCINATION,0.0663
law_0121,Law,0,0.1042,HIGH_CONSISTENCY_TRUE,0.1042
law_0122,Law,1,0.2528,INCONSISTENT_HALLUCINATION,0.2528
law_0123,Law,0,0.0661,HIGH_CONSISTENCY_TRUE,0.0661
law_0124,Law,1,0.0607,CONSISTENT_HALLUCINATION,0.0607
law_0125,Law,0,0.1015,HIGH_CONSISTENCY_TRUE,0.1015
law_0126,Law,1,0.2875,INCONSISTENT_HALLUCINATION,0.2875
law_0127,Law,0,0.187,HIGH_CONSISTENCY_TRUE,0.187
law_0128,Law,1,0.0453,CONSISTENT_HALLUCINATION,0.0453
law_0129,Law,0,0.0683,HIGH_CONSISTENCY_TRUE,0.0683
law_0130,Law,1,0.242,INCONSISTENT_HALLUCINATION,0.242
law_0131,Law,0,0.0954,HIGH_CONSISTENCY_TRUE,0.0954
law_0132,Law,1,0.152,CONSISTENT_HALLUCINATION,0.152
law_0133,Law,0,0.3029,INCONSISTENT_TRUE,0.3029
law_0134,Law,1,0.2572,INCONSISTENT_HALLUCINATION,0.2572
law_0135,Law,0,0.0873,HIGH_CONSISTENCY_TRUE,0.0873
law_0136,Law,1,0.0393,CONSISTENT_HALLUCINATION,0.0393
law_0137,Law,0,0.1746,HIGH_CONSISTENCY_TRUE,0.1746
law_0138,Law,1,0.2425,INCONSISTENT_HALLUCINATION,0.2425
law_0139,Law,0,0.0678,HIGH_CONSISTENCY_TRUE,0.0678
law_0140,Law,1,0.158,CONSISTENT_HALLUCINATION,0.158
law_0141,Law,0,0.1021,HIGH_CONSISTENCY_TRUE,0.1021
law_0142,Law,1,0.4444,INCONSISTENT_HALLUCINATION,0.4444
law_0143,Law,0,0.0637,HIGH_CONSISTENCY_TRUE,0.0637
law_0144,Law,1,0.0586,CONSISTENT_HALLUCINATION,0.0586
law_0145,Law,0,0.0757,HIGH_CONSISTENCY_TRUE,0.0757
law_0146,Law,1,0.1812,CONSISTENT_HALLUCINATION,0.1812
law_0147,Law,0,0.1878,HIGH_CONSISTENCY_TRUE,0.1878
law_0148,Law,1,0.2639,INCONSISTENT_HALLUCINATION,0.2639
law_0149,Law,0,0.1771,HIGH_CONSISTENCY_TRUE,0.1771
law_0150,Law,1,0.2099,INCONSISTENT_HALLUCINATION,0.2099
fin_0151,Finance,0,0.0587,HIGH_CONSISTENCY_TRUE,0.0587
fin_0152,Finance,1,0.1007,CONSISTENT_HALLUCINATION,0.1007
fin_0153,Finance,0,0.0834,HIGH_CONSISTENCY_TRUE,0.0834
fin_0154,Finance,1,0.1749,CONSISTENT_HALLUCINATION,0.1749
fin_0155,Finance,0,0.0515,HIGH_CONSISTENCY_TRUE,0.0515
fin_0156,Finance,1,0.0692,CONSISTENT_HALLUCINATION,0.0692
fin_0157,Finance,0,0.0,HIGH_CONSISTENCY_TRUE,0.0
fin_0158,Finance,1,0.1093,CONSISTENT_HALLUCINATION,0.1093
fin_0159,Finance,0,0.1656,HIGH_CONSISTENCY_TRUE,0.1656
fin_0160,Finance,1,0.3136,INCONSISTENT_HALLUCINATION,0.3136
fin_0161,Finance,0,0.0833,HIGH_CONSISTENCY_TRUE,0.0833
fin_0162,Finance,1,0.1168,CONSISTENT_HALLUCINATION,0.1168
fin_0163,Finance,0,0.0858,HIGH_CONSISTENCY_TRUE,0.0858
fin_0164,Finance,1,0.4391,INCONSISTENT_HALLUCINATION,0.4391
fin_0165,Finance,0,0.0,HIGH_CONSISTENCY_TRUE,0.0
fin_0166,Finance,1,0.1303,CONSISTENT_HALLUCINATION,0.1303
fin_0167,Finance,0,0.1721,HIGH_CONSISTENCY_TRUE,0.1721
fin_0168,Finance,1,0.063,CONSISTENT_HALLUCINATION,0.063
fin_0169,Finance,0,0.0828,HIGH_CONSISTENCY_TRUE,0.0828
fin_0170,Finance,1,0.1224,CONSISTENT_HALLUCINATION,0.1224
fin_0171,Finance,0,0.0791,HIGH_CONSISTENCY_TRUE,0.0791
fin_0172,Finance,1,0.1021,CONSISTENT_HALLUCINATION,0.1021
fin_0173,Finance,0,0.0,HIGH_CONSISTENCY_TRUE,0.0
fin_0174,Finance,1,0.0994,CONSISTENT_HALLUCINATION,0.0994
fin_0175,Finance,0,0.0788,HIGH_CONSISTENCY_TRUE,0.0788
fin_0176,Finance,1,0.3004,INCONSISTENT_HALLUCINATION,0.3004
fin_0177,Finance,0,0.0,HIGH_CONSISTENCY_TRUE,0.0
fin_0178,Finance,1,0.1087,CONSISTENT_HALLUCINATION,0.1087
fin_0179,Finance,0,0.0819,HIGH_CONSISTENCY_TRUE,0.0819
fin_0180,Finance,1,0.3092,INCONSISTENT_HALLUCINATION,0.3092
fin_0181,Finance,0,0.0,HIGH_CONSISTENCY_TRUE,0.0
fin_0182,Finance,1,0.0736,CONSISTENT_HALLUCINATION,0.0736
fin_0183,Finance,0,0.0753,HIGH_CONSISTENCY_TRUE,0.0753
fin_0184,Finance,1,0.0715,CONSISTENT_HALLUCINATION,0.0715
fin_0185,Finance,0,0.042,HIGH_CONSISTENCY_TRUE,0.042
fin_0186,Finance,1,0.0999,CONSISTENT_HALLUCINATION,0.0999
fin_0187,Finance,0,0.0682,HIGH_CONSISTENCY_TRUE,0.0682
fin_0188,Finance,1,0.0923,CONSISTENT_HALLUCINATION,0.0923
fin_0189,Finance,0,0.0683,HIGH_CONSISTENCY_TRUE,0.0683
fin_0190,Finance,1,0.1344,CONSISTENT_HALLUCINATION,0.1344
fin_0191,Finance,0,0.154,HIGH_CONSISTENCY_TRUE,0.154
fin_0192,Finance,1,0.1098,CONSISTENT_HALLUCINATION,0.1098
fin_0193,Finance,0,0.0509,HIGH_CONSISTENCY_TRUE,0.0509
fin_0194,Finance,1,0.0946,CONSISTENT_HALLUCINATION,0.0946
fin_0195,Finance,0,0.1028,HIGH_CONSISTENCY_TRUE,0.1028
fin_0196,Finance,1,0.0532,CONSISTENT_HALLUCINATION,0.0532
fin_0197,Finance,0,0.0592,HIGH_CONSISTENCY_TRUE,0.0592
fin_0198,Finance,1,0.1148,CONSISTENT_HALLUCINATION,0.1148
fin_0199,Finance,0,0.0282,HIGH_CONSISTENCY_TRUE,0.0282
fin_0200,Finance,1,0.0873,CONSISTENT_HALLUCINATION,0.0873
his_0201,History,0,0.0003,HIGH_CONSISTENCY_TRUE,0.0003
his_0202,History,1,0.6486,INCONSISTENT_HALLUCINATION,0.6486
his_0203,History,0,0.2127,INCONSISTENT_TRUE,0.2127
his_0204,History,1,0.0498,CONSISTENT_HALLUCINATION,0.0498
his_0205,History,0,0.411,INCONSISTENT_TRUE,0.411
his_0206,History,1,0.2489,INCONSISTENT_HALLUCINATION,0.2489
his_0207,History,0,0.3937,INCONSISTENT_TRUE,0.3937
his_0208,History,1,0.0363,CONSISTENT_HALLUCINATION,0.0363
his_0209,History,0,0.4561,INCONSISTENT_TRUE,0.4561
his_0210,History,1,0.6069,INCONSISTENT_HALLUCINATION,0.6069
his_0211,History,0,0.3164,INCONSISTENT_TRUE,0.3164
his_0212,History,1,0.0806,CONSISTENT_HALLUCINATION,0.0806
his_0213,History,0,0.0474,HIGH_CONSISTENCY_TRUE,0.0474
his_0214,History,1,0.5903,INCONSISTENT_HALLUCINATION,0.5903
his_0215,History,0,0.1979,HIGH_CONSISTENCY_TRUE,0.1979
his_0216,History,1,0.0652,CONSISTENT_HALLUCINATION,0.0652
his_0217,History,0,0.0003,HIGH_CONSISTENCY_TRUE,0.0003
his_0218,History,1,0.1091,CONSISTENT_HALLUCINATION,0.1091
his_0219,History,0,0.4355,INCONSISTENT_TRUE,0.4355
his_0220,History,1,0.0562,CONSISTENT_HALLUCINATION,0.0562
his_0221,History,0,0.0003,HIGH_CONSISTENCY_TRUE,0.0003
his_0222,History,1,0.1059,CONSISTENT_HALLUCINATION,0.1059
his_0223,History,0,0.504,INCONSISTENT_TRUE,0.504
his_0224,History,1,0.0889,CONSISTENT_HALLUCINATION,0.0889
his_0225,History,0,0.084,HIGH_CONSISTENCY_TRUE,0.084
his_0226,History,1,0.2542,INCONSISTENT_HALLUCINATION,0.2542
his_0227,History,0,0.2817,INCONSISTENT_TRUE,0.2817
his_0228,History,1,0.036,CONSISTENT_HALLUCINATION,0.036
his_0229,History,0,0.0179,HIGH_CONSISTENCY_TRUE,0.0179
his_0230,History,1,0.112,CONSISTENT_HALLUCINATION,0.112
his_0231,History,0,0.4139,INCONSISTENT_TRUE,0.4139
his_0232,History,1,0.0656,CONSISTENT_HALLUCINATION,0.0656
his_0233,History,0,0.0564,HIGH_CONSISTENCY_TRUE,0.0564
his_0234,History,1,0.2061,INCONSISTENT_HALLUCINATION,0.2061
his_0235,History,0,0.0809,HIGH_CONSISTENCY_TRUE,0.0809
his_0236,History,1,0.0336,CONSISTENT_HALLUCINATION,0.0336
his_0237,History,0,0.1928,HIGH_CONSISTENCY_TRUE,0.1928
his_0238,History,1,0.603,INCONSISTENT_HALLUCINATION,0.603
his_0239,History,0,0.0767,HIGH_CONSISTENCY_TRUE,0.0767
his_0240,History,1,0.0511,CONSISTENT_HALLUCINATION,0.0511
his_0241,History,0,0.4122,INCONSISTENT_TRUE,0.4122
his_0242,History,1,0.8325,INCONSISTENT_HALLUCINATION,0.8325
his_0243,History,0,0.0694,HIGH_CONSISTENCY_TRUE,0.0694
his_0244,History,1,0.0878,CONSISTENT_HALLUCINATION,0.0878
his_0245,History,0,0.1329,HIGH_CONSISTENCY_TRUE,0.1329
his_0246,History,1,0.2888,INCONSISTENT_HALLUCINATION,0.2888
his_0247,History,0,0.0802,HIGH_CONSISTENCY_TRUE,0.0802
his_0248,History,1,0.066,CONSISTENT_HALLUCINATION,0.066
his_0249,History,0,0.0834,HIGH_CONSISTENCY_TRUE,0.0834
his_0250,History,1,0.2141,INCONSISTENT_HALLUCINATION,0.2141
sci_0251,Science,0,0.3243,INCONSISTENT_TRUE,0.3243
sci_0252,Science,1,0.1795,CONSISTENT_HALLUCINATION,0.1795
sci_0253,Science,0,0.0697,HIGH_CONSISTENCY_TRUE,0.0697
sci_0254,Science,1,0.0389,CONSISTENT_HALLUCINATION,0.0389
sci_0255,Science,0,0.1952,HIGH_CONSISTENCY_TRUE,0.1952
sci_0256,Science,1,0.422,INCONSISTENT_HALLUCINATION,0.422
sci_0257,Science,0,0.0839,HIGH_CONSISTENCY_TRUE,0.0839
sci_0258,Science,1,0.0429,CONSISTENT_HALLUCINATION,0.0429
sci_0259,Science,0,0.1865,HIGH_CONSISTENCY_TRUE,0.1865
sci_0260,Science,1,0.0388,CONSISTENT_HALLUCINATION,0.0388
sci_0261,Science,0,0.0922,HIGH_CONSISTENCY_TRUE,0.0922
sci_0262,Science,1,0.1307,CONSISTENT_HALLUCINATION,0.1307
sci_0263,Science,0,0.3493,INCONSISTENT_TRUE,0.3493
sci_0264,Science,1,0.4415,INCONSISTENT_HALLUCINATION,0.4415
sci_0265,Science,0,0.0533,HIGH_CONSISTENCY_TRUE,0.0533
sci_0266,Science,1,0.0168,CONSISTENT_HALLUCINATION,0.0168
sci_0267,Science,0,0.0596,HIGH_CONSISTENCY_TRUE,0.0596
sci_0268,Science,1,0.0876,CONSISTENT_HALLUCINATION,0.0876
sci_0269,Science,0,0.0697,HIGH_CONSISTENCY_TRUE,0.0697
sci_0270,Science,1,0.1848,CONSISTENT_HALLUCINATION,0.1848
sci_0271,Science,0,0.2525,INCONSISTENT_TRUE,0.2525
sci_0272,Science,1,0.0786,CONSISTENT_HALLUCINATION,0.0786
sci_0273,Science,0,0.0519,HIGH_CONSISTENCY_TRUE,0.0519
sci_0274,Science,1,0.141,CONSISTENT_HALLUCINATION,0.141
sci_0275,Science,0,0.302,INCONSISTENT_TRUE,0.302
sci_0276,Science,1,0.2776,INCONSISTENT_HALLUCINATION,0.2776
sci_0277,Science,0,0.057,HIGH_CONSISTENCY_TRUE,0.057
sci_0278,Science,1,0.084,CONSISTENT_HALLUCINATION,0.084
sci_0279,Science,0,0.1616,HIGH_CONSISTENCY_TRUE,0.1616
sci_0280,Science,1,0.4742,INCONSISTENT_HALLUCINATION,0.4742
sci_0281,Science,0,0.0402,HIGH_CONSISTENCY_TRUE,0.0402
sci_0282,Science,1,0.0037,CONSISTENT_HALLUCINATION,0.0037
sci_0283,Science,0,0.1856,HIGH_CONSISTENCY_TRUE,0.1856
sci_0284,Science,1,0.086,CONSISTENT_HALLUCINATION,0.086
sci_0285,Science,0,0.0698,HIGH_CONSISTENCY_TRUE,0.0698
sci_0286,Science,1,0.0038,CONSISTENT_HALLUCINATION,0.0038
sci_0287,Science,0,0.3093,INCONSISTENT_TRUE,0.3093
sci_0288,Science,1,0.0874,CONSISTENT_HALLUCINATION,0.0874
sci_0289,Science,0,0.0539,HIGH_CONSISTENCY_TRUE,0.0539
sci_0290,Science,1,0.0486,CONSISTENT_HALLUCINATION,0.0486
sci_0291,Science,0,0.0412,HIGH_CONSISTENCY_TRUE,0.0412
sci_0292,Science,1,0.2149,INCONSISTENT_HALLUCINATION,0.2149
sci_0293,Science,0,0.0561,HIGH_CONSISTENCY_TRUE,0.0561
sci_0294,Science,1,0.0022,CONSISTENT_HALLUCINATION,0.0022
sci_0295,Science,0,0.3159,INCONSISTENT_TRUE,0.3159
sci_0296,Science,1,0.1734,CONSISTENT_HALLUCINATION,0.1734
sci_0297,Science,0,0.0636,HIGH_CONSISTENCY_TRUE,0.0636
sci_0298,Science,1,0.0067,CONSISTENT_HALLUCINATION,0.0067
sci_0299,Science,0,0.3405,INCONSISTENT_TRUE,0.3405
sci_0300,Science,1,0.3009,INCONSISTENT_HALLUCINATION,0.3009
com_0301,Computer Science,0,0.0906,HIGH_CONSISTENCY_TRUE,0.0906
com_0302,Computer Science,1,0.0,CONSISTENT_HALLUCINATION,0.0
com_0303,Computer Science,0,0.0999,HIGH_CONSISTENCY_TRUE,0.0999
com_0304,Computer Science,1,0.2053,INCONSISTENT_HALLUCINATION,0.2053
com_0305,Computer Science,0,0.1505,HIGH_CONSISTENCY_TRUE,0.1505
com_0306,Computer Science,1,0.0,CONSISTENT_HALLUCINATION,0.0
com_0307,Computer Science,0,0.081,HIGH_CONSISTENCY_TRUE,0.081
com_0308,Computer Science,1,0.1148,CONSISTENT_HALLUCINATION,0.1148
com_0309,Computer Science,0,0.1647,HIGH_CONSISTENCY_TRUE,0.1647
com_0310,Computer Science,1,0.0,CONSISTENT_HALLUCINATION,0.0
com_0311,Computer Science,0,0.1133,HIGH_CONSISTENCY_TRUE,0.1133
com_0312,Computer Science,1,0.3537,INCONSISTENT_HALLUCINATION,0.3537
com_0313,Computer Science,0,0.1968,HIGH_CONSISTENCY_TRUE,0.1968
com_0314,Computer Science,1,0.0,CONSISTENT_HALLUCINATION,0.0
com_0315,Computer Science,0,0.1344,HIGH_CONSISTENCY_TRUE,0.1344
com_0316,Computer Science,1,0.188,CONSISTENT_HALLUCINATION,0.188
com_0317,Computer Science,0,0.0966,HIGH_CONSISTENCY_TRUE,0.0966
com_0318,Computer Science,1,0.1514,CONSISTENT_HALLUCINATION,0.1514
com_0319,Computer Science,0,0.1498,HIGH_CONSISTENCY_TRUE,0.1498
com_0320,Computer Science,1,0.452,INCONSISTENT_HALLUCINATION,0.452
com_0321,Computer Science,0,0.1273,HIGH_CONSISTENCY_TRUE,0.1273
com_0322,Computer Science,1,0.0,CONSISTENT_HALLUCINATION,0.0
com_0323,Computer Science,0,0.1381,HIGH_CONSISTENCY_TRUE,0.1381
com_0324,Computer Science,1,0.2689,INCONSISTENT_HALLUCINATION,0.2689
com_0325,Computer Science,0,0.1228,HIGH_CONSISTENCY_TRUE,0.1228
com_0326,Computer Science,1,0.1457,CONSISTENT_HALLUCINATION,0.1457
com_0327,Computer Science,0,0.273,INCONSISTENT_TRUE,0.273
com_0328,Computer Science,1,0.4498,INCONSISTENT_HALLUCINATION,0.4498
com_0329,Computer Science,0,0.0711,HIGH_CONSISTENCY_TRUE,0.0711
com_0330,Computer Science,1,0.0654,CONSISTENT_HALLUCINATION,0.0654
com_0331,Computer Science,0,0.0979,HIGH_CONSISTENCY_TRUE,0.0979
com_0332,Computer Science,1,0.4069,INCONSISTENT_HALLUCINATION,0.4069
com_0333,Computer Science,0,0.1102,HIGH_CONSISTENCY_TRUE,0.1102
com_0334,Computer Science,1,0.0,CONSISTENT_HALLUCINATION,0.0
com_0335,Computer Science,0,0.0724,HIGH_CONSISTENCY_TRUE,0.0724
com_0336,Computer Science,1,0.3923,INCONSISTENT_HALLUCINATION,0.3923
com_0337,Computer Science,0,0.0374,HIGH_CONSISTENCY_TRUE,0.0374
com_0338,Computer Science,1,0.0,CONSISTENT_HALLUCINATION,0.0
com_0339,Computer Science,0,0.1118,HIGH_CONSISTENCY_TRUE,0.1118
com_0340,Computer Science,1,0.4507,INCONSISTENT_HALLUCINATION,0.4507
com_0341,Computer Science,0,0.0858,HIGH_CONSISTENCY_TRUE,0.0858
com_0342,Computer Science,1,0.2724,INCONSISTENT_HALLUCINATION,0.2724
com_0343,Computer Science,0,0.0568,HIGH_CONSISTENCY_TRUE,0.0568
com_0344,Computer Science,1,0.196,CONSISTENT_HALLUCINATION,0.196
com_0345,Computer Science,0,0.1689,HIGH_CONSISTENCY_TRUE,0.1689
com_0346,Computer Science,1,0.2596,INCONSISTENT_HALLUCINATION,0.2596
com_0347,Computer Science,0,0.0,HIGH_CONSISTENCY_TRUE,0.0
com_0348,Computer Science,1,0.2224,INCONSISTENT_HALLUCINATION,0.2224
com_0349,Computer Science,0,0.0818,HIGH_CONSISTENCY_TRUE,0.0818
com_0350,Computer Science,1,0.0,CONSISTENT_HALLUCINATION,0.0
phy_0351,Physics,0,0.1091,HIGH_CONSISTENCY_TRUE,0.1091
phy_0352,Physics,1,0.0931,CONSISTENT_HALLUCINATION,0.0931
phy_0353,Physics,0,0.142,HIGH_CONSISTENCY_TRUE,0.142
phy_0354,Physics,1,0.1063,CONSISTENT_HALLUCINATION,0.1063
phy_0355,Physics,0,0.0653,HIGH_CONSISTENCY_TRUE,0.0653
phy_0356,Physics,1,0.2255,INCONSISTENT_HALLUCINATION,0.2255
phy_0357,Physics,0,0.2975,INCONSISTENT_TRUE,0.2975
phy_0358,Physics,1,0.117,CONSISTENT_HALLUCINATION,0.117
phy_0359,Physics,0,0.1086,HIGH_CONSISTENCY_TRUE,0.1086
phy_0360,Physics,1,0.0795,CONSISTENT_HALLUCINATION,0.0795
phy_0361,Physics,0,0.3188,INCONSISTENT_TRUE,0.3188
phy_0362,Physics,1,0.0697,CONSISTENT_HALLUCINATION,0.0697
phy_0363,Physics,0,0.1334,HIGH_CONSISTENCY_TRUE,0.1334
phy_0364,Physics,1,0.0656,CONSISTENT_HALLUCINATION,0.0656
phy_0365,Physics,0,0.2119,INCONSISTENT_TRUE,0.2119
phy_0366,Physics,1,0.259,INCONSISTENT_HALLUCINATION,0.259
phy_0367,Physics,0,0.0996,HIGH_CONSISTENCY_TRUE,0.0996
phy_0368,Physics,1,0.0443,CONSISTENT_HALLUCINATION,0.0443
phy_0369,Physics,0,0.1949,HIGH_CONSISTENCY_TRUE,0.1949
phy_0370,Physics,1,0.4462,INCONSISTENT_HALLUCINATION,0.4462
phy_0371,Physics,0,0.0947,HIGH_CONSISTENCY_TRUE,0.0947
phy_0372,Physics,1,0.1833,CONSISTENT_HALLUCINATION,0.1833
phy_0373,Physics,0,0.3282,INCONSISTENT_TRUE,0.3282
phy_0374,Physics,1,0.0883,CONSISTENT_HALLUCINATION,0.0883
phy_0375,Physics,0,0.1152,HIGH_CONSISTENCY_TRUE,0.1152
phy_0376,Physics,1,0.0558,CONSISTENT_HALLUCINATION,0.0558
phy_0377,Physics,0,0.3081,INCONSISTENT_TRUE,0.3081
phy_0378,Physics,1,0.3445,INCONSISTENT_HALLUCINATION,0.3445
phy_0379,Physics,0,0.1299,HIGH_CONSISTENCY_TRUE,0.1299
phy_0380,Physics,1,0.0444,CONSISTENT_HALLUCINATION,0.0444
phy_0381,Physics,0,0.351,INCONSISTENT_TRUE,0.351
phy_0382,Physics,1,0.1384,CONSISTENT_HALLUCINATION,0.1384
phy_0383,Physics,0,0.0756,HIGH_CONSISTENCY_TRUE,0.0756
phy_0384,Physics,1,0.0672,CONSISTENT_HALLUCINATION,0.0672
phy_0385,Physics,0,0.3238,INCONSISTENT_TRUE,0.3238
phy_0386,Physics,1,0.3349,INCONSISTENT_HALLUCINATION,0.3349
phy_0387,Physics,0,0.1405,HIGH_CONSISTENCY_TRUE,0.1405
phy_0388,Physics,1,0.0604,CONSISTENT_HALLUCINATION,0.0604
phy_0389,Physics,0,0.1798,HIGH_CONSISTENCY_TRUE,0.1798
phy_0390,Physics,1,0.4811,INCONSISTENT_HALLUCINATION,0.4811
phy_0391,Physics,0,0.0426,HIGH_CONSISTENCY_TRUE,0.0426
phy_0392,Physics,1,0.0772,CONSISTENT_HALLUCINATION,0.0772
phy_0393,Physics,0,0.2162,INCONSISTENT_TRUE,0.2162
phy_0394,Physics,1,0.2648,INCONSISTENT_HALLUCINATION,0.2648
phy_0395,Physics,0,0.1224,HIGH_CONSISTENCY_TRUE,0.1224
phy_0396,Physics,1,0.1809,CONSISTENT_HALLUCINATION,0.1809
phy_0397,Physics,0,0.27,INCONSISTENT_TRUE,0.27
phy_0398,Physics,1,0.3196,INCONSISTENT_HALLUCINATION,0.3196
phy_0399,Physics,0,0.0777,HIGH_CONSISTENCY_TRUE,0.0777
phy_0400,Physics,1,0.1955,CONSISTENT_HALLUCINATION,0.1955
bio_0401,Biology,0,0.0467,HIGH_CONSISTENCY_TRUE,0.0467
bio_0402,Biology,1,0.0958,CONSISTENT_HALLUCINATION,0.0958
bio_0403,Biology,0,0.0889,HIGH_CONSISTENCY_TRUE,0.0889
bio_0404,Biology,1,0.0928,CONSISTENT_HALLUCINATION,0.0928
bio_0405,Biology,0,0.0691,HIGH_CONSISTENCY_TRUE,0.0691
bio_0406,Biology,1,0.1035,CONSISTENT_HALLUCINATION,0.1035
bio_0407,Biology,0,0.0881,HIGH_CONSISTENCY_TRUE,0.0881
bio_0408,Biology,1,0.1051,CONSISTENT_HALLUCINATION,0.1051
bio_0409,Biology,0,0.0191,HIGH_CONSISTENCY_TRUE,0.0191
bio_0410,Biology,1,0.106,CONSISTENT_HALLUCINATION,0.106
bio_0411,Biology,0,0.0962,HIGH_CONSISTENCY_TRUE,0.0962
bio_0412,Biology,1,0.1188,CONSISTENT_HALLUCINATION,0.1188
bio_0413,Biology,0,0.0883,HIGH_CONSISTENCY_TRUE,0.0883
bio_0414,Biology,1,0.0922,CONSISTENT_HALLUCINATION,0.0922
bio_0415,Biology,0,0.0944,HIGH_CONSISTENCY_TRUE,0.0944
bio_0416,Biology,1,0.1037,CONSISTENT_HALLUCINATION,0.1037
bio_0417,Biology,0,0.0613,HIGH_CONSISTENCY_TRUE,0.0613
bio_0418,Biology,1,0.1284,CONSISTENT_HALLUCINATION,0.1284
bio_0419,Biology,0,0.1202,HIGH_CONSISTENCY_TRUE,0.1202
bio_0420,Biology,1,0.3026,INCONSISTENT_HALLUCINATION,0.3026
bio_0421,Biology,0,0.0199,HIGH_CONSISTENCY_TRUE,0.0199
bio_0422,Biology,1,0.1036,CONSISTENT_HALLUCINATION,0.1036
bio_0423,Biology,0,0.1193,HIGH_CONSISTENCY_TRUE,0.1193
bio_0424,Biology,1,0.2743,INCONSISTENT_HALLUCINATION,0.2743
bio_0425,Biology,0,0.0502,HIGH_CONSISTENCY_TRUE,0.0502
bio_0426,Biology,1,0.0845,CONSISTENT_HALLUCINATION,0.0845
bio_0427,Biology,0,0.0873,HIGH_CONSISTENCY_TRUE,0.0873
bio_0428,Biology,1,0.0984,CONSISTENT_HALLUCINATION,0.0984
bio_0429,Biology,0,0.0643,HIGH_CONSISTENCY_TRUE,0.0643
bio_0430,Biology,1,0.0942,CONSISTENT_HALLUCINATION,0.0942
bio_0431,Biology,0,0.0968,HIGH_CONSISTENCY_TRUE,0.0968
bio_0432,Biology,1,0.1728,CONSISTENT_HALLUCINATION,0.1728
bio_0433,Biology,0,0.0757,HIGH_CONSISTENCY_TRUE,0.0757
bio_0434,Biology,1,0.0947,CONSISTENT_HALLUCINATION,0.0947
bio_0435,Biology,0,0.1436,HIGH_CONSISTENCY_TRUE,0.1436
bio_0436,Biology,1,0.0,CONSISTENT_HALLUCINATION,0.0
bio_0437,Biology,0,0.0747,HIGH_CONSISTENCY_TRUE,0.0747
bio_0438,Biology,1,0.113,CONSISTENT_HALLUCINATION,0.113
bio_0439,Biology,0,0.1134,HIGH_CONSISTENCY_TRUE,0.1134
bio_0440,Biology,1,0.3112,INCONSISTENT_HALLUCINATION,0.3112
bio_0441,Biology,0,0.0596,HIGH_CONSISTENCY_TRUE,0.0596
bio_0442,Biology,1,0.1165,CONSISTENT_HALLUCINATION,0.1165
bio_0443,Biology,0,0.138,HIGH_CONSISTENCY_TRUE,0.138
bio_0444,Biology,1,0.2168,INCONSISTENT_HALLUCINATION,0.2168
bio_0445,Biology,0,0.0615,HIGH_CONSISTENCY_TRUE,0.0615
bio_0446,Biology,1,0.1133,CONSISTENT_HALLUCINATION,0.1133
bio_0447,Biology,0,0.1134,HIGH_CONSISTENCY_TRUE,0.1134
bio_0448,Biology,1,0.0973,CONSISTENT_HALLUCINATION,0.0973
bio_0449,Biology,0,0.0403,HIGH_CONSISTENCY_TRUE,0.0403
bio_0450,Biology,1,0.0742,CONSISTENT_HALLUCINATION,0.0742
che_0451,Chemistry,0,0.0975,HIGH_CONSISTENCY_TRUE,0.0975
che_0452,Chemistry,1,0.2029,INCONSISTENT_HALLUCINATION,0.2029
che_0453,Chemistry,0,0.4968,INCONSISTENT_TRUE,0.4968
che_0454,Chemistry,1,0.212,INCONSISTENT_HALLUCINATION,0.212
che_0455,Chemistry,0,0.1117,HIGH_CONSISTENCY_TRUE,0.1117
che_0456,Chemistry,1,0.1734,CONSISTENT_HALLUCINATION,0.1734
che_0457,Chemistry,0,0.0412,HIGH_CONSISTENCY_TRUE,0.0412
che_0458,Chemistry,1,0.4058,INCONSISTENT_HALLUCINATION,0.4058
che_0459,Chemistry,0,0.1763,HIGH_CONSISTENCY_TRUE,0.1763
che_0460,Chemistry,1,0.0594,CONSISTENT_HALLUCINATION,0.0594
che_0461,Chemistry,0,0.3461,INCONSISTENT_TRUE,0.3461
che_0462,Chemistry,1,0.1678,CONSISTENT_HALLUCINATION,0.1678
che_0463,Chemistry,0,0.2532,INCONSISTENT_TRUE,0.2532
che_0464,Chemistry,1,0.0623,CONSISTENT_HALLUCINATION,0.0623
che_0465,Chemistry,0,0.4257,INCONSISTENT_TRUE,0.4257
che_0466,Chemistry,1,0.0698,CONSISTENT_HALLUCINATION,0.0698
che_0467,Chemistry,0,0.1395,HIGH_CONSISTENCY_TRUE,0.1395
che_0468,Chemistry,1,0.221,INCONSISTENT_HALLUCINATION,0.221
che_0469,Chemistry,0,0.1991,HIGH_CONSISTENCY_TRUE,0.1991
che_0470,Chemistry,1,0.0377,CONSISTENT_HALLUCINATION,0.0377
che_0471,Chemistry,0,0.1083,HIGH_CONSISTENCY_TRUE,0.1083
che_0472,Chemistry,1,0.049,CONSISTENT_HALLUCINATION,0.049
che_0473,Chemistry,0,0.0357,HIGH_CONSISTENCY_TRUE,0.0357
che_0474,Chemistry,1,0.2067,INCONSISTENT_HALLUCINATION,0.2067
che_0475,Chemistry,0,0.1401,HIGH_CONSISTENCY_TRUE,0.1401
che_0476,Chemistry,1,0.0778,CONSISTENT_HALLUCINATION,0.0778
che_0477,Chemistry,0,0.2699,INCONSISTENT_TRUE,0.2699
che_0478,Chemistry,1,0.0434,CONSISTENT_HALLUCINATION,0.0434
che_0479,Chemistry,0,0.2074,INCONSISTENT_TRUE,0.2074
che_0480,Chemistry,1,0.1708,CONSISTENT_HALLUCINATION,0.1708
che_0481,Chemistry,0,0.0806,HIGH_CONSISTENCY_TRUE,0.0806
che_0482,Chemistry,1,0.0523,CONSISTENT_HALLUCINATION,0.0523
che_0483,Chemistry,0,0.1492,HIGH_CONSISTENCY_TRUE,0.1492
che_0484,Chemistry,1,0.0942,CONSISTENT_HALLUCINATION,0.0942
che_0485,Chemistry,0,0.0361,HIGH_CONSISTENCY_TRUE,0.0361
che_0486,Chemistry,1,0.1661,CONSISTENT_HALLUCINATION,0.1661
che_0487,Chemistry,0,0.186,HIGH_CONSISTENCY_TRUE,0.186
che_0488,Chemistry,1,0.2136,INCONSISTENT_HALLUCINATION,0.2136
che_0489,Chemistry,0,0.0142,HIGH_CONSISTENCY_TRUE,0.0142
che_0490,Chemistry,1,0.3896,INCONSISTENT_HALLUCINATION,0.3896
che_0491,Chemistry,0,0.1606,HIGH_CONSISTENCY_TRUE,0.1606
che_0492,Chemistry,1,0.2487,INCONSISTENT_HALLUCINATION,0.2487
che_0493,Chemistry,0,0.0285,HIGH_CONSISTENCY_TRUE,0.0285
che_0494,Chemistry,1,0.0634,CONSISTENT_HALLUCINATION,0.0634
che_0495,Chemistry,0,0.1301,HIGH_CONSISTENCY_TRUE,0.1301
che_0496,Chemistry,1,0.2821,INCONSISTENT_HALLUCINATION,0.2821
che_0497,Chemistry,0,0.0069,HIGH_CONSISTENCY_TRUE,0.0069
che_0498,Chemistry,1,0.1862,CONSISTENT_HALLUCINATION,0.1862
che_0499,Chemistry,0,0.1207,HIGH_CONSISTENCY_TRUE,0.1207
che_0500,Chemistry,1,0.1813,CONSISTENT_HALLUCINATION,0.1813
new_0501,News,0,0.068,HIGH_CONSISTENCY_TRUE,0.068
new_0502,News,1,0.0917,CONSISTENT_HALLUCINATION,0.0917
new_0503,News,0,0.0465,HIGH_CONSISTENCY_TRUE,0.0465
new_0504,News,1,0.0856,CONSISTENT_HALLUCINATION,0.0856
new_0505,News,0,0.0848,HIGH_CONSISTENCY_TRUE,0.0848
new_0506,News,1,0.0736,CONSISTENT_HALLUCINATION,0.0736
new_0507,News,0,0.0528,HIGH_CONSISTENCY_TRUE,0.0528
new_0508,News,1,0.0742,CONSISTENT_HALLUCINATION,0.0742
new_0509,News,0,0.1203,HIGH_CONSISTENCY_TRUE,0.1203
new_0510,News,1,0.0607,CONSISTENT_HALLUCINATION,0.0607
new_0511,News,0,0.0678,HIGH_CONSISTENCY_TRUE,0.0678
new_0512,News,1,0.0863,CONSISTENT_HALLUCINATION,0.0863
new_0513,News,0,0.0852,HIGH_CONSISTENCY_TRUE,0.0852
new_0514,News,1,0.1205,CONSISTENT_HALLUCINATION,0.1205
new_0515,News,0,0.0642,HIGH_CONSISTENCY_TRUE,0.0642
new_0516,News,1,0.0688,CONSISTENT_HALLUCINATION,0.0688
new_0517,News,0,0.0916,HIGH_CONSISTENCY_TRUE,0.0916
new_0518,News,1,0.2489,INCONSISTENT_HALLUCINATION,0.2489
new_0519,News,0,0.08,HIGH_CONSISTENCY_TRUE,0.08
new_0520,News,1,0.0755,CONSISTENT_HALLUCINATION,0.0755
new_0521,News,0,0.0988,HIGH_CONSISTENCY_TRUE,0.0988
new_0522,News,1,0.0937,CONSISTENT_HALLUCINATION,0.0937
new_0523,News,0,0.0811,HIGH_CONSISTENCY_TRUE,0.0811
new_0524,News,1,0.0904,CONSISTENT_HALLUCINATION,0.0904
new_0525,News,0,0.0655,HIGH_CONSISTENCY_TRUE,0.0655
new_0526,News,1,0.1112,CONSISTENT_HALLUCINATION,0.1112
new_0527,News,0,0.0815,HIGH_CONSISTENCY_TRUE,0.0815
new_0528,News,1,0.0768,CONSISTENT_HALLUCINATION,0.0768
new_0529,News,0,0.0652,HIGH_CONSISTENCY_TRUE,0.0652
new_0530,News,1,0.1127,CONSISTENT_HALLUCINATION,0.1127
new_0531,News,0,0.0735,HIGH_CONSISTENCY_TRUE,0.0735
new_0532,News,1,0.0581,CONSISTENT_HALLUCINATION,0.0581
new_0533,News,0,0.0696,HIGH_CONSISTENCY_TRUE,0.0696
new_0534,News,1,0.0693,CONSISTENT_HALLUCINATION,0.0693
new_0535,News,0,0.0622,HIGH_CONSISTENCY_TRUE,0.0622
new_0536,News,1,0.0978,CONSISTENT_HALLUCINATION,0.0978
new_0537,News,0,0.0742,HIGH_CONSISTENCY_TRUE,0.0742
new_0538,News,1,0.054,CONSISTENT_HALLUCINATION,0.054
new_0539,News,0,0.0927,HIGH_CONSISTENCY_TRUE,0.0927
new_0540,News,1,0.1016,CONSISTENT_HALLUCINATION,0.1016
new_0541,News,0,0.0782,HIGH_CONSISTENCY_TRUE,0.0782
new_0542,News,1,0.0476,CONSISTENT_HALLUCINATION,0.0476
new_0543,News,0,0.0568,HIGH_CONSISTENCY_TRUE,0.0568
new_0544,News,1,0.0766,CONSISTENT_HALLUCINATION,0.0766
new_0545,News,0,0.1623,HIGH_CONSISTENCY_TRUE,0.1623
new_0546,News,1,0.0824,CONSISTENT_HALLUCINATION,0.0824
new_0547,News,0,0.0,HIGH_CONSISTENCY_TRUE,0.0
new_0548,News,1,0.0804,CONSISTENT_HALLUCINATION,0.0804
new_0549,News,0,0.1139,HIGH_CONSISTENCY_TRUE,0.1139
new_0550,News,1,0.0676,CONSISTENT_HALLUCINATION,0.0676
mat_0551,Mathematics,0,0.4304,INCONSISTENT_TRUE,0.4304
mat_0552,Mathematics,1,0.0,CONSISTENT_HALLUCINATION,0.0
mat_0553,Mathematics,0,0.1363,HIGH_CONSISTENCY_TRUE,0.1363
mat_0554,Mathematics,1,0.2069,INCONSISTENT_HALLUCINATION,0.2069
mat_0555,Mathematics,0,0.2073,INCONSISTENT_TRUE,0.2073
mat_0556,Mathematics,1,0.0,CONSISTENT_HALLUCINATION,0.0
mat_0557,Mathematics,0,0.161,HIGH_CONSISTENCY_TRUE,0.161
mat_0558,Mathematics,1,0.1837,CONSISTENT_HALLUCINATION,0.1837
mat_0559,Mathematics,0,0.2284,INCONSISTENT_TRUE,0.2284
mat_0560,Mathematics,1,0.0,CONSISTENT_HALLUCINATION,0.0
mat_0561,Mathematics,0,0.0876,HIGH_CONSISTENCY_TRUE,0.0876
mat_0562,Mathematics,1,0.0622,CONSISTENT_HALLUCINATION,0.0622
mat_0563,Mathematics,0,0.1454,HIGH_CONSISTENCY_TRUE,0.1454
mat_0564,Mathematics,1,0.0,CONSISTENT_HALLUCINATION,0.0
mat_0565,Mathematics,0,0.1009,HIGH_CONSISTENCY_TRUE,0.1009
mat_0566,Mathematics,1,0.0708,CONSISTENT_HALLUCINATION,0.0708
mat_0567,Mathematics,0,0.0616,HIGH_CONSISTENCY_TRUE,0.0616
mat_0568,Mathematics,1,0.2479,INCONSISTENT_HALLUCINATION,0.2479
mat_0569,Mathematics,0,0.107,HIGH_CONSISTENCY_TRUE,0.107
mat_0570,Mathematics,1,0.0302,CONSISTENT_HALLUCINATION,0.0302
mat_0571,Mathematics,0,0.106,HIGH_CONSISTENCY_TRUE,0.106
mat_0572,Mathematics,1,0.33,INCONSISTENT_HALLUCINATION,0.33
mat_0573,Mathematics,0,0.1403,HIGH_CONSISTENCY_TRUE,0.1403
mat_0574,Mathematics,1,0.0306,CONSISTENT_HALLUCINATION,0.0306
mat_0575,Mathematics,0,0.161,HIGH_CONSISTENCY_TRUE,0.161
mat_0576,Mathematics,1,0.0,CONSISTENT_HALLUCINATION,0.0
mat_0577,Mathematics,0,0.1085,HIGH_CONSISTENCY_TRUE,0.1085
mat_0578,Mathematics,1,0.0911,CONSISTENT_HALLUCINATION,0.0911
mat_0579,Mathematics,0,0.0641,HIGH_CONSISTENCY_TRUE,0.0641
mat_0580,Mathematics,1,0.1237,CONSISTENT_HALLUCINATION,0.1237
mat_0581,Mathematics,0,0.0558,HIGH_CONSISTENCY_TRUE,0.0558
mat_0582,Mathematics,1,0.0819,CONSISTENT_HALLUCINATION,0.0819
mat_0583,Mathematics,0,0.1283,HIGH_CONSISTENCY_TRUE,0.1283
mat_0584,Mathematics,1,0.0,CONSISTENT_HALLUCINATION,0.0
mat_0585,Mathematics,0,0.1432,HIGH_CONSISTENCY_TRUE,0.1432
mat_0586,Mathematics,1,0.1135,CONSISTENT_HALLUCINATION,0.1135
mat_0587,Mathematics,0,0.2224,INCONSISTENT_TRUE,0.2224
mat_0588,Mathematics,1,0.095,CONSISTENT_HALLUCINATION,0.095
mat_0589,Mathematics,0,0.0,HIGH_CONSISTENCY_TRUE,0.0
mat_0590,Mathematics,1,0.0729,CONSISTENT_HALLUCINATION,0.0729
mat_0591,Mathematics,0,0.1127,HIGH_CONSISTENCY_TRUE,0.1127
mat_0592,Mathematics,1,0.0,CONSISTENT_HALLUCINATION,0.0
mat_0593,Mathematics,0,0.0933,HIGH_CONSISTENCY_TRUE,0.0933
mat_0594,Mathematics,1,0.0876,CONSISTENT_HALLUCINATION,0.0876
mat_0595,Mathematics,0,0.143,HIGH_CONSISTENCY_TRUE,0.143
mat_0596,Mathematics,1,0.0,CONSISTENT_HALLUCINATION,0.0
mat_0597,Mathematics,0,0.0,HIGH_CONSISTENCY_TRUE,0.0
mat_0598,Mathematics,1,0.0689,CONSISTENT_HALLUCINATION,0.0689
mat_0599,Mathematics,0,0.1178,HIGH_CONSISTENCY_TRUE,0.1178
mat_0600,Mathematics,1,0.0,CONSISTENT_HALLUCINATION,0.0
geo_0601,Geography,0,0.1041,HIGH_CONSISTENCY_TRUE,0.1041
geo_0602,Geography,1,0.0241,CONSISTENT_HALLUCINATION,0.0241
geo_0603,Geography,0,0.0504,HIGH_CONSISTENCY_TRUE,0.0504
geo_0604,Geography,1,0.1195,CONSISTENT_HALLUCINATION,0.1195
geo_0605,Geography,0,0.3305,INCONSISTENT_TRUE,0.3305
geo_0606,Geography,1,0.1155,CONSISTENT_HALLUCINATION,0.1155
geo_0607,Geography,0,0.5257,INCONSISTENT_TRUE,0.5257
geo_0608,Geography,1,0.2263,INCONSISTENT_HALLUCINATION,0.2263
geo_0609,Geography,0,0.2915,INCONSISTENT_TRUE,0.2915
geo_0610,Geography,1,0.0844,CONSISTENT_HALLUCINATION,0.0844
geo_0611,Geography,0,0.4921,INCONSISTENT_TRUE,0.4921
geo_0612,Geography,1,0.1799,CONSISTENT_HALLUCINATION,0.1799
geo_0613,Geography,0,0.0872,HIGH_CONSISTENCY_TRUE,0.0872
geo_0614,Geography,1,0.0529,CONSISTENT_HALLUCINATION,0.0529
geo_0615,Geography,0,0.488,INCONSISTENT_TRUE,0.488
geo_0616,Geography,1,0.2439,INCONSISTENT_HALLUCINATION,0.2439
geo_0617,Geography,0,0.1332,HIGH_CONSISTENCY_TRUE,0.1332
geo_0618,Geography,1,0.1207,CONSISTENT_HALLUCINATION,0.1207
geo_0619,Geography,0,0.3868,INCONSISTENT_TRUE,0.3868
geo_0620,Geography,1,0.3735,INCONSISTENT_HALLUCINATION,0.3735
geo_0621,Geography,0,0.1429,HIGH_CONSISTENCY_TRUE,0.1429
geo_0622,Geography,1,0.1988,CONSISTENT_HALLUCINATION,0.1988
geo_0623,Geography,0,0.1843,HIGH_CONSISTENCY_TRUE,0.1843
geo_0624,Geography,1,0.1453,CONSISTENT_HALLUCINATION,0.1453
geo_0625,Geography,0,0.0775,HIGH_CONSISTENCY_TRUE,0.0775
geo_0626,Geography,1,0.0482,CONSISTENT_HALLUCINATION,0.0482
geo_0627,Geography,0,0.4802,INCONSISTENT_TRUE,0.4802
geo_0628,Geography,1,0.2016,INCONSISTENT_HALLUCINATION,0.2016
geo_0629,Geography,0,0.1859,HIGH_CONSISTENCY_TRUE,0.1859
geo_0630,Geography,1,0.0689,CONSISTENT_HALLUCINATION,0.0689
geo_0631,Geography,0,0.1742,HIGH_CONSISTENCY_TRUE,0.1742
geo_0632,Geography,1,0.1175,CONSISTENT_HALLUCINATION,0.1175
geo_0633,Geography,0,0.1434,HIGH_CONSISTENCY_TRUE,0.1434
geo_0634,Geography,1,0.0362,CONSISTENT_HALLUCINATION,0.0362
geo_0635,Geography,0,0.4111,INCONSISTENT_TRUE,0.4111
geo_0636,Geography,1,0.2457,INCONSISTENT_HALLUCINATION,0.2457
geo_0637,Geography,0,0.0767,HIGH_CONSISTENCY_TRUE,0.0767
geo_0638,Geography,1,0.0633,CONSISTENT_HALLUCINATION,0.0633
geo_0639,Geography,0,0.1613,HIGH_CONSISTENCY_TRUE,0.1613
geo_0640,Geography,1,0.1205,CONSISTENT_HALLUCINATION,0.1205
geo_0641,Geography,0,0.1337,HIGH_CONSISTENCY_TRUE,0.1337
geo_0642,Geography,1,0.0746,CONSISTENT_HALLUCINATION,0.0746
geo_0643,Geography,0,0.4948,INCONSISTENT_TRUE,0.4948
geo_0644,Geography,1,0.1702,CONSISTENT_HALLUCINATION,0.1702
geo_0645,Geography,0,0.0429,HIGH_CONSISTENCY_TRUE,0.0429
geo_0646,Geography,1,0.0003,CONSISTENT_HALLUCINATION,0.0003
geo_0647,Geography,0,0.3443,INCONSISTENT_TRUE,0.3443
geo_0648,Geography,1,0.3473,INCONSISTENT_HALLUCINATION,0.3473
geo_0649,Geography,0,0.2,INCONSISTENT_TRUE,0.2
geo_0650,Geography,1,0.0564,CONSISTENT_HALLUCINATION,0.0564
pol_0651,Politics,0,0.1811,HIGH_CONSISTENCY_TRUE,0.1811
pol_0652,Politics,1,0.106,CONSISTENT_HALLUCINATION,0.106
pol_0653,Politics,0,0.2037,INCONSISTENT_TRUE,0.2037
pol_0654,Politics,1,0.1839,CONSISTENT_HALLUCINATION,0.1839
pol_0655,Politics,0,0.1619,HIGH_CONSISTENCY_TRUE,0.1619
pol_0656,Politics,1,0.1743,CONSISTENT_HALLUCINATION,0.1743
pol_0657,Politics,0,0.0844,HIGH_CONSISTENCY_TRUE,0.0844
pol_0658,Politics,1,0.0694,CONSISTENT_HALLUCINATION,0.0694
pol_0659,Politics,0,0.121,HIGH_CONSISTENCY_TRUE,0.121
pol_0660,Politics,1,0.1037,CONSISTENT_HALLUCINATION,0.1037
pol_0661,Politics,0,0.0636,HIGH_CONSISTENCY_TRUE,0.0636
pol_0662,Politics,1,0.0617,CONSISTENT_HALLUCINATION,0.0617
pol_0663,Politics,0,0.0691,HIGH_CONSISTENCY_TRUE,0.0691
pol_0664,Politics,1,0.1189,CONSISTENT_HALLUCINATION,0.1189
pol_0665,Politics,0,0.1622,HIGH_CONSISTENCY_TRUE,0.1622
pol_0666,Politics,1,0.092,CONSISTENT_HALLUCINATION,0.092
pol_0667,Politics,0,0.1005,HIGH_CONSISTENCY_TRUE,0.1005
pol_0668,Politics,1,0.1101,CONSISTENT_HALLUCINATION,0.1101
pol_0669,Politics,0,0.2139,INCONSISTENT_TRUE,0.2139
pol_0670,Politics,1,0.0782,CONSISTENT_HALLUCINATION,0.0782
pol_0671,Politics,0,0.1021,HIGH_CONSISTENCY_TRUE,0.1021
pol_0672,Politics,1,0.148,CONSISTENT_HALLUCINATION,0.148
pol_0673,Politics,0,0.0867,HIGH_CONSISTENCY_TRUE,0.0867
pol_0674,Politics,1,0.0658,CONSISTENT_HALLUCINATION,0.0658
pol_0675,Politics,0,0.137,HIGH_CONSISTENCY_TRUE,0.137
pol_0676,Politics,1,0.215,INCONSISTENT_HALLUCINATION,0.215
pol_0677,Politics,0,0.0737,HIGH_CONSISTENCY_TRUE,0.0737
pol_0678,Politics,1,0.0772,CONSISTENT_HALLUCINATION,0.0772
pol_0679,Politics,0,0.0978,HIGH_CONSISTENCY_TRUE,0.0978
pol_0680,Politics,1,0.1862,CONSISTENT_HALLUCINATION,0.1862
pol_0681,Politics,0,0.061,HIGH_CONSISTENCY_TRUE,0.061
pol_0682,Politics,1,0.089,CONSISTENT_HALLUCINATION,0.089
pol_0683,Politics,0,0.1481,HIGH_CONSISTENCY_TRUE,0.1481
pol_0684,Politics,1,0.2068,INCONSISTENT_HALLUCINATION,0.2068
pol_0685,Politics,0,0.1926,HIGH_CONSISTENCY_TRUE,0.1926
pol_0686,Politics,1,0.0814,CONSISTENT_HALLUCINATION,0.0814
pol_0687,Politics,0,0.1601,HIGH_CONSISTENCY_TRUE,0.1601
pol_0688,Politics,1,0.4374,INCONSISTENT_HALLUCINATION,0.4374
pol_0689,Politics,0,0.2175,INCONSISTENT_TRUE,0.2175
pol_0690,Politics,1,0.0413,CONSISTENT_HALLUCINATION,0.0413
pol_0691,Politics,0,0.162,HIGH_CONSISTENCY_TRUE,0.162
pol_0692,Politics,1,0.1245,CONSISTENT_HALLUCINATION,0.1245
pol_0693,Politics,0,0.0732,HIGH_CONSISTENCY_TRUE,0.0732
pol_0694,Politics,1,0.0844,CONSISTENT_HALLUCINATION,0.0844
pol_0695,Politics,0,0.1307,HIGH_CONSISTENCY_TRUE,0.1307
pol_0696,Politics,1,0.3331,INCONSISTENT_HALLUCINATION,0.3331
pol_0697,Politics,0,0.0635,HIGH_CONSISTENCY_TRUE,0.0635
pol_0698,Politics,1,0.1547,CONSISTENT_HALLUCINATION,0.1547
pol_0699,Politics,0,0.1162,HIGH_CONSISTENCY_TRUE,0.1162
pol_0700,Politics,1,0.2218,INCONSISTENT_HALLUCINATION,0.2218
lit_0701,Literature,0,0.0789,HIGH_CONSISTENCY_TRUE,0.0789
lit_0702,Literature,1,0.0806,CONSISTENT_HALLUCINATION,0.0806
lit_0703,Literature,0,0.2411,INCONSISTENT_TRUE,0.2411
lit_0704,Literature,1,0.1035,CONSISTENT_HALLUCINATION,0.1035
lit_0705,Literature,0,0.1044,HIGH_CONSISTENCY_TRUE,0.1044
lit_0706,Literature,1,0.2414,INCONSISTENT_HALLUCINATION,0.2414
lit_0707,Literature,0,0.0936,HIGH_CONSISTENCY_TRUE,0.0936
lit_0708,Literature,1,0.073,CONSISTENT_HALLUCINATION,0.073
lit_0709,Literature,0,0.0477,HIGH_CONSISTENCY_TRUE,0.0477
lit_0710,Literature,1,0.0581,CONSISTENT_HALLUCINATION,0.0581
lit_0711,Literature,0,0.0747,HIGH_CONSISTENCY_TRUE,0.0747
lit_0712,Literature,1,0.0955,CONSISTENT_HALLUCINATION,0.0955
lit_0713,Literature,0,0.0727,HIGH_CONSISTENCY_TRUE,0.0727
lit_0714,Literature,1,0.0467,CONSISTENT_HALLUCINATION,0.0467
lit_0715,Literature,0,0.1103,HIGH_CONSISTENCY_TRUE,0.1103
lit_0716,Literature,1,0.039,CONSISTENT_HALLUCINATION,0.039
lit_0717,Literature,0,0.1156,HIGH_CONSISTENCY_TRUE,0.1156
lit_0718,Literature,1,0.0491,CONSISTENT_HALLUCINATION,0.0491
lit_0719,Literature,0,0.117,HIGH_CONSISTENCY_TRUE,0.117
lit_0720,Literature,1,0.1505,CONSISTENT_HALLUCINATION,0.1505
lit_0721,Literature,0,0.1048,HIGH_CONSISTENCY_TRUE,0.1048
lit_0722,Literature,1,0.2455,INCONSISTENT_HALLUCINATION,0.2455
lit_0723,Literature,0,0.1053,HIGH_CONSISTENCY_TRUE,0.1053
lit_0724,Literature,1,0.1634,CONSISTENT_HALLUCINATION,0.1634
lit_0725,Literature,0,0.0969,HIGH_CONSISTENCY_TRUE,0.0969
lit_0726,Literature,1,0.0135,CONSISTENT_HALLUCINATION,0.0135
lit_0727,Literature,0,0.0894,HIGH_CONSISTENCY_TRUE,0.0894
lit_0728,Literature,1,0.0256,CONSISTENT_HALLUCINATION,0.0256
lit_0729,Literature,0,0.0679,HIGH_CONSISTENCY_TRUE,0.0679
lit_0730,Literature,1,0.0422,CONSISTENT_HALLUCINATION,0.0422
lit_0731,Literature,0,0.1542,HIGH_CONSISTENCY_TRUE,0.1542
lit_0732,Literature,1,0.0752,CONSISTENT_HALLUCINATION,0.0752
lit_0733,Literature,0,0.0606,HIGH_CONSISTENCY_TRUE,0.0606
lit_0734,Literature,1,0.1189,CONSISTENT_HALLUCINATION,0.1189
lit_0735,Literature,0,0.0573,HIGH_CONSISTENCY_TRUE,0.0573
lit_0736,Literature,1,0.0797,CONSISTENT_HALLUCINATION,0.0797
lit_0737,Literature,0,0.0656,HIGH_CONSISTENCY_TRUE,0.0656
lit_0738,Literature,1,0.5697,INCONSISTENT_HALLUCINATION,0.5697
lit_0739,Literature,0,0.1272,HIGH_CONSISTENCY_TRUE,0.1272
lit_0740,Literature,1,0.0689,CONSISTENT_HALLUCINATION,0.0689
lit_0741,Literature,0,0.0031,HIGH_CONSISTENCY_TRUE,0.0031
lit_0742,Literature,1,0.0144,CONSISTENT_HALLUCINATION,0.0144
lit_0743,Literature,0,0.0951,HIGH_CONSISTENCY_TRUE,0.0951
lit_0744,Literature,1,0.0326,CONSISTENT_HALLUCINATION,0.0326
lit_0745,Literature,0,0.0722,HIGH_CONSISTENCY_TRUE,0.0722
lit_0746,Literature,1,0.0384,CONSISTENT_HALLUCINATION,0.0384
lit_0747,Literature,0,0.1223,HIGH_CONSISTENCY_TRUE,0.1223
lit_0748,Literature,1,0.0336,CONSISTENT_HALLUCINATION,0.0336
lit_0749,Literature,0,0.0001,HIGH_CONSISTENCY_TRUE,0.0001
lit_0750,Literature,1,0.0279,CONSISTENT_HALLUCINATION,0.0279
