sample_id,domain,ground_truth,phase6_evidence_overlap,phase7_evidence_overlap,phase6_leakage_classification,evidence_source
gen_0001,General Knowledge,0,1.0,0.6667,HIGH,Wikipedia / Synthetic Reference Corpora
gen_0002,General Knowledge,1,1.0,0.75,MODERATE,Wikipedia / Synthetic Reference Corpora
gen_0003,General Knowledge,0,1.0,0.3125,HIGH,Wikipedia / Synthetic Reference Corpora
gen_0004,General Knowledge,1,1.0,0.3571,MODERATE,Wikipedia / Synthetic Reference Corpora
gen_0005,General Knowledge,0,1.0,0.6667,HIGH,Wikipedia / Synthetic Reference Corpora
gen_0006,General Knowledge,1,1.0,0.1364,MODERATE,Wikipedia / Synthetic Reference Corpora
gen_0007,General Knowledge,0,1.0,0.4545,HIGH,Wikipedia / Synthetic Reference Corpora
gen_0008,General Knowledge,1,1.0,0.1176,MODERATE,Wikipedia / Synthetic Reference Corpora
gen_0009,General Knowledge,0,1.0,0.5714,HIGH,Wikipedia / Synthetic Reference Corpora
gen_0010,General Knowledge,1,1.0,0.2609,MODERATE,Wikipedia / Synthetic Reference Corpora
gen_0011,General Knowledge,0,1.0,0.2174,HIGH,Wikipedia / Synthetic Reference Corpora
gen_0012,General Knowledge,1,1.0,0.2105,MODERATE,Wikipedia / Synthetic Reference Corpora
gen_0013,General Knowledge,0,1.0,0.5714,HIGH,Wikipedia / Synthetic Reference Corpora
gen_0014,General Knowledge,1,1.0,0.75,MODERATE,Wikipedia / Synthetic Reference Corpora
gen_0015,General Knowledge,0,1.0,0.4211,HIGH,Wikipedia / Synthetic Reference Corpora
gen_0016,General Knowledge,1,1.0,0.1143,MODERATE,Wikipedia / Synthetic Reference Corpora
gen_0017,General Knowledge,0,1.0,0.6667,HIGH,Wikipedia / Synthetic Reference Corpora
gen_0018,General Knowledge,1,1.0,0.1875,MODERATE,Wikipedia / Synthetic Reference Corpora
gen_0019,General Knowledge,0,1.0,0.28,HIGH,Wikipedia / Synthetic Reference Corpora
gen_0020,General Knowledge,1,1.0,0.3846,MODERATE,Wikipedia / Synthetic Reference Corpora
gen_0021,General Knowledge,0,1.0,0.6667,HIGH,Wikipedia / Synthetic Reference Corpora
gen_0022,General Knowledge,1,1.0,0.75,MODERATE,Wikipedia / Synthetic Reference Corpora
gen_0023,General Knowledge,0,1.0,0.625,HIGH,Wikipedia / Synthetic Reference Corpora
gen_0024,General Knowledge,1,1.0,0.6667,MODERATE,Wikipedia / Synthetic Reference Corpora
gen_0025,General Knowledge,0,1.0,0.6667,HIGH,Wikipedia / Synthetic Reference Corpora
gen_0026,General Knowledge,1,1.0,0.1579,MODERATE,Wikipedia / Synthetic Reference Corpora
gen_0027,General Knowledge,0,1.0,0.4545,HIGH,Wikipedia / Synthetic Reference Corpora
gen_0028,General Knowledge,1,1.0,0.2105,MODERATE,Wikipedia / Synthetic Reference Corpora
gen_0029,General Knowledge,0,1.0,0.6667,HIGH,Wikipedia / Synthetic Reference Corpora
gen_0030,General Knowledge,1,1.0,0.75,MODERATE,Wikipedia / Synthetic Reference Corpora
gen_0031,General Knowledge,0,1.0,0.3478,HIGH,Wikipedia / Synthetic Reference Corpora
gen_0032,General Knowledge,1,1.0,0.2105,MODERATE,Wikipedia / Synthetic Reference Corpora
gen_0033,General Knowledge,0,1.0,0.6667,HIGH,Wikipedia / Synthetic Reference Corpora
gen_0034,General Knowledge,1,1.0,0.75,MODERATE,Wikipedia / Synthetic Reference Corpora
gen_0035,General Knowledge,0,1.0,0.32,HIGH,Wikipedia / Synthetic Reference Corpora
gen_0036,General Knowledge,1,1.0,0.1212,MODERATE,Wikipedia / Synthetic Reference Corpora
gen_0037,General Knowledge,0,1.0,0.6667,HIGH,Wikipedia / Synthetic Reference Corpora
gen_0038,General Knowledge,1,1.0,0.75,MODERATE,Wikipedia / Synthetic Reference Corpora
gen_0039,General Knowledge,0,1.0,0.28,HIGH,Wikipedia / Synthetic Reference Corpora
gen_0040,General Knowledge,1,1.0,0.2222,MODERATE,Wikipedia / Synthetic Reference Corpora
gen_0041,General Knowledge,0,1.0,0.6667,HIGH,Wikipedia / Synthetic Reference Corpora
gen_0042,General Knowledge,1,1.0,0.75,MODERATE,Wikipedia / Synthetic Reference Corpora
gen_0043,General Knowledge,0,1.0,0.4444,HIGH,Wikipedia / Synthetic Reference Corpora
gen_0044,General Knowledge,1,1.0,0.119,MODERATE,Wikipedia / Synthetic Reference Corpora
gen_0045,General Knowledge,0,1.0,0.5714,HIGH,Wikipedia / Synthetic Reference Corpora
gen_0046,General Knowledge,1,1.0,0.3158,MODERATE,Wikipedia / Synthetic Reference Corpora
gen_0047,General Knowledge,0,1.0,0.5294,HIGH,Wikipedia / Synthetic Reference Corpora
gen_0048,General Knowledge,1,1.0,0.1905,MODERATE,Wikipedia / Synthetic Reference Corpora
gen_0049,General Knowledge,0,1.0,0.6667,HIGH,Wikipedia / Synthetic Reference Corpora
gen_0050,General Knowledge,1,1.0,0.75,MODERATE,Wikipedia / Synthetic Reference Corpora
med_0051,Medicine,0,1.0,0.0851,HIGH,Wikipedia / Synthetic Reference Corpora
med_0052,Medicine,1,1.0,0.0292,MODERATE,Wikipedia / Synthetic Reference Corpora
med_0053,Medicine,0,1.0,0.0465,HIGH,Wikipedia / Synthetic Reference Corpora
med_0054,Medicine,1,1.0,0.0471,MODERATE,Wikipedia / Synthetic Reference Corpora
med_0055,Medicine,0,1.0,0.0702,HIGH,Wikipedia / Synthetic Reference Corpora
med_0056,Medicine,1,1.0,0.0612,MODERATE,Wikipedia / Synthetic Reference Corpora
med_0057,Medicine,0,1.0,0.0505,HIGH,Wikipedia / Synthetic Reference Corpora
med_0058,Medicine,1,1.0,0.0494,MODERATE,Wikipedia / Synthetic Reference Corpora
med_0059,Medicine,0,1.0,0.0312,HIGH,Wikipedia / Synthetic Reference Corpora
med_0060,Medicine,1,1.0,0.0337,MODERATE,Wikipedia / Synthetic Reference Corpora
med_0061,Medicine,0,1.0,0.1087,HIGH,Wikipedia / Synthetic Reference Corpora
med_0062,Medicine,1,1.0,0.0303,MODERATE,Wikipedia / Synthetic Reference Corpora
med_0063,Medicine,0,1.0,0.1111,HIGH,Wikipedia / Synthetic Reference Corpora
med_0064,Medicine,1,1.0,0.0185,MODERATE,Wikipedia / Synthetic Reference Corpora
med_0065,Medicine,0,1.0,0.1538,HIGH,Wikipedia / Synthetic Reference Corpora
med_0066,Medicine,1,1.0,0.0588,MODERATE,Wikipedia / Synthetic Reference Corpora
med_0067,Medicine,0,1.0,0.04,HIGH,Wikipedia / Synthetic Reference Corpora
med_0068,Medicine,1,1.0,0.0328,MODERATE,Wikipedia / Synthetic Reference Corpora
med_0069,Medicine,0,1.0,0.2222,HIGH,Wikipedia / Synthetic Reference Corpora
med_0070,Medicine,1,1.0,0.0519,MODERATE,Wikipedia / Synthetic Reference Corpora
med_0071,Medicine,0,1.0,0.0357,HIGH,Wikipedia / Synthetic Reference Corpora
med_0072,Medicine,1,1.0,0.0638,MODERATE,Wikipedia / Synthetic Reference Corpora
med_0073,Medicine,0,1.0,0.0704,HIGH,Wikipedia / Synthetic Reference Corpora
med_0074,Medicine,1,1.0,0.0909,MODERATE,Wikipedia / Synthetic Reference Corpora
med_0075,Medicine,0,1.0,0.0532,HIGH,Wikipedia / Synthetic Reference Corpora
med_0076,Medicine,1,1.0,0.0183,MODERATE,Wikipedia / Synthetic Reference Corpora
med_0077,Medicine,0,1.0,0.0779,HIGH,Wikipedia / Synthetic Reference Corpora
med_0078,Medicine,1,1.0,0.0652,MODERATE,Wikipedia / Synthetic Reference Corpora
med_0079,Medicine,0,1.0,0.05,HIGH,Wikipedia / Synthetic Reference Corpora
med_0080,Medicine,1,1.0,0.0117,MODERATE,Wikipedia / Synthetic Reference Corpora
med_0081,Medicine,0,1.0,0.0368,HIGH,Wikipedia / Synthetic Reference Corpora
med_0082,Medicine,1,1.0,0.08,MODERATE,Wikipedia / Synthetic Reference Corpora
med_0083,Medicine,0,1.0,0.0833,HIGH,Wikipedia / Synthetic Reference Corpora
med_0084,Medicine,1,1.0,0.0261,MODERATE,Wikipedia / Synthetic Reference Corpora
med_0085,Medicine,0,1.0,0.0556,HIGH,Wikipedia / Synthetic Reference Corpora
med_0086,Medicine,1,1.0,0.2308,MODERATE,Wikipedia / Synthetic Reference Corpora
med_0087,Medicine,0,1.0,0.0667,HIGH,Wikipedia / Synthetic Reference Corpora
med_0088,Medicine,1,1.0,0.0161,MODERATE,Wikipedia / Synthetic Reference Corpora
med_0089,Medicine,0,1.0,0.0577,HIGH,Wikipedia / Synthetic Reference Corpora
med_0090,Medicine,1,1.0,0.087,MODERATE,Wikipedia / Synthetic Reference Corpora
med_0091,Medicine,0,1.0,0.1111,HIGH,Wikipedia / Synthetic Reference Corpora
med_0092,Medicine,1,1.0,0.0265,MODERATE,Wikipedia / Synthetic Reference Corpora
med_0093,Medicine,0,1.0,0.0645,HIGH,Wikipedia / Synthetic Reference Corpora
med_0094,Medicine,1,1.0,0.0526,MODERATE,Wikipedia / Synthetic Reference Corpora
med_0095,Medicine,0,1.0,0.0612,HIGH,Wikipedia / Synthetic Reference Corpora
med_0096,Medicine,1,1.0,0.0149,MODERATE,Wikipedia / Synthetic Reference Corpora
med_0097,Medicine,0,1.0,0.0407,HIGH,Wikipedia / Synthetic Reference Corpora
med_0098,Medicine,1,1.0,0.0889,MODERATE,Wikipedia / Synthetic Reference Corpora
med_0099,Medicine,0,1.0,0.122,HIGH,Wikipedia / Synthetic Reference Corpora
med_0100,Medicine,1,1.0,0.0173,MODERATE,Wikipedia / Synthetic Reference Corpora
law_0101,Law,0,1.0,0.0989,HIGH,Wikipedia / Synthetic Reference Corpora
law_0102,Law,1,1.0,0.3,MODERATE,Wikipedia / Synthetic Reference Corpora
law_0103,Law,0,1.0,0.0806,HIGH,Wikipedia / Synthetic Reference Corpora
law_0104,Law,1,1.0,0.058,MODERATE,Wikipedia / Synthetic Reference Corpora
law_0105,Law,0,1.0,0.068,HIGH,Wikipedia / Synthetic Reference Corpora
law_0106,Law,1,1.0,0.0926,MODERATE,Wikipedia / Synthetic Reference Corpora
law_0107,Law,0,1.0,0.0391,HIGH,Wikipedia / Synthetic Reference Corpora
law_0108,Law,1,1.0,0.0367,MODERATE,Wikipedia / Synthetic Reference Corpora
law_0109,Law,0,1.0,0.06,HIGH,Wikipedia / Synthetic Reference Corpora
law_0110,Law,1,1.0,0.1111,MODERATE,Wikipedia / Synthetic Reference Corpora
law_0111,Law,0,1.0,0.0351,HIGH,Wikipedia / Synthetic Reference Corpora
law_0112,Law,1,1.0,0.0755,MODERATE,Wikipedia / Synthetic Reference Corpora
law_0113,Law,0,1.0,0.0603,HIGH,Wikipedia / Synthetic Reference Corpora
law_0114,Law,1,1.0,0.0482,MODERATE,Wikipedia / Synthetic Reference Corpora
law_0115,Law,0,1.0,0.058,HIGH,Wikipedia / Synthetic Reference Corpora
law_0116,Law,1,1.0,0.0517,MODERATE,Wikipedia / Synthetic Reference Corpora
law_0117,Law,0,1.0,0.125,HIGH,Wikipedia / Synthetic Reference Corpora
law_0118,Law,1,1.0,0.06,MODERATE,Wikipedia / Synthetic Reference Corpora
law_0119,Law,0,1.0,0.0741,HIGH,Wikipedia / Synthetic Reference Corpora
law_0120,Law,1,1.0,0.0357,MODERATE,Wikipedia / Synthetic Reference Corpora
law_0121,Law,0,1.0,0.1311,HIGH,Wikipedia / Synthetic Reference Corpora
law_0122,Law,1,1.0,0.05,MODERATE,Wikipedia / Synthetic Reference Corpora
law_0123,Law,0,1.0,0.0575,HIGH,Wikipedia / Synthetic Reference Corpora
law_0124,Law,1,1.0,0.0429,MODERATE,Wikipedia / Synthetic Reference Corpora
law_0125,Law,0,1.0,0.0808,HIGH,Wikipedia / Synthetic Reference Corpora
law_0126,Law,1,1.0,0.0469,MODERATE,Wikipedia / Synthetic Reference Corpora
law_0127,Law,0,1.0,0.0632,HIGH,Wikipedia / Synthetic Reference Corpora
law_0128,Law,1,1.0,0.0698,MODERATE,Wikipedia / Synthetic Reference Corpora
law_0129,Law,0,1.0,0.0559,HIGH,Wikipedia / Synthetic Reference Corpora
law_0130,Law,1,1.0,0.0909,MODERATE,Wikipedia / Synthetic Reference Corpora
law_0131,Law,0,1.0,0.06,HIGH,Wikipedia / Synthetic Reference Corpora
law_0132,Law,1,1.0,0.0588,MODERATE,Wikipedia / Synthetic Reference Corpora
law_0133,Law,0,1.0,0.0921,HIGH,Wikipedia / Synthetic Reference Corpora
law_0134,Law,1,1.0,0.0682,MODERATE,Wikipedia / Synthetic Reference Corpora
law_0135,Law,0,1.0,0.0654,HIGH,Wikipedia / Synthetic Reference Corpora
law_0136,Law,1,1.0,0.0357,MODERATE,Wikipedia / Synthetic Reference Corpora
law_0137,Law,0,1.0,0.092,HIGH,Wikipedia / Synthetic Reference Corpora
law_0138,Law,1,1.0,0.0446,MODERATE,Wikipedia / Synthetic Reference Corpora
law_0139,Law,0,1.0,0.0549,HIGH,Wikipedia / Synthetic Reference Corpora
law_0140,Law,1,1.0,0.1212,MODERATE,Wikipedia / Synthetic Reference Corpora
law_0141,Law,0,1.0,0.1458,HIGH,Wikipedia / Synthetic Reference Corpora
law_0142,Law,1,1.0,0.0882,MODERATE,Wikipedia / Synthetic Reference Corpora
law_0143,Law,0,1.0,0.0571,HIGH,Wikipedia / Synthetic Reference Corpora
law_0144,Law,1,1.0,0.0421,MODERATE,Wikipedia / Synthetic Reference Corpora
law_0145,Law,0,1.0,0.0534,HIGH,Wikipedia / Synthetic Reference Corpora
law_0146,Law,1,1.0,0.0364,MODERATE,Wikipedia / Synthetic Reference Corpora
law_0147,Law,0,1.0,0.0417,HIGH,Wikipedia / Synthetic Reference Corpora
law_0148,Law,1,1.0,0.08,MODERATE,Wikipedia / Synthetic Reference Corpora
law_0149,Law,0,1.0,0.1458,HIGH,Wikipedia / Synthetic Reference Corpora
law_0150,Law,1,1.0,0.0606,MODERATE,Wikipedia / Synthetic Reference Corpora
fin_0151,Finance,0,1.0,0.0984,HIGH,Wikipedia / Synthetic Reference Corpora
fin_0152,Finance,1,1.0,0.0161,MODERATE,Wikipedia / Synthetic Reference Corpora
fin_0153,Finance,0,1.0,0.012,HIGH,Wikipedia / Synthetic Reference Corpora
fin_0154,Finance,1,1.0,0.0199,MODERATE,Wikipedia / Synthetic Reference Corpora
fin_0155,Finance,0,1.0,0.08,HIGH,Wikipedia / Synthetic Reference Corpora
fin_0156,Finance,1,1.0,0.0556,MODERATE,Wikipedia / Synthetic Reference Corpora
fin_0157,Finance,0,1.0,0.0107,HIGH,Wikipedia / Synthetic Reference Corpora
fin_0158,Finance,1,1.0,0.0126,MODERATE,Wikipedia / Synthetic Reference Corpora
fin_0159,Finance,0,1.0,0.0851,HIGH,Wikipedia / Synthetic Reference Corpora
fin_0160,Finance,1,1.0,0.075,MODERATE,Wikipedia / Synthetic Reference Corpora
fin_0161,Finance,0,1.0,0.0169,HIGH,Wikipedia / Synthetic Reference Corpora
fin_0162,Finance,1,1.0,0.0254,MODERATE,Wikipedia / Synthetic Reference Corpora
fin_0163,Finance,0,1.0,0.0638,HIGH,Wikipedia / Synthetic Reference Corpora
fin_0164,Finance,1,1.0,0.0206,MODERATE,Wikipedia / Synthetic Reference Corpora
fin_0165,Finance,0,1.0,0.0132,HIGH,Wikipedia / Synthetic Reference Corpora
fin_0166,Finance,1,1.0,0.009,MODERATE,Wikipedia / Synthetic Reference Corpora
fin_0167,Finance,0,1.0,0.0746,HIGH,Wikipedia / Synthetic Reference Corpora
fin_0168,Finance,1,1.0,0.024,MODERATE,Wikipedia / Synthetic Reference Corpora
fin_0169,Finance,0,1.0,0.0103,HIGH,Wikipedia / Synthetic Reference Corpora
fin_0170,Finance,1,1.0,0.058,MODERATE,Wikipedia / Synthetic Reference Corpora
fin_0171,Finance,0,1.0,0.0325,HIGH,Wikipedia / Synthetic Reference Corpora
fin_0172,Finance,1,1.0,0.027,MODERATE,Wikipedia / Synthetic Reference Corpora
fin_0173,Finance,0,1.0,0.0205,HIGH,Wikipedia / Synthetic Reference Corpora
fin_0174,Finance,1,1.0,0.0455,MODERATE,Wikipedia / Synthetic Reference Corpora
fin_0175,Finance,0,1.0,0.0315,HIGH,Wikipedia / Synthetic Reference Corpora
fin_0176,Finance,1,1.0,0.0784,MODERATE,Wikipedia / Synthetic Reference Corpora
fin_0177,Finance,0,1.0,0.0168,HIGH,Wikipedia / Synthetic Reference Corpora
fin_0178,Finance,1,1.0,0.1,MODERATE,Wikipedia / Synthetic Reference Corpora
fin_0179,Finance,0,1.0,0.098,HIGH,Wikipedia / Synthetic Reference Corpora
fin_0180,Finance,1,1.0,0.0364,MODERATE,Wikipedia / Synthetic Reference Corpora
fin_0181,Finance,0,1.0,0.0162,HIGH,Wikipedia / Synthetic Reference Corpora
fin_0182,Finance,1,1.0,0.0266,MODERATE,Wikipedia / Synthetic Reference Corpora
fin_0183,Finance,0,1.0,0.0748,HIGH,Wikipedia / Synthetic Reference Corpora
fin_0184,Finance,1,1.0,0.0305,MODERATE,Wikipedia / Synthetic Reference Corpora
fin_0185,Finance,0,1.0,0.0238,HIGH,Wikipedia / Synthetic Reference Corpora
fin_0186,Finance,1,1.0,0.0179,MODERATE,Wikipedia / Synthetic Reference Corpora
fin_0187,Finance,0,1.0,0.0816,HIGH,Wikipedia / Synthetic Reference Corpora
fin_0188,Finance,1,1.0,0.0319,MODERATE,Wikipedia / Synthetic Reference Corpora
fin_0189,Finance,0,1.0,0.0217,HIGH,Wikipedia / Synthetic Reference Corpora
fin_0190,Finance,1,1.0,0.0143,MODERATE,Wikipedia / Synthetic Reference Corpora
fin_0191,Finance,0,1.0,0.0364,HIGH,Wikipedia / Synthetic Reference Corpora
fin_0192,Finance,1,1.0,0.0206,MODERATE,Wikipedia / Synthetic Reference Corpora
fin_0193,Finance,0,1.0,0.0101,HIGH,Wikipedia / Synthetic Reference Corpora
fin_0194,Finance,1,1.0,0.0097,MODERATE,Wikipedia / Synthetic Reference Corpora
fin_0195,Finance,0,1.0,0.0926,HIGH,Wikipedia / Synthetic Reference Corpora
fin_0196,Finance,1,1.0,0.036,MODERATE,Wikipedia / Synthetic Reference Corpora
fin_0197,Finance,0,1.0,0.014,HIGH,Wikipedia / Synthetic Reference Corpora
fin_0198,Finance,1,1.0,0.0789,MODERATE,Wikipedia / Synthetic Reference Corpora
fin_0199,Finance,0,1.0,0.0714,HIGH,Wikipedia / Synthetic Reference Corpora
fin_0200,Finance,1,1.0,0.0938,MODERATE,Wikipedia / Synthetic Reference Corpora
his_0201,History,0,1.0,0.625,HIGH,Wikipedia / Synthetic Reference Corpora
his_0202,History,1,1.0,0.0,MODERATE,Wikipedia / Synthetic Reference Corpora
his_0203,History,0,1.0,0.4,HIGH,Wikipedia / Synthetic Reference Corpora
his_0204,History,1,1.0,0.5714,MODERATE,Wikipedia / Synthetic Reference Corpora
his_0205,History,0,1.0,0.3571,HIGH,Wikipedia / Synthetic Reference Corpora
his_0206,History,1,1.0,0.0875,MODERATE,Wikipedia / Synthetic Reference Corpora
his_0207,History,0,1.0,0.4,HIGH,Wikipedia / Synthetic Reference Corpora
his_0208,History,1,1.0,0.2143,MODERATE,Wikipedia / Synthetic Reference Corpora
his_0209,History,0,1.0,0.1852,HIGH,Wikipedia / Synthetic Reference Corpora
his_0210,History,1,1.0,0.0,MODERATE,Wikipedia / Synthetic Reference Corpora
his_0211,History,0,1.0,0.2,HIGH,Wikipedia / Synthetic Reference Corpora
his_0212,History,1,1.0,0.4444,MODERATE,Wikipedia / Synthetic Reference Corpora
his_0213,History,0,1.0,0.625,HIGH,Wikipedia / Synthetic Reference Corpora
his_0214,History,1,1.0,0.0,MODERATE,Wikipedia / Synthetic Reference Corpora
his_0215,History,0,1.0,0.2069,HIGH,Wikipedia / Synthetic Reference Corpora
his_0216,History,1,1.0,0.375,MODERATE,Wikipedia / Synthetic Reference Corpora
his_0217,History,0,1.0,0.625,HIGH,Wikipedia / Synthetic Reference Corpora
his_0218,History,1,1.0,0.1522,MODERATE,Wikipedia / Synthetic Reference Corpora
his_0219,History,0,1.0,0.6667,HIGH,Wikipedia / Synthetic Reference Corpora
his_0220,History,1,1.0,0.2,MODERATE,Wikipedia / Synthetic Reference Corpora
his_0221,History,0,1.0,0.625,HIGH,Wikipedia / Synthetic Reference Corpora
his_0222,History,1,1.0,0.1622,MODERATE,Wikipedia / Synthetic Reference Corpora
his_0223,History,0,1.0,0.5455,HIGH,Wikipedia / Synthetic Reference Corpora
his_0224,History,1,1.0,0.2174,MODERATE,Wikipedia / Synthetic Reference Corpora
his_0225,History,0,1.0,0.125,HIGH,Wikipedia / Synthetic Reference Corpora
his_0226,History,1,1.0,0.1935,MODERATE,Wikipedia / Synthetic Reference Corpora
his_0227,History,0,1.0,0.4615,HIGH,Wikipedia / Synthetic Reference Corpora
his_0228,History,1,1.0,0.5714,MODERATE,Wikipedia / Synthetic Reference Corpora
his_0229,History,0,1.0,0.5,HIGH,Wikipedia / Synthetic Reference Corpora
his_0230,History,1,1.0,0.0814,MODERATE,Wikipedia / Synthetic Reference Corpora
his_0231,History,0,1.0,0.2,HIGH,Wikipedia / Synthetic Reference Corpora
his_0232,History,1,1.0,0.5,MODERATE,Wikipedia / Synthetic Reference Corpora
his_0233,History,0,1.0,0.625,HIGH,Wikipedia / Synthetic Reference Corpora
his_0234,History,1,1.0,0.1892,MODERATE,Wikipedia / Synthetic Reference Corpora
his_0235,History,0,1.0,0.6,HIGH,Wikipedia / Synthetic Reference Corpora
his_0236,History,1,1.0,0.5714,MODERATE,Wikipedia / Synthetic Reference Corpora
his_0237,History,0,1.0,0.122,HIGH,Wikipedia / Synthetic Reference Corpora
his_0238,History,1,1.0,0.0,MODERATE,Wikipedia / Synthetic Reference Corpora
his_0239,History,0,1.0,1.0,HIGH,Wikipedia / Synthetic Reference Corpora
his_0240,History,1,1.0,0.3077,MODERATE,Wikipedia / Synthetic Reference Corpora
his_0241,History,0,1.0,0.625,HIGH,Wikipedia / Synthetic Reference Corpora
his_0242,History,1,1.0,0.2424,MODERATE,Wikipedia / Synthetic Reference Corpora
his_0243,History,0,1.0,0.75,HIGH,Wikipedia / Synthetic Reference Corpora
his_0244,History,1,1.0,0.1111,MODERATE,Wikipedia / Synthetic Reference Corpora
his_0245,History,0,1.0,0.3125,HIGH,Wikipedia / Synthetic Reference Corpora
his_0246,History,1,1.0,0.1228,MODERATE,Wikipedia / Synthetic Reference Corpora
his_0247,History,0,1.0,0.1538,HIGH,Wikipedia / Synthetic Reference Corpora
his_0248,History,1,1.0,0.119,MODERATE,Wikipedia / Synthetic Reference Corpora
his_0249,History,0,1.0,0.25,HIGH,Wikipedia / Synthetic Reference Corpora
his_0250,History,1,1.0,0.1579,MODERATE,Wikipedia / Synthetic Reference Corpora
sci_0251,Science,0,1.0,0.2121,HIGH,Wikipedia / Synthetic Reference Corpora
sci_0252,Science,1,1.0,0.1429,MODERATE,Wikipedia / Synthetic Reference Corpora
sci_0253,Science,0,1.0,0.0638,HIGH,Wikipedia / Synthetic Reference Corpora
sci_0254,Science,1,1.0,0.4,MODERATE,Wikipedia / Synthetic Reference Corpora
sci_0255,Science,0,1.0,0.3913,HIGH,Wikipedia / Synthetic Reference Corpora
sci_0256,Science,1,1.0,0.075,MODERATE,Wikipedia / Synthetic Reference Corpora
sci_0257,Science,0,1.0,0.0233,HIGH,Wikipedia / Synthetic Reference Corpora
sci_0258,Science,1,1.0,0.75,MODERATE,Wikipedia / Synthetic Reference Corpora
sci_0259,Science,0,1.0,0.1471,HIGH,Wikipedia / Synthetic Reference Corpora
sci_0260,Science,1,1.0,0.1,MODERATE,Wikipedia / Synthetic Reference Corpora
sci_0261,Science,0,1.0,0.102,HIGH,Wikipedia / Synthetic Reference Corpora
sci_0262,Science,1,1.0,0.0,MODERATE,Wikipedia / Synthetic Reference Corpora
sci_0263,Science,0,1.0,0.1351,HIGH,Wikipedia / Synthetic Reference Corpora
sci_0264,Science,1,1.0,0.0816,MODERATE,Wikipedia / Synthetic Reference Corpora
sci_0265,Science,0,1.0,0.04,HIGH,Wikipedia / Synthetic Reference Corpora
sci_0266,Science,1,1.0,0.6,MODERATE,Wikipedia / Synthetic Reference Corpora
sci_0267,Science,0,1.0,0.1163,HIGH,Wikipedia / Synthetic Reference Corpora
sci_0268,Science,1,1.0,0.1026,MODERATE,Wikipedia / Synthetic Reference Corpora
sci_0269,Science,0,1.0,0.0625,HIGH,Wikipedia / Synthetic Reference Corpora
sci_0270,Science,1,1.0,0.1,MODERATE,Wikipedia / Synthetic Reference Corpora
sci_0271,Science,0,1.0,0.1395,HIGH,Wikipedia / Synthetic Reference Corpora
sci_0272,Science,1,1.0,0.1091,MODERATE,Wikipedia / Synthetic Reference Corpora
sci_0273,Science,0,1.0,0.0375,HIGH,Wikipedia / Synthetic Reference Corpora
sci_0274,Science,1,1.0,0.3333,MODERATE,Wikipedia / Synthetic Reference Corpora
sci_0275,Science,0,1.0,0.1429,HIGH,Wikipedia / Synthetic Reference Corpora
sci_0276,Science,1,1.0,0.0526,MODERATE,Wikipedia / Synthetic Reference Corpora
sci_0277,Science,0,1.0,0.0354,HIGH,Wikipedia / Synthetic Reference Corpora
sci_0278,Science,1,1.0,0.4,MODERATE,Wikipedia / Synthetic Reference Corpora
sci_0279,Science,0,1.0,0.1316,HIGH,Wikipedia / Synthetic Reference Corpora
sci_0280,Science,1,1.0,0.0698,MODERATE,Wikipedia / Synthetic Reference Corpora
sci_0281,Science,0,1.0,0.0508,HIGH,Wikipedia / Synthetic Reference Corpora
sci_0282,Science,1,1.0,0.4,MODERATE,Wikipedia / Synthetic Reference Corpora
sci_0283,Science,0,1.0,0.2188,HIGH,Wikipedia / Synthetic Reference Corpora
sci_0284,Science,1,1.0,0.0667,MODERATE,Wikipedia / Synthetic Reference Corpora
sci_0285,Science,0,1.0,0.0319,HIGH,Wikipedia / Synthetic Reference Corpora
sci_0286,Science,1,1.0,0.4,MODERATE,Wikipedia / Synthetic Reference Corpora
sci_0287,Science,0,1.0,0.1724,HIGH,Wikipedia / Synthetic Reference Corpora
sci_0288,Science,1,1.0,0.1622,MODERATE,Wikipedia / Synthetic Reference Corpora
sci_0289,Science,0,1.0,0.0517,HIGH,Wikipedia / Synthetic Reference Corpora
sci_0290,Science,1,1.0,0.4,MODERATE,Wikipedia / Synthetic Reference Corpora
sci_0291,Science,0,1.0,0.3571,HIGH,Wikipedia / Synthetic Reference Corpora
sci_0292,Science,1,1.0,0.0678,MODERATE,Wikipedia / Synthetic Reference Corpora
sci_0293,Science,0,1.0,0.0435,HIGH,Wikipedia / Synthetic Reference Corpora
sci_0294,Science,1,1.0,0.5,MODERATE,Wikipedia / Synthetic Reference Corpora
sci_0295,Science,0,1.0,0.1,HIGH,Wikipedia / Synthetic Reference Corpora
sci_0296,Science,1,1.0,0.125,MODERATE,Wikipedia / Synthetic Reference Corpora
sci_0297,Science,0,1.0,0.0635,HIGH,Wikipedia / Synthetic Reference Corpora
sci_0298,Science,1,1.0,0.4,MODERATE,Wikipedia / Synthetic Reference Corpora
sci_0299,Science,0,1.0,0.2143,HIGH,Wikipedia / Synthetic Reference Corpora
sci_0300,Science,1,1.0,0.0652,MODERATE,Wikipedia / Synthetic Reference Corpora
com_0301,Computer Science,0,1.0,0.4375,HIGH,Wikipedia / Synthetic Reference Corpora
com_0302,Computer Science,1,1.0,0.0351,MODERATE,Wikipedia / Synthetic Reference Corpora
com_0303,Computer Science,0,1.0,0.0291,HIGH,Wikipedia / Synthetic Reference Corpora
com_0304,Computer Science,1,1.0,0.08,MODERATE,Wikipedia / Synthetic Reference Corpora
com_0305,Computer Science,0,1.0,0.0833,HIGH,Wikipedia / Synthetic Reference Corpora
com_0306,Computer Science,1,1.0,0.044,MODERATE,Wikipedia / Synthetic Reference Corpora
com_0307,Computer Science,0,1.0,0.0758,HIGH,Wikipedia / Synthetic Reference Corpora
com_0308,Computer Science,1,1.0,0.1944,MODERATE,Wikipedia / Synthetic Reference Corpora
com_0309,Computer Science,0,1.0,0.1023,HIGH,Wikipedia / Synthetic Reference Corpora
com_0310,Computer Science,1,1.0,0.0408,MODERATE,Wikipedia / Synthetic Reference Corpora
com_0311,Computer Science,0,1.0,0.03,HIGH,Wikipedia / Synthetic Reference Corpora
com_0312,Computer Science,1,1.0,0.0753,MODERATE,Wikipedia / Synthetic Reference Corpora
com_0313,Computer Science,0,1.0,0.0787,HIGH,Wikipedia / Synthetic Reference Corpora
com_0314,Computer Science,1,1.0,0.0417,MODERATE,Wikipedia / Synthetic Reference Corpora
com_0315,Computer Science,0,1.0,0.0279,HIGH,Wikipedia / Synthetic Reference Corpora
com_0316,Computer Science,1,1.0,0.1176,MODERATE,Wikipedia / Synthetic Reference Corpora
com_0317,Computer Science,0,1.0,0.2162,HIGH,Wikipedia / Synthetic Reference Corpora
com_0318,Computer Science,1,1.0,0.0427,MODERATE,Wikipedia / Synthetic Reference Corpora
com_0319,Computer Science,0,1.0,0.0556,HIGH,Wikipedia / Synthetic Reference Corpora
com_0320,Computer Science,1,1.0,0.0486,MODERATE,Wikipedia / Synthetic Reference Corpora
com_0321,Computer Science,0,1.0,0.375,HIGH,Wikipedia / Synthetic Reference Corpora
com_0322,Computer Science,1,1.0,0.0328,MODERATE,Wikipedia / Synthetic Reference Corpora
com_0323,Computer Science,0,1.0,0.0984,HIGH,Wikipedia / Synthetic Reference Corpora
com_0324,Computer Science,1,1.0,0.0909,MODERATE,Wikipedia / Synthetic Reference Corpora
com_0325,Computer Science,0,1.0,0.375,HIGH,Wikipedia / Synthetic Reference Corpora
com_0326,Computer Science,1,1.0,0.0943,MODERATE,Wikipedia / Synthetic Reference Corpora
com_0327,Computer Science,0,1.0,0.0435,HIGH,Wikipedia / Synthetic Reference Corpora
com_0328,Computer Science,1,1.0,0.0233,MODERATE,Wikipedia / Synthetic Reference Corpora
com_0329,Computer Science,0,1.0,0.3571,HIGH,Wikipedia / Synthetic Reference Corpora
com_0330,Computer Science,1,1.0,0.0321,MODERATE,Wikipedia / Synthetic Reference Corpora
com_0331,Computer Science,0,1.0,0.0658,HIGH,Wikipedia / Synthetic Reference Corpora
com_0332,Computer Science,1,1.0,0.0496,MODERATE,Wikipedia / Synthetic Reference Corpora
com_0333,Computer Science,0,1.0,0.2222,HIGH,Wikipedia / Synthetic Reference Corpora
com_0334,Computer Science,1,1.0,0.0355,MODERATE,Wikipedia / Synthetic Reference Corpora
com_0335,Computer Science,0,1.0,0.0746,HIGH,Wikipedia / Synthetic Reference Corpora
com_0336,Computer Science,1,1.0,0.1228,MODERATE,Wikipedia / Synthetic Reference Corpora
com_0337,Computer Science,0,1.0,0.5625,HIGH,Wikipedia / Synthetic Reference Corpora
com_0338,Computer Science,1,1.0,0.1071,MODERATE,Wikipedia / Synthetic Reference Corpora
com_0339,Computer Science,0,1.0,0.0588,HIGH,Wikipedia / Synthetic Reference Corpora
com_0340,Computer Science,1,1.0,0.0594,MODERATE,Wikipedia / Synthetic Reference Corpora
com_0341,Computer Science,0,1.0,0.1379,HIGH,Wikipedia / Synthetic Reference Corpora
com_0342,Computer Science,1,1.0,0.0506,MODERATE,Wikipedia / Synthetic Reference Corpora
com_0343,Computer Science,0,1.0,0.1136,HIGH,Wikipedia / Synthetic Reference Corpora
com_0344,Computer Science,1,1.0,0.0556,MODERATE,Wikipedia / Synthetic Reference Corpora
com_0345,Computer Science,0,1.0,0.0602,HIGH,Wikipedia / Synthetic Reference Corpora
com_0346,Computer Science,1,1.0,0.0479,MODERATE,Wikipedia / Synthetic Reference Corpora
com_0347,Computer Science,0,1.0,0.0729,HIGH,Wikipedia / Synthetic Reference Corpora
com_0348,Computer Science,1,1.0,0.0769,MODERATE,Wikipedia / Synthetic Reference Corpora
com_0349,Computer Science,0,1.0,0.2083,HIGH,Wikipedia / Synthetic Reference Corpora
com_0350,Computer Science,1,1.0,0.0352,MODERATE,Wikipedia / Synthetic Reference Corpora
phy_0351,Physics,0,1.0,0.1522,HIGH,Wikipedia / Synthetic Reference Corpora
phy_0352,Physics,1,1.0,0.1111,MODERATE,Wikipedia / Synthetic Reference Corpora
phy_0353,Physics,0,1.0,0.0374,HIGH,Wikipedia / Synthetic Reference Corpora
phy_0354,Physics,1,1.0,0.031,MODERATE,Wikipedia / Synthetic Reference Corpora
phy_0355,Physics,0,1.0,0.2,HIGH,Wikipedia / Synthetic Reference Corpora
phy_0356,Physics,1,1.0,0.0265,MODERATE,Wikipedia / Synthetic Reference Corpora
phy_0357,Physics,0,1.0,0.06,HIGH,Wikipedia / Synthetic Reference Corpora
phy_0358,Physics,1,1.0,0.0602,MODERATE,Wikipedia / Synthetic Reference Corpora
phy_0359,Physics,0,1.0,0.1944,HIGH,Wikipedia / Synthetic Reference Corpora
phy_0360,Physics,1,1.0,0.1136,MODERATE,Wikipedia / Synthetic Reference Corpora
phy_0361,Physics,0,1.0,0.1111,HIGH,Wikipedia / Synthetic Reference Corpora
phy_0362,Physics,1,1.0,0.0421,MODERATE,Wikipedia / Synthetic Reference Corpora
phy_0363,Physics,0,1.0,0.0523,HIGH,Wikipedia / Synthetic Reference Corpora
phy_0364,Physics,1,1.0,0.129,MODERATE,Wikipedia / Synthetic Reference Corpora
phy_0365,Physics,0,1.0,0.0889,HIGH,Wikipedia / Synthetic Reference Corpora
phy_0366,Physics,1,1.0,0.0508,MODERATE,Wikipedia / Synthetic Reference Corpora
phy_0367,Physics,0,1.0,0.0432,HIGH,Wikipedia / Synthetic Reference Corpora
phy_0368,Physics,1,1.0,0.075,MODERATE,Wikipedia / Synthetic Reference Corpora
phy_0369,Physics,0,1.0,0.0678,HIGH,Wikipedia / Synthetic Reference Corpora
phy_0370,Physics,1,1.0,0.0283,MODERATE,Wikipedia / Synthetic Reference Corpora
phy_0371,Physics,0,1.0,0.175,HIGH,Wikipedia / Synthetic Reference Corpora
phy_0372,Physics,1,1.0,0.1143,MODERATE,Wikipedia / Synthetic Reference Corpora
phy_0373,Physics,0,1.0,0.0526,HIGH,Wikipedia / Synthetic Reference Corpora
phy_0374,Physics,1,1.0,0.0625,MODERATE,Wikipedia / Synthetic Reference Corpora
phy_0375,Physics,0,1.0,0.1667,HIGH,Wikipedia / Synthetic Reference Corpora
phy_0376,Physics,1,1.0,0.0851,MODERATE,Wikipedia / Synthetic Reference Corpora
phy_0377,Physics,0,1.0,0.04,HIGH,Wikipedia / Synthetic Reference Corpora
phy_0378,Physics,1,1.0,0.0385,MODERATE,Wikipedia / Synthetic Reference Corpora
phy_0379,Physics,0,1.0,0.1296,HIGH,Wikipedia / Synthetic Reference Corpora
phy_0380,Physics,1,1.0,0.12,MODERATE,Wikipedia / Synthetic Reference Corpora
phy_0381,Physics,0,1.0,0.0889,HIGH,Wikipedia / Synthetic Reference Corpora
phy_0382,Physics,1,1.0,0.0345,MODERATE,Wikipedia / Synthetic Reference Corpora
phy_0383,Physics,0,1.0,0.1094,HIGH,Wikipedia / Synthetic Reference Corpora
phy_0384,Physics,1,1.0,0.102,MODERATE,Wikipedia / Synthetic Reference Corpora
phy_0385,Physics,0,1.0,0.0495,HIGH,Wikipedia / Synthetic Reference Corpora
phy_0386,Physics,1,1.0,0.0723,MODERATE,Wikipedia / Synthetic Reference Corpora
phy_0387,Physics,0,1.0,0.0769,HIGH,Wikipedia / Synthetic Reference Corpora
phy_0388,Physics,1,1.0,0.0714,MODERATE,Wikipedia / Synthetic Reference Corpora
phy_0389,Physics,0,1.0,0.0685,HIGH,Wikipedia / Synthetic Reference Corpora
phy_0390,Physics,1,1.0,0.0233,MODERATE,Wikipedia / Synthetic Reference Corpora
phy_0391,Physics,0,1.0,0.1522,HIGH,Wikipedia / Synthetic Reference Corpora
phy_0392,Physics,1,1.0,0.0984,MODERATE,Wikipedia / Synthetic Reference Corpora
phy_0393,Physics,0,1.0,0.0548,HIGH,Wikipedia / Synthetic Reference Corpora
phy_0394,Physics,1,1.0,0.027,MODERATE,Wikipedia / Synthetic Reference Corpora
phy_0395,Physics,0,1.0,0.2051,HIGH,Wikipedia / Synthetic Reference Corpora
phy_0396,Physics,1,1.0,0.0769,MODERATE,Wikipedia / Synthetic Reference Corpora
phy_0397,Physics,0,1.0,0.0612,HIGH,Wikipedia / Synthetic Reference Corpora
phy_0398,Physics,1,1.0,0.0583,MODERATE,Wikipedia / Synthetic Reference Corpora
phy_0399,Physics,0,1.0,0.1321,HIGH,Wikipedia / Synthetic Reference Corpora
phy_0400,Physics,1,1.0,0.08,MODERATE,Wikipedia / Synthetic Reference Corpora
bio_0401,Biology,0,1.0,0.0556,HIGH,Wikipedia / Synthetic Reference Corpora
bio_0402,Biology,1,1.0,0.1053,MODERATE,Wikipedia / Synthetic Reference Corpora
bio_0403,Biology,0,1.0,0.1167,HIGH,Wikipedia / Synthetic Reference Corpora
bio_0404,Biology,1,1.0,0.05,MODERATE,Wikipedia / Synthetic Reference Corpora
bio_0405,Biology,0,1.0,0.1333,HIGH,Wikipedia / Synthetic Reference Corpora
bio_0406,Biology,1,1.0,0.3333,MODERATE,Wikipedia / Synthetic Reference Corpora
bio_0407,Biology,0,1.0,0.1556,HIGH,Wikipedia / Synthetic Reference Corpora
bio_0408,Biology,1,1.0,0.014,MODERATE,Wikipedia / Synthetic Reference Corpora
bio_0409,Biology,0,1.0,0.0667,HIGH,Wikipedia / Synthetic Reference Corpora
bio_0410,Biology,1,1.0,0.0732,MODERATE,Wikipedia / Synthetic Reference Corpora
bio_0411,Biology,0,1.0,0.0337,HIGH,Wikipedia / Synthetic Reference Corpora
bio_0412,Biology,1,1.0,0.0408,MODERATE,Wikipedia / Synthetic Reference Corpora
bio_0413,Biology,0,1.0,0.0357,HIGH,Wikipedia / Synthetic Reference Corpora
bio_0414,Biology,1,1.0,0.0857,MODERATE,Wikipedia / Synthetic Reference Corpora
bio_0415,Biology,0,1.0,0.1364,HIGH,Wikipedia / Synthetic Reference Corpora
bio_0416,Biology,1,1.0,0.0286,MODERATE,Wikipedia / Synthetic Reference Corpora
bio_0417,Biology,0,1.0,0.0408,HIGH,Wikipedia / Synthetic Reference Corpora
bio_0418,Biology,1,1.0,0.0217,MODERATE,Wikipedia / Synthetic Reference Corpora
bio_0419,Biology,0,1.0,0.3636,HIGH,Wikipedia / Synthetic Reference Corpora
bio_0420,Biology,1,1.0,0.0134,MODERATE,Wikipedia / Synthetic Reference Corpora
bio_0421,Biology,0,1.0,0.1333,HIGH,Wikipedia / Synthetic Reference Corpora
bio_0422,Biology,1,1.0,0.0682,MODERATE,Wikipedia / Synthetic Reference Corpora
bio_0423,Biology,0,1.0,0.087,HIGH,Wikipedia / Synthetic Reference Corpora
bio_0424,Biology,1,1.0,0.0135,MODERATE,Wikipedia / Synthetic Reference Corpora
bio_0425,Biology,0,1.0,0.0714,HIGH,Wikipedia / Synthetic Reference Corpora
bio_0426,Biology,1,1.0,0.0244,MODERATE,Wikipedia / Synthetic Reference Corpora
bio_0427,Biology,0,1.0,0.0612,HIGH,Wikipedia / Synthetic Reference Corpora
bio_0428,Biology,1,1.0,0.0444,MODERATE,Wikipedia / Synthetic Reference Corpora
bio_0429,Biology,0,1.0,0.1333,HIGH,Wikipedia / Synthetic Reference Corpora
bio_0430,Biology,1,1.0,0.6667,MODERATE,Wikipedia / Synthetic Reference Corpora
bio_0431,Biology,0,1.0,0.0877,HIGH,Wikipedia / Synthetic Reference Corpora
bio_0432,Biology,1,1.0,0.3333,MODERATE,Wikipedia / Synthetic Reference Corpora
bio_0433,Biology,0,1.0,0.0476,HIGH,Wikipedia / Synthetic Reference Corpora
bio_0434,Biology,1,1.0,0.0732,MODERATE,Wikipedia / Synthetic Reference Corpora
bio_0435,Biology,0,1.0,0.1111,HIGH,Wikipedia / Synthetic Reference Corpora
bio_0436,Biology,1,1.0,0.0283,MODERATE,Wikipedia / Synthetic Reference Corpora
bio_0437,Biology,0,1.0,0.0357,HIGH,Wikipedia / Synthetic Reference Corpora
bio_0438,Biology,1,1.0,0.0476,MODERATE,Wikipedia / Synthetic Reference Corpora
bio_0439,Biology,0,1.0,0.0704,HIGH,Wikipedia / Synthetic Reference Corpora
bio_0440,Biology,1,1.0,0.0213,MODERATE,Wikipedia / Synthetic Reference Corpora
bio_0441,Biology,0,1.0,0.04,HIGH,Wikipedia / Synthetic Reference Corpora
bio_0442,Biology,1,1.0,0.0333,MODERATE,Wikipedia / Synthetic Reference Corpora
bio_0443,Biology,0,1.0,0.0349,HIGH,Wikipedia / Synthetic Reference Corpora
bio_0444,Biology,1,1.0,0.039,MODERATE,Wikipedia / Synthetic Reference Corpora
bio_0445,Biology,0,1.0,0.04,HIGH,Wikipedia / Synthetic Reference Corpora
bio_0446,Biology,1,1.0,0.0811,MODERATE,Wikipedia / Synthetic Reference Corpora
bio_0447,Biology,0,1.0,0.1818,HIGH,Wikipedia / Synthetic Reference Corpora
bio_0448,Biology,1,1.0,0.0392,MODERATE,Wikipedia / Synthetic Reference Corpora
bio_0449,Biology,0,1.0,0.0667,HIGH,Wikipedia / Synthetic Reference Corpora
bio_0450,Biology,1,1.0,0.0909,MODERATE,Wikipedia / Synthetic Reference Corpora
che_0451,Chemistry,0,1.0,0.6875,HIGH,Wikipedia / Synthetic Reference Corpora
che_0452,Chemistry,1,1.0,0.0556,MODERATE,Wikipedia / Synthetic Reference Corpora
che_0453,Chemistry,0,1.0,0.1429,HIGH,Wikipedia / Synthetic Reference Corpora
che_0454,Chemistry,1,1.0,0.1064,MODERATE,Wikipedia / Synthetic Reference Corpora
che_0455,Chemistry,0,1.0,0.4,HIGH,Wikipedia / Synthetic Reference Corpora
che_0456,Chemistry,1,1.0,0.0267,MODERATE,Wikipedia / Synthetic Reference Corpora
che_0457,Chemistry,0,1.0,0.5,HIGH,Wikipedia / Synthetic Reference Corpora
che_0458,Chemistry,1,1.0,0.102,MODERATE,Wikipedia / Synthetic Reference Corpora
che_0459,Chemistry,0,1.0,0.35,HIGH,Wikipedia / Synthetic Reference Corpora
che_0460,Chemistry,1,1.0,0.0652,MODERATE,Wikipedia / Synthetic Reference Corpora
che_0461,Chemistry,0,1.0,0.2,HIGH,Wikipedia / Synthetic Reference Corpora
che_0462,Chemistry,1,1.0,0.093,MODERATE,Wikipedia / Synthetic Reference Corpora
che_0463,Chemistry,0,1.0,0.7778,HIGH,Wikipedia / Synthetic Reference Corpora
che_0464,Chemistry,1,1.0,0.1111,MODERATE,Wikipedia / Synthetic Reference Corpora
che_0465,Chemistry,0,1.0,0.1395,HIGH,Wikipedia / Synthetic Reference Corpora
che_0466,Chemistry,1,1.0,0.0833,MODERATE,Wikipedia / Synthetic Reference Corpora
che_0467,Chemistry,0,1.0,0.0874,HIGH,Wikipedia / Synthetic Reference Corpora
che_0468,Chemistry,1,1.0,0.0385,MODERATE,Wikipedia / Synthetic Reference Corpora
che_0469,Chemistry,0,1.0,0.2857,HIGH,Wikipedia / Synthetic Reference Corpora
che_0470,Chemistry,1,1.0,0.0811,MODERATE,Wikipedia / Synthetic Reference Corpora
che_0471,Chemistry,0,1.0,0.2245,HIGH,Wikipedia / Synthetic Reference Corpora
che_0472,Chemistry,1,1.0,0.0227,MODERATE,Wikipedia / Synthetic Reference Corpora
che_0473,Chemistry,0,1.0,0.5,HIGH,Wikipedia / Synthetic Reference Corpora
che_0474,Chemistry,1,1.0,0.0597,MODERATE,Wikipedia / Synthetic Reference Corpora
che_0475,Chemistry,0,1.0,0.2105,HIGH,Wikipedia / Synthetic Reference Corpora
che_0476,Chemistry,1,1.0,0.0323,MODERATE,Wikipedia / Synthetic Reference Corpora
che_0477,Chemistry,0,1.0,0.1224,HIGH,Wikipedia / Synthetic Reference Corpora
che_0478,Chemistry,1,1.0,0.0909,MODERATE,Wikipedia / Synthetic Reference Corpora
che_0479,Chemistry,0,1.0,0.3846,HIGH,Wikipedia / Synthetic Reference Corpora
che_0480,Chemistry,1,1.0,0.0968,MODERATE,Wikipedia / Synthetic Reference Corpora
che_0481,Chemistry,0,1.0,0.4545,HIGH,Wikipedia / Synthetic Reference Corpora
che_0482,Chemistry,1,1.0,0.0758,MODERATE,Wikipedia / Synthetic Reference Corpora
che_0483,Chemistry,0,1.0,0.275,HIGH,Wikipedia / Synthetic Reference Corpora
che_0484,Chemistry,1,1.0,0.0426,MODERATE,Wikipedia / Synthetic Reference Corpora
che_0485,Chemistry,0,1.0,0.4,HIGH,Wikipedia / Synthetic Reference Corpora
che_0486,Chemistry,1,1.0,0.0732,MODERATE,Wikipedia / Synthetic Reference Corpora
che_0487,Chemistry,0,1.0,0.1019,HIGH,Wikipedia / Synthetic Reference Corpora
che_0488,Chemistry,1,1.0,0.0562,MODERATE,Wikipedia / Synthetic Reference Corpora
che_0489,Chemistry,0,1.0,0.5,HIGH,Wikipedia / Synthetic Reference Corpora
che_0490,Chemistry,1,1.0,0.0602,MODERATE,Wikipedia / Synthetic Reference Corpora
che_0491,Chemistry,0,1.0,0.1957,HIGH,Wikipedia / Synthetic Reference Corpora
che_0492,Chemistry,1,1.0,0.0233,MODERATE,Wikipedia / Synthetic Reference Corpora
che_0493,Chemistry,0,1.0,0.5,HIGH,Wikipedia / Synthetic Reference Corpora
che_0494,Chemistry,1,1.0,0.122,MODERATE,Wikipedia / Synthetic Reference Corpora
che_0495,Chemistry,0,1.0,0.2857,HIGH,Wikipedia / Synthetic Reference Corpora
che_0496,Chemistry,1,1.0,0.0465,MODERATE,Wikipedia / Synthetic Reference Corpora
che_0497,Chemistry,0,1.0,0.5,HIGH,Wikipedia / Synthetic Reference Corpora
che_0498,Chemistry,1,1.0,0.093,MODERATE,Wikipedia / Synthetic Reference Corpora
che_0499,Chemistry,0,1.0,0.8333,HIGH,Wikipedia / Synthetic Reference Corpora
che_0500,Chemistry,1,1.0,0.0448,MODERATE,Wikipedia / Synthetic Reference Corpora
new_0501,News,0,1.0,0.0323,HIGH,Wikipedia / Synthetic Reference Corpora
new_0502,News,1,1.0,0.093,MODERATE,Wikipedia / Synthetic Reference Corpora
new_0503,News,0,1.0,0.056,HIGH,Wikipedia / Synthetic Reference Corpora
new_0504,News,1,1.0,0.036,MODERATE,Wikipedia / Synthetic Reference Corpora
new_0505,News,0,1.0,0.0284,HIGH,Wikipedia / Synthetic Reference Corpora
new_0506,News,1,1.0,0.046,MODERATE,Wikipedia / Synthetic Reference Corpora
new_0507,News,0,1.0,0.04,HIGH,Wikipedia / Synthetic Reference Corpora
new_0508,News,1,1.0,0.0556,MODERATE,Wikipedia / Synthetic Reference Corpora
new_0509,News,0,1.0,0.0938,HIGH,Wikipedia / Synthetic Reference Corpora
new_0510,News,1,1.0,0.0952,MODERATE,Wikipedia / Synthetic Reference Corpora
new_0511,News,0,1.0,0.0297,HIGH,Wikipedia / Synthetic Reference Corpora
new_0512,News,1,1.0,0.044,MODERATE,Wikipedia / Synthetic Reference Corpora
new_0513,News,0,1.0,0.0321,HIGH,Wikipedia / Synthetic Reference Corpora
new_0514,News,1,1.0,0.4286,MODERATE,Wikipedia / Synthetic Reference Corpora
new_0515,News,0,1.0,0.0833,HIGH,Wikipedia / Synthetic Reference Corpora
new_0516,News,1,1.0,0.0625,MODERATE,Wikipedia / Synthetic Reference Corpora
new_0517,News,0,1.0,0.0336,HIGH,Wikipedia / Synthetic Reference Corpora
new_0518,News,1,1.0,0.3333,MODERATE,Wikipedia / Synthetic Reference Corpora
new_0519,News,0,1.0,0.069,HIGH,Wikipedia / Synthetic Reference Corpora
new_0520,News,1,1.0,0.032,MODERATE,Wikipedia / Synthetic Reference Corpora
new_0521,News,0,1.0,0.0548,HIGH,Wikipedia / Synthetic Reference Corpora
new_0522,News,1,1.0,0.0889,MODERATE,Wikipedia / Synthetic Reference Corpora
new_0523,News,0,1.0,0.1053,HIGH,Wikipedia / Synthetic Reference Corpora
new_0524,News,1,1.0,0.0186,MODERATE,Wikipedia / Synthetic Reference Corpora
new_0525,News,0,1.0,0.0284,HIGH,Wikipedia / Synthetic Reference Corpora
new_0526,News,1,1.0,0.1379,MODERATE,Wikipedia / Synthetic Reference Corpora
new_0527,News,0,1.0,0.0984,HIGH,Wikipedia / Synthetic Reference Corpora
new_0528,News,1,1.0,0.0526,MODERATE,Wikipedia / Synthetic Reference Corpora
new_0529,News,0,1.0,0.0329,HIGH,Wikipedia / Synthetic Reference Corpora
new_0530,News,1,1.0,0.25,MODERATE,Wikipedia / Synthetic Reference Corpora
new_0531,News,0,1.0,0.0405,HIGH,Wikipedia / Synthetic Reference Corpora
new_0532,News,1,1.0,0.0656,MODERATE,Wikipedia / Synthetic Reference Corpora
new_0533,News,0,1.0,0.0625,HIGH,Wikipedia / Synthetic Reference Corpora
new_0534,News,1,1.0,0.04,MODERATE,Wikipedia / Synthetic Reference Corpora
new_0535,News,0,1.0,0.0327,HIGH,Wikipedia / Synthetic Reference Corpora
new_0536,News,1,1.0,0.0444,MODERATE,Wikipedia / Synthetic Reference Corpora
new_0537,News,0,1.0,0.0375,HIGH,Wikipedia / Synthetic Reference Corpora
new_0538,News,1,1.0,0.1818,MODERATE,Wikipedia / Synthetic Reference Corpora
new_0539,News,0,1.0,0.119,HIGH,Wikipedia / Synthetic Reference Corpora
new_0540,News,1,1.0,0.0435,MODERATE,Wikipedia / Synthetic Reference Corpora
new_0541,News,0,1.0,0.0606,HIGH,Wikipedia / Synthetic Reference Corpora
new_0542,News,1,1.0,0.0727,MODERATE,Wikipedia / Synthetic Reference Corpora
new_0543,News,0,1.0,0.0625,HIGH,Wikipedia / Synthetic Reference Corpora
new_0544,News,1,1.0,0.0203,MODERATE,Wikipedia / Synthetic Reference Corpora
new_0545,News,0,1.0,0.027,HIGH,Wikipedia / Synthetic Reference Corpora
new_0546,News,1,1.0,0.0769,MODERATE,Wikipedia / Synthetic Reference Corpora
new_0547,News,0,1.0,0.04,HIGH,Wikipedia / Synthetic Reference Corpora
new_0548,News,1,1.0,0.0303,MODERATE,Wikipedia / Synthetic Reference Corpora
new_0549,News,0,1.0,0.0333,HIGH,Wikipedia / Synthetic Reference Corpora
new_0550,News,1,1.0,0.0755,MODERATE,Wikipedia / Synthetic Reference Corpora
mat_0551,Mathematics,0,1.0,0.2,HIGH,Wikipedia / Synthetic Reference Corpora
mat_0552,Mathematics,1,1.0,0.069,MODERATE,Wikipedia / Synthetic Reference Corpora
mat_0553,Mathematics,0,1.0,0.1724,HIGH,Wikipedia / Synthetic Reference Corpora
mat_0554,Mathematics,1,1.0,0.129,MODERATE,Wikipedia / Synthetic Reference Corpora
mat_0555,Mathematics,0,1.0,0.1194,HIGH,Wikipedia / Synthetic Reference Corpora
mat_0556,Mathematics,1,1.0,0.0896,MODERATE,Wikipedia / Synthetic Reference Corpora
mat_0557,Mathematics,0,1.0,0.1429,HIGH,Wikipedia / Synthetic Reference Corpora
mat_0558,Mathematics,1,1.0,0.0682,MODERATE,Wikipedia / Synthetic Reference Corpora
mat_0559,Mathematics,0,1.0,0.1067,HIGH,Wikipedia / Synthetic Reference Corpora
mat_0560,Mathematics,1,1.0,0.0536,MODERATE,Wikipedia / Synthetic Reference Corpora
mat_0561,Mathematics,0,1.0,0.1429,HIGH,Wikipedia / Synthetic Reference Corpora
mat_0562,Mathematics,1,1.0,0.1053,MODERATE,Wikipedia / Synthetic Reference Corpora
mat_0563,Mathematics,0,1.0,0.127,HIGH,Wikipedia / Synthetic Reference Corpora
mat_0564,Mathematics,1,1.0,0.1042,MODERATE,Wikipedia / Synthetic Reference Corpora
mat_0565,Mathematics,0,1.0,0.1915,HIGH,Wikipedia / Synthetic Reference Corpora
mat_0566,Mathematics,1,1.0,0.0741,MODERATE,Wikipedia / Synthetic Reference Corpora
mat_0567,Mathematics,0,1.0,0.1143,HIGH,Wikipedia / Synthetic Reference Corpora
mat_0568,Mathematics,1,1.0,0.0583,MODERATE,Wikipedia / Synthetic Reference Corpora
mat_0569,Mathematics,0,1.0,0.1731,HIGH,Wikipedia / Synthetic Reference Corpora
mat_0570,Mathematics,1,1.0,0.1053,MODERATE,Wikipedia / Synthetic Reference Corpora
mat_0571,Mathematics,0,1.0,0.1077,HIGH,Wikipedia / Synthetic Reference Corpora
mat_0572,Mathematics,1,1.0,0.0451,MODERATE,Wikipedia / Synthetic Reference Corpora
mat_0573,Mathematics,0,1.0,0.0656,HIGH,Wikipedia / Synthetic Reference Corpora
mat_0574,Mathematics,1,1.0,0.098,MODERATE,Wikipedia / Synthetic Reference Corpora
mat_0575,Mathematics,0,1.0,0.0822,HIGH,Wikipedia / Synthetic Reference Corpora
mat_0576,Mathematics,1,1.0,0.0707,MODERATE,Wikipedia / Synthetic Reference Corpora
mat_0577,Mathematics,0,1.0,0.0667,HIGH,Wikipedia / Synthetic Reference Corpora
mat_0578,Mathematics,1,1.0,0.0571,MODERATE,Wikipedia / Synthetic Reference Corpora
mat_0579,Mathematics,0,1.0,0.0988,HIGH,Wikipedia / Synthetic Reference Corpora
mat_0580,Mathematics,1,1.0,0.0652,MODERATE,Wikipedia / Synthetic Reference Corpora
mat_0581,Mathematics,0,1.0,0.8182,HIGH,Wikipedia / Synthetic Reference Corpora
mat_0582,Mathematics,1,1.0,0.0632,MODERATE,Wikipedia / Synthetic Reference Corpora
mat_0583,Mathematics,0,1.0,0.0952,HIGH,Wikipedia / Synthetic Reference Corpora
mat_0584,Mathematics,1,1.0,0.0488,MODERATE,Wikipedia / Synthetic Reference Corpora
mat_0585,Mathematics,0,1.0,0.0643,HIGH,Wikipedia / Synthetic Reference Corpora
mat_0586,Mathematics,1,1.0,0.0385,MODERATE,Wikipedia / Synthetic Reference Corpora
mat_0587,Mathematics,0,1.0,0.1296,HIGH,Wikipedia / Synthetic Reference Corpora
mat_0588,Mathematics,1,1.0,0.3333,MODERATE,Wikipedia / Synthetic Reference Corpora
mat_0589,Mathematics,0,1.0,0.2703,HIGH,Wikipedia / Synthetic Reference Corpora
mat_0590,Mathematics,1,1.0,0.0397,MODERATE,Wikipedia / Synthetic Reference Corpora
mat_0591,Mathematics,0,1.0,0.1778,HIGH,Wikipedia / Synthetic Reference Corpora
mat_0592,Mathematics,1,1.0,0.0511,MODERATE,Wikipedia / Synthetic Reference Corpora
mat_0593,Mathematics,0,1.0,0.1923,HIGH,Wikipedia / Synthetic Reference Corpora
mat_0594,Mathematics,1,1.0,0.1176,MODERATE,Wikipedia / Synthetic Reference Corpora
mat_0595,Mathematics,0,1.0,0.5,HIGH,Wikipedia / Synthetic Reference Corpora
mat_0596,Mathematics,1,1.0,0.0536,MODERATE,Wikipedia / Synthetic Reference Corpora
mat_0597,Mathematics,0,1.0,0.2619,HIGH,Wikipedia / Synthetic Reference Corpora
mat_0598,Mathematics,1,1.0,0.0685,MODERATE,Wikipedia / Synthetic Reference Corpora
mat_0599,Mathematics,0,1.0,0.1333,HIGH,Wikipedia / Synthetic Reference Corpora
mat_0600,Mathematics,1,1.0,0.0541,MODERATE,Wikipedia / Synthetic Reference Corpora
geo_0601,Geography,0,1.0,0.1562,HIGH,Wikipedia / Synthetic Reference Corpora
geo_0602,Geography,1,1.0,0.6667,MODERATE,Wikipedia / Synthetic Reference Corpora
geo_0603,Geography,0,1.0,0.2692,HIGH,Wikipedia / Synthetic Reference Corpora
geo_0604,Geography,1,1.0,0.2778,MODERATE,Wikipedia / Synthetic Reference Corpora
geo_0605,Geography,0,1.0,0.2727,HIGH,Wikipedia / Synthetic Reference Corpora
geo_0606,Geography,1,1.0,0.1163,MODERATE,Wikipedia / Synthetic Reference Corpora
geo_0607,Geography,0,1.0,0.1875,HIGH,Wikipedia / Synthetic Reference Corpora
geo_0608,Geography,1,1.0,0.098,MODERATE,Wikipedia / Synthetic Reference Corpora
geo_0609,Geography,0,1.0,0.2188,HIGH,Wikipedia / Synthetic Reference Corpora
geo_0610,Geography,1,1.0,0.2222,MODERATE,Wikipedia / Synthetic Reference Corpora
geo_0611,Geography,0,1.0,0.7,HIGH,Wikipedia / Synthetic Reference Corpora
geo_0612,Geography,1,1.0,0.0833,MODERATE,Wikipedia / Synthetic Reference Corpora
geo_0613,Geography,0,1.0,0.2917,HIGH,Wikipedia / Synthetic Reference Corpora
geo_0614,Geography,1,1.0,0.3077,MODERATE,Wikipedia / Synthetic Reference Corpora
geo_0615,Geography,0,1.0,0.1714,HIGH,Wikipedia / Synthetic Reference Corpora
geo_0616,Geography,1,1.0,0.3125,MODERATE,Wikipedia / Synthetic Reference Corpora
geo_0617,Geography,0,1.0,1.0,HIGH,Wikipedia / Synthetic Reference Corpora
geo_0618,Geography,1,1.0,0.1463,MODERATE,Wikipedia / Synthetic Reference Corpora
geo_0619,Geography,0,1.0,0.24,HIGH,Wikipedia / Synthetic Reference Corpora
geo_0620,Geography,1,1.0,0.25,MODERATE,Wikipedia / Synthetic Reference Corpora
geo_0621,Geography,0,1.0,0.1429,HIGH,Wikipedia / Synthetic Reference Corpora
geo_0622,Geography,1,1.0,0.4444,MODERATE,Wikipedia / Synthetic Reference Corpora
geo_0623,Geography,0,1.0,0.25,HIGH,Wikipedia / Synthetic Reference Corpora
geo_0624,Geography,1,1.0,0.1163,MODERATE,Wikipedia / Synthetic Reference Corpora
geo_0625,Geography,0,1.0,0.1509,HIGH,Wikipedia / Synthetic Reference Corpora
geo_0626,Geography,1,1.0,0.6667,MODERATE,Wikipedia / Synthetic Reference Corpora
geo_0627,Geography,0,1.0,0.2857,HIGH,Wikipedia / Synthetic Reference Corpora
geo_0628,Geography,1,1.0,0.4167,MODERATE,Wikipedia / Synthetic Reference Corpora
geo_0629,Geography,0,1.0,0.1224,HIGH,Wikipedia / Synthetic Reference Corpora
geo_0630,Geography,1,1.0,0.2353,MODERATE,Wikipedia / Synthetic Reference Corpora
geo_0631,Geography,0,1.0,0.25,HIGH,Wikipedia / Synthetic Reference Corpora
geo_0632,Geography,1,1.0,0.8333,MODERATE,Wikipedia / Synthetic Reference Corpora
geo_0633,Geography,0,1.0,0.2273,HIGH,Wikipedia / Synthetic Reference Corpora
geo_0634,Geography,1,1.0,0.6667,MODERATE,Wikipedia / Synthetic Reference Corpora
geo_0635,Geography,0,1.0,0.1935,HIGH,Wikipedia / Synthetic Reference Corpora
geo_0636,Geography,1,1.0,0.1786,MODERATE,Wikipedia / Synthetic Reference Corpora
geo_0637,Geography,0,1.0,0.1707,HIGH,Wikipedia / Synthetic Reference Corpora
geo_0638,Geography,1,1.0,0.2,MODERATE,Wikipedia / Synthetic Reference Corpora
geo_0639,Geography,0,1.0,0.2414,HIGH,Wikipedia / Synthetic Reference Corpora
geo_0640,Geography,1,1.0,0.625,MODERATE,Wikipedia / Synthetic Reference Corpora
geo_0641,Geography,0,1.0,0.125,HIGH,Wikipedia / Synthetic Reference Corpora
geo_0642,Geography,1,1.0,0.6667,MODERATE,Wikipedia / Synthetic Reference Corpora
geo_0643,Geography,0,1.0,0.3333,HIGH,Wikipedia / Synthetic Reference Corpora
geo_0644,Geography,1,1.0,0.625,MODERATE,Wikipedia / Synthetic Reference Corpora
geo_0645,Geography,0,1.0,0.1591,HIGH,Wikipedia / Synthetic Reference Corpora
geo_0646,Geography,1,1.0,0.6667,MODERATE,Wikipedia / Synthetic Reference Corpora
geo_0647,Geography,0,1.0,0.1667,HIGH,Wikipedia / Synthetic Reference Corpora
geo_0648,Geography,1,1.0,0.3125,MODERATE,Wikipedia / Synthetic Reference Corpora
geo_0649,Geography,0,1.0,0.25,HIGH,Wikipedia / Synthetic Reference Corpora
geo_0650,Geography,1,1.0,0.2857,MODERATE,Wikipedia / Synthetic Reference Corpora
pol_0651,Politics,0,1.0,0.0141,HIGH,Wikipedia / Synthetic Reference Corpora
pol_0652,Politics,1,1.0,0.6364,MODERATE,Wikipedia / Synthetic Reference Corpora
pol_0653,Politics,0,1.0,0.042,HIGH,Wikipedia / Synthetic Reference Corpora
pol_0654,Politics,1,1.0,0.0563,MODERATE,Wikipedia / Synthetic Reference Corpora
pol_0655,Politics,0,1.0,0.0339,HIGH,Wikipedia / Synthetic Reference Corpora
pol_0656,Politics,1,1.0,0.1591,MODERATE,Wikipedia / Synthetic Reference Corpora
pol_0657,Politics,0,1.0,0.0556,HIGH,Wikipedia / Synthetic Reference Corpora
pol_0658,Politics,1,1.0,0.0789,MODERATE,Wikipedia / Synthetic Reference Corpora
pol_0659,Politics,0,1.0,0.0147,HIGH,Wikipedia / Synthetic Reference Corpora
pol_0660,Politics,1,1.0,0.1923,MODERATE,Wikipedia / Synthetic Reference Corpora
pol_0661,Politics,0,1.0,0.0833,HIGH,Wikipedia / Synthetic Reference Corpora
pol_0662,Politics,1,1.0,0.0536,MODERATE,Wikipedia / Synthetic Reference Corpora
pol_0663,Politics,0,1.0,0.0206,HIGH,Wikipedia / Synthetic Reference Corpora
pol_0664,Politics,1,1.0,0.25,MODERATE,Wikipedia / Synthetic Reference Corpora
pol_0665,Politics,0,1.0,0.1053,HIGH,Wikipedia / Synthetic Reference Corpora
pol_0666,Politics,1,1.0,0.0909,MODERATE,Wikipedia / Synthetic Reference Corpora
pol_0667,Politics,0,1.0,0.0366,HIGH,Wikipedia / Synthetic Reference Corpora
pol_0668,Politics,1,1.0,0.1515,MODERATE,Wikipedia / Synthetic Reference Corpora
pol_0669,Politics,0,1.0,0.0714,HIGH,Wikipedia / Synthetic Reference Corpora
pol_0670,Politics,1,1.0,0.0561,MODERATE,Wikipedia / Synthetic Reference Corpora
pol_0671,Politics,0,1.0,0.0323,HIGH,Wikipedia / Synthetic Reference Corpora
pol_0672,Politics,1,1.0,0.1765,MODERATE,Wikipedia / Synthetic Reference Corpora
pol_0673,Politics,0,1.0,0.0667,HIGH,Wikipedia / Synthetic Reference Corpora
pol_0674,Politics,1,1.0,0.0652,MODERATE,Wikipedia / Synthetic Reference Corpora
pol_0675,Politics,0,1.0,0.0408,HIGH,Wikipedia / Synthetic Reference Corpora
pol_0676,Politics,1,1.0,0.1765,MODERATE,Wikipedia / Synthetic Reference Corpora
pol_0677,Politics,0,1.0,0.0549,HIGH,Wikipedia / Synthetic Reference Corpora
pol_0678,Politics,1,1.0,0.098,MODERATE,Wikipedia / Synthetic Reference Corpora
pol_0679,Politics,0,1.0,0.0137,HIGH,Wikipedia / Synthetic Reference Corpora
pol_0680,Politics,1,1.0,0.3889,MODERATE,Wikipedia / Synthetic Reference Corpora
pol_0681,Politics,0,1.0,0.0833,HIGH,Wikipedia / Synthetic Reference Corpora
pol_0682,Politics,1,1.0,0.1875,MODERATE,Wikipedia / Synthetic Reference Corpora
pol_0683,Politics,0,1.0,0.0161,HIGH,Wikipedia / Synthetic Reference Corpora
pol_0684,Politics,1,1.0,0.1786,MODERATE,Wikipedia / Synthetic Reference Corpora
pol_0685,Politics,0,1.0,0.0656,HIGH,Wikipedia / Synthetic Reference Corpora
pol_0686,Politics,1,1.0,0.0735,MODERATE,Wikipedia / Synthetic Reference Corpora
pol_0687,Politics,0,1.0,0.0126,HIGH,Wikipedia / Synthetic Reference Corpora
pol_0688,Politics,1,1.0,0.2174,MODERATE,Wikipedia / Synthetic Reference Corpora
pol_0689,Politics,0,1.0,0.058,HIGH,Wikipedia / Synthetic Reference Corpora
pol_0690,Politics,1,1.0,0.0877,MODERATE,Wikipedia / Synthetic Reference Corpora
pol_0691,Politics,0,1.0,0.0216,HIGH,Wikipedia / Synthetic Reference Corpora
pol_0692,Politics,1,1.0,0.5714,MODERATE,Wikipedia / Synthetic Reference Corpora
pol_0693,Politics,0,1.0,0.0741,HIGH,Wikipedia / Synthetic Reference Corpora
pol_0694,Politics,1,1.0,0.0536,MODERATE,Wikipedia / Synthetic Reference Corpora
pol_0695,Politics,0,1.0,0.0125,HIGH,Wikipedia / Synthetic Reference Corpora
pol_0696,Politics,1,1.0,0.0577,MODERATE,Wikipedia / Synthetic Reference Corpora
pol_0697,Politics,0,1.0,0.125,HIGH,Wikipedia / Synthetic Reference Corpora
pol_0698,Politics,1,1.0,0.0339,MODERATE,Wikipedia / Synthetic Reference Corpora
pol_0699,Politics,0,1.0,0.0205,HIGH,Wikipedia / Synthetic Reference Corpora
pol_0700,Politics,1,1.0,0.1111,MODERATE,Wikipedia / Synthetic Reference Corpora
lit_0701,Literature,0,1.0,0.1053,HIGH,Wikipedia / Synthetic Reference Corpora
lit_0702,Literature,1,1.0,0.0769,MODERATE,Wikipedia / Synthetic Reference Corpora
lit_0703,Literature,0,1.0,0.037,HIGH,Wikipedia / Synthetic Reference Corpora
lit_0704,Literature,1,1.0,0.0952,MODERATE,Wikipedia / Synthetic Reference Corpora
lit_0705,Literature,0,1.0,0.3333,HIGH,Wikipedia / Synthetic Reference Corpora
lit_0706,Literature,1,1.0,0.375,MODERATE,Wikipedia / Synthetic Reference Corpora
lit_0707,Literature,0,1.0,0.1034,HIGH,Wikipedia / Synthetic Reference Corpora
lit_0708,Literature,1,1.0,0.4,MODERATE,Wikipedia / Synthetic Reference Corpora
lit_0709,Literature,0,1.0,0.3333,HIGH,Wikipedia / Synthetic Reference Corpora
lit_0710,Literature,1,1.0,0.1053,MODERATE,Wikipedia / Synthetic Reference Corpora
lit_0711,Literature,0,1.0,0.375,HIGH,Wikipedia / Synthetic Reference Corpora
lit_0712,Literature,1,1.0,0.4,MODERATE,Wikipedia / Synthetic Reference Corpora
lit_0713,Literature,0,1.0,0.3333,HIGH,Wikipedia / Synthetic Reference Corpora
lit_0714,Literature,1,1.0,0.2,MODERATE,Wikipedia / Synthetic Reference Corpora
lit_0715,Literature,0,1.0,0.1667,HIGH,Wikipedia / Synthetic Reference Corpora
lit_0716,Literature,1,1.0,0.375,MODERATE,Wikipedia / Synthetic Reference Corpora
lit_0717,Literature,0,1.0,0.1765,HIGH,Wikipedia / Synthetic Reference Corpora
lit_0718,Literature,1,1.0,0.3,MODERATE,Wikipedia / Synthetic Reference Corpora
lit_0719,Literature,0,1.0,0.0241,HIGH,Wikipedia / Synthetic Reference Corpora
lit_0720,Literature,1,1.0,0.0755,MODERATE,Wikipedia / Synthetic Reference Corpora
lit_0721,Literature,0,1.0,0.1875,HIGH,Wikipedia / Synthetic Reference Corpora
lit_0722,Literature,1,1.0,0.2727,MODERATE,Wikipedia / Synthetic Reference Corpora
lit_0723,Literature,0,1.0,0.25,HIGH,Wikipedia / Synthetic Reference Corpora
lit_0724,Literature,1,1.0,0.3333,MODERATE,Wikipedia / Synthetic Reference Corpora
lit_0725,Literature,0,1.0,0.2857,HIGH,Wikipedia / Synthetic Reference Corpora
lit_0726,Literature,1,1.0,0.375,MODERATE,Wikipedia / Synthetic Reference Corpora
lit_0727,Literature,0,1.0,0.2,HIGH,Wikipedia / Synthetic Reference Corpora
lit_0728,Literature,1,1.0,0.375,MODERATE,Wikipedia / Synthetic Reference Corpora
lit_0729,Literature,0,1.0,0.3333,HIGH,Wikipedia / Synthetic Reference Corpora
lit_0730,Literature,1,1.0,0.375,MODERATE,Wikipedia / Synthetic Reference Corpora
lit_0731,Literature,0,1.0,0.1667,HIGH,Wikipedia / Synthetic Reference Corpora
lit_0732,Literature,1,1.0,0.2222,MODERATE,Wikipedia / Synthetic Reference Corpora
lit_0733,Literature,0,1.0,0.3333,HIGH,Wikipedia / Synthetic Reference Corpora
lit_0734,Literature,1,1.0,0.0667,MODERATE,Wikipedia / Synthetic Reference Corpora
lit_0735,Literature,0,1.0,0.25,HIGH,Wikipedia / Synthetic Reference Corpora
lit_0736,Literature,1,1.0,0.0741,MODERATE,Wikipedia / Synthetic Reference Corpora
lit_0737,Literature,0,1.0,0.3333,HIGH,Wikipedia / Synthetic Reference Corpora
lit_0738,Literature,1,1.0,0.2143,MODERATE,Wikipedia / Synthetic Reference Corpora
lit_0739,Literature,0,1.0,0.0351,HIGH,Wikipedia / Synthetic Reference Corpora
lit_0740,Literature,1,1.0,0.1875,MODERATE,Wikipedia / Synthetic Reference Corpora
lit_0741,Literature,0,1.0,0.3333,HIGH,Wikipedia / Synthetic Reference Corpora
lit_0742,Literature,1,1.0,0.375,MODERATE,Wikipedia / Synthetic Reference Corpora
lit_0743,Literature,0,1.0,1.0,HIGH,Wikipedia / Synthetic Reference Corpora
lit_0744,Literature,1,1.0,0.3333,MODERATE,Wikipedia / Synthetic Reference Corpora
lit_0745,Literature,0,1.0,0.3333,HIGH,Wikipedia / Synthetic Reference Corpora
lit_0746,Literature,1,1.0,0.1,MODERATE,Wikipedia / Synthetic Reference Corpora
lit_0747,Literature,0,1.0,0.1053,HIGH,Wikipedia / Synthetic Reference Corpora
lit_0748,Literature,1,1.0,0.375,MODERATE,Wikipedia / Synthetic Reference Corpora
lit_0749,Literature,0,1.0,0.3333,HIGH,Wikipedia / Synthetic Reference Corpora
lit_0750,Literature,1,1.0,0.375,MODERATE,Wikipedia / Synthetic Reference Corpora
