sample_id,domain,ground_truth,phase6_char_count,phase7_char_count,phase6_token_count,phase7_token_count,phase6_sentence_count,phase7_sentence_count,phase6_claim_count,phase7_claim_count,phase6_lexical_diversity,phase7_lexical_diversity,phase7_model,phase7_temperature,phase7_generation_count
gen_0001,General Knowledge,0,31,31,6,6,2,2,1,1,1.0,1.0,qwen2.5-coder:1.5b,0.7,3
gen_0002,General Knowledge,1,50,45,9,8,2,2,1,1,1.0,1.0,qwen2.5-coder:1.5b,0.7,3
gen_0003,General Knowledge,0,54,96,9,16,2,2,1,2,1.0,1.0,qwen2.5-coder:1.5b,0.7,3
gen_0004,General Knowledge,1,49,92,9,16,2,2,1,2,0.7778,0.875,qwen2.5-coder:1.5b,0.7,3
gen_0005,General Knowledge,0,31,31,6,6,2,2,1,1,1.0,1.0,qwen2.5-coder:1.5b,0.7,3
gen_0006,General Knowledge,1,50,310,9,58,2,4,1,2,1.0,0.7586,qwen2.5-coder:1.5b,0.7,3
gen_0007,General Knowledge,0,54,73,9,12,2,2,1,2,1.0,0.9167,qwen2.5-coder:1.5b,0.7,3
gen_0008,General Knowledge,1,49,290,9,51,2,5,1,2,0.7778,0.6667,qwen2.5-coder:1.5b,0.7,3
gen_0009,General Knowledge,0,31,36,6,7,2,2,1,1,1.0,1.0,qwen2.5-coder:1.5b,0.7,3
gen_0010,General Knowledge,1,50,137,9,24,2,3,1,2,1.0,0.9583,qwen2.5-coder:1.5b,0.7,3
gen_0011,General Knowledge,0,54,140,9,23,2,3,1,2,1.0,1.0,qwen2.5-coder:1.5b,0.7,3
gen_0012,General Knowledge,1,49,121,9,21,2,2,1,2,0.7778,0.9048,qwen2.5-coder:1.5b,0.7,3
gen_0013,General Knowledge,0,31,36,6,7,2,2,1,1,1.0,1.0,qwen2.5-coder:1.5b,0.7,3
gen_0014,General Knowledge,1,50,45,9,8,2,2,1,1,1.0,1.0,qwen2.5-coder:1.5b,0.7,3
gen_0015,General Knowledge,0,54,109,9,19,2,2,1,2,1.0,1.0,qwen2.5-coder:1.5b,0.7,3
gen_0016,General Knowledge,1,49,243,9,40,2,3,1,2,0.7778,0.875,qwen2.5-coder:1.5b,0.7,3
gen_0017,General Knowledge,0,31,31,6,6,2,2,1,1,1.0,1.0,qwen2.5-coder:1.5b,0.7,3
gen_0018,General Knowledge,1,50,228,9,39,2,4,1,3,1.0,0.8205,qwen2.5-coder:1.5b,0.7,3
gen_0019,General Knowledge,0,54,147,9,26,2,2,1,2,1.0,0.9615,qwen2.5-coder:1.5b,0.7,3
gen_0020,General Knowledge,1,49,82,9,14,2,2,1,2,0.7778,0.9286,qwen2.5-coder:1.5b,0.7,3
gen_0021,General Knowledge,0,31,31,6,6,2,2,1,1,1.0,1.0,qwen2.5-coder:1.5b,0.7,3
gen_0022,General Knowledge,1,50,45,9,8,2,2,1,1,1.0,1.0,qwen2.5-coder:1.5b,0.7,3
gen_0023,General Knowledge,0,54,47,9,8,2,2,1,1,1.0,1.0,qwen2.5-coder:1.5b,0.7,3
gen_0024,General Knowledge,1,49,39,9,7,2,2,1,1,0.7778,0.8571,qwen2.5-coder:1.5b,0.7,3
gen_0025,General Knowledge,0,31,31,6,6,2,2,1,1,1.0,1.0,qwen2.5-coder:1.5b,0.7,3
gen_0026,General Knowledge,1,50,261,9,46,2,4,1,2,1.0,0.8261,qwen2.5-coder:1.5b,0.7,3
gen_0027,General Knowledge,0,54,65,9,11,2,2,1,1,1.0,1.0,qwen2.5-coder:1.5b,0.7,3
gen_0028,General Knowledge,1,49,141,9,23,2,2,1,2,0.7778,0.8261,qwen2.5-coder:1.5b,0.7,3
gen_0029,General Knowledge,0,31,31,6,6,2,2,1,1,1.0,1.0,qwen2.5-coder:1.5b,0.7,3
gen_0030,General Knowledge,1,50,45,9,8,2,2,1,1,1.0,1.0,qwen2.5-coder:1.5b,0.7,3
gen_0031,General Knowledge,0,54,132,9,23,2,3,1,2,1.0,1.0,qwen2.5-coder:1.5b,0.7,3
gen_0032,General Knowledge,1,49,129,9,23,2,2,1,2,0.7778,0.8261,qwen2.5-coder:1.5b,0.7,3
gen_0033,General Knowledge,0,31,31,6,6,2,2,1,1,1.0,1.0,qwen2.5-coder:1.5b,0.7,3
gen_0034,General Knowledge,1,50,45,9,8,2,2,1,1,1.0,1.0,qwen2.5-coder:1.5b,0.7,3
gen_0035,General Knowledge,0,54,155,9,27,2,3,1,2,1.0,0.9259,qwen2.5-coder:1.5b,0.7,3
gen_0036,General Knowledge,1,49,229,9,40,2,3,1,3,0.7778,0.825,qwen2.5-coder:1.5b,0.7,3
gen_0037,General Knowledge,0,31,31,6,6,2,2,1,1,1.0,1.0,qwen2.5-coder:1.5b,0.7,3
gen_0038,General Knowledge,1,50,45,9,8,2,2,1,1,1.0,1.0,qwen2.5-coder:1.5b,0.7,3
gen_0039,General Knowledge,0,54,167,9,30,2,3,1,2,1.0,0.8333,qwen2.5-coder:1.5b,0.7,3
gen_0040,General Knowledge,1,49,117,9,22,2,3,1,1,0.7778,0.8182,qwen2.5-coder:1.5b,0.7,3
gen_0041,General Knowledge,0,31,31,6,6,2,2,1,1,1.0,1.0,qwen2.5-coder:1.5b,0.7,3
gen_0042,General Knowledge,1,50,45,9,8,2,2,1,1,1.0,1.0,qwen2.5-coder:1.5b,0.7,3
gen_0043,General Knowledge,0,54,107,9,18,2,2,1,2,1.0,1.0,qwen2.5-coder:1.5b,0.7,3
gen_0044,General Knowledge,1,49,313,9,53,2,4,1,3,0.7778,0.7925,qwen2.5-coder:1.5b,0.7,3
gen_0045,General Knowledge,0,31,36,6,7,2,2,1,1,1.0,1.0,qwen2.5-coder:1.5b,0.7,3
gen_0046,General Knowledge,1,50,106,9,20,2,3,1,2,1.0,0.95,qwen2.5-coder:1.5b,0.7,3
gen_0047,General Knowledge,0,54,95,9,17,2,2,1,1,1.0,1.0,qwen2.5-coder:1.5b,0.7,3
gen_0048,General Knowledge,1,49,159,9,26,2,3,1,2,0.7778,0.8077,qwen2.5-coder:1.5b,0.7,3
gen_0049,General Knowledge,0,31,31,6,6,2,2,1,1,1.0,1.0,qwen2.5-coder:1.5b,0.7,3
gen_0050,General Knowledge,1,50,45,9,8,2,2,1,1,1.0,1.0,qwen2.5-coder:1.5b,0.7,3
med_0051,Medicine,0,59,362,8,55,2,5,1,2,1.0,0.8545,qwen2.5-coder:1.5b,0.7,3
med_0052,Medicine,1,56,1427,9,215,2,17,1,6,1.0,0.6372,qwen2.5-coder:1.5b,0.7,3
med_0053,Medicine,0,58,1344,8,199,2,17,1,7,1.0,0.6482,qwen2.5-coder:1.5b,0.7,3
med_0054,Medicine,1,53,779,7,106,2,8,1,7,1.0,0.8019,qwen2.5-coder:1.5b,0.7,3
med_0055,Medicine,0,59,466,8,71,2,5,1,3,1.0,0.8028,qwen2.5-coder:1.5b,0.7,3
med_0056,Medicine,1,56,343,9,52,2,4,1,3,1.0,0.9423,qwen2.5-coder:1.5b,0.7,3
med_0057,Medicine,0,58,1212,8,192,2,15,1,7,1.0,0.5156,qwen2.5-coder:1.5b,0.7,3
med_0058,Medicine,1,53,868,7,121,2,7,1,10,1.0,0.6694,qwen2.5-coder:1.5b,0.7,3
med_0059,Medicine,0,59,567,8,81,2,4,1,4,1.0,0.7901,qwen2.5-coder:1.5b,0.7,3
med_0060,Medicine,1,56,1716,9,267,2,21,1,9,1.0,0.6667,qwen2.5-coder:1.5b,0.7,3
med_0061,Medicine,0,58,379,8,59,2,5,1,4,1.0,0.7797,qwen2.5-coder:1.5b,0.7,3
med_0062,Medicine,1,53,1222,7,177,2,14,1,8,1.0,0.7458,qwen2.5-coder:1.5b,0.7,3
med_0063,Medicine,0,59,336,8,54,2,5,1,4,1.0,0.8333,qwen2.5-coder:1.5b,0.7,3
med_0064,Medicine,1,56,1546,9,235,2,20,1,10,1.0,0.6894,qwen2.5-coder:1.5b,0.7,3
med_0065,Medicine,0,58,208,8,34,2,2,1,3,1.0,0.7647,qwen2.5-coder:1.5b,0.7,3
med_0066,Medicine,1,53,412,7,58,2,4,1,2,1.0,0.8793,qwen2.5-coder:1.5b,0.7,3
med_0067,Medicine,0,59,608,8,95,2,5,1,3,1.0,0.7895,qwen2.5-coder:1.5b,0.7,3
med_0068,Medicine,1,56,1222,9,179,2,14,1,7,1.0,0.6816,qwen2.5-coder:1.5b,0.7,3
med_0069,Medicine,0,58,128,8,21,2,2,1,2,1.0,0.8571,qwen2.5-coder:1.5b,0.7,3
med_0070,Medicine,1,53,743,7,107,2,7,1,5,1.0,0.7196,qwen2.5-coder:1.5b,0.7,3
med_0071,Medicine,0,59,759,8,123,2,8,1,6,1.0,0.6829,qwen2.5-coder:1.5b,0.7,3
med_0072,Medicine,1,56,391,9,58,2,5,1,3,1.0,0.8103,qwen2.5-coder:1.5b,0.7,3
med_0073,Medicine,0,58,719,8,117,2,7,1,3,1.0,0.6068,qwen2.5-coder:1.5b,0.7,3
med_0074,Medicine,1,53,417,7,61,2,5,1,1,1.0,0.7213,qwen2.5-coder:1.5b,0.7,3
med_0075,Medicine,0,59,910,8,139,2,7,1,7,1.0,0.6763,qwen2.5-coder:1.5b,0.7,3
med_0076,Medicine,1,56,1767,9,266,2,20,1,11,1.0,0.6165,qwen2.5-coder:1.5b,0.7,3
med_0077,Medicine,0,58,915,8,146,2,9,1,6,1.0,0.5274,qwen2.5-coder:1.5b,0.7,3
med_0078,Medicine,1,53,386,7,56,2,5,1,2,1.0,0.8214,qwen2.5-coder:1.5b,0.7,3
med_0079,Medicine,0,59,300,8,48,2,4,1,1,1.0,0.8333,qwen2.5-coder:1.5b,0.7,3
med_0080,Medicine,1,56,1696,9,257,2,21,1,15,1.0,0.6654,qwen2.5-coder:1.5b,0.7,3
med_0081,Medicine,0,58,1499,8,224,2,18,1,4,1.0,0.6071,qwen2.5-coder:1.5b,0.7,3
med_0082,Medicine,1,53,457,7,67,2,5,1,5,1.0,0.7463,qwen2.5-coder:1.5b,0.7,3
med_0083,Medicine,0,59,374,8,57,2,4,1,3,1.0,0.8421,qwen2.5-coder:1.5b,0.7,3
med_0084,Medicine,1,56,1547,9,238,2,21,1,6,1.0,0.6429,qwen2.5-coder:1.5b,0.7,3
med_0085,Medicine,0,58,2072,8,312,2,21,1,13,1.0,0.4038,qwen2.5-coder:1.5b,0.7,3
med_0086,Medicine,1,53,110,7,14,2,3,1,1,1.0,0.9286,qwen2.5-coder:1.5b,0.7,3
med_0087,Medicine,0,59,523,8,75,2,6,1,4,1.0,0.8,qwen2.5-coder:1.5b,0.7,3
med_0088,Medicine,1,56,1826,9,297,2,24,1,12,1.0,0.6263,qwen2.5-coder:1.5b,0.7,3
med_0089,Medicine,0,58,1079,8,173,2,12,1,5,1.0,0.6012,qwen2.5-coder:1.5b,0.7,3
med_0090,Medicine,1,53,371,7,62,2,4,1,4,1.0,0.7419,qwen2.5-coder:1.5b,0.7,3
med_0091,Medicine,0,59,358,8,58,2,4,1,2,1.0,0.7759,qwen2.5-coder:1.5b,0.7,3
med_0092,Medicine,1,56,1426,9,219,2,19,1,8,1.0,0.6895,qwen2.5-coder:1.5b,0.7,3
med_0093,Medicine,0,58,1101,8,171,2,16,1,6,1.0,0.5439,qwen2.5-coder:1.5b,0.7,3
med_0094,Medicine,1,53,868,7,127,2,7,1,11,1.0,0.748,qwen2.5-coder:1.5b,0.7,3
med_0095,Medicine,0,59,385,8,62,2,5,1,4,1.0,0.7903,qwen2.5-coder:1.5b,0.7,3
med_0096,Medicine,1,56,2069,9,305,2,27,1,10,1.0,0.659,qwen2.5-coder:1.5b,0.7,3
med_0097,Medicine,0,58,1275,8,198,2,17,1,7,1.0,0.6212,qwen2.5-coder:1.5b,0.7,3
med_0098,Medicine,1,53,368,7,54,2,5,1,3,1.0,0.8333,qwen2.5-coder:1.5b,0.7,3
med_0099,Medicine,0,59,358,8,50,2,4,1,2,1.0,0.82,qwen2.5-coder:1.5b,0.7,3
med_0100,Medicine,1,56,2480,9,357,2,26,1,11,1.0,0.6471,qwen2.5-coder:1.5b,0.7,3
law_0101,Law,0,70,852,11,134,2,6,1,4,1.0,0.6791,qwen2.5-coder:1.5b,0.7,3
law_0102,Law,1,61,64,9,11,2,2,1,1,1.0,0.9091,qwen2.5-coder:1.5b,0.7,3
law_0103,Law,0,63,496,9,80,2,5,1,2,1.0,0.775,qwen2.5-coder:1.5b,0.7,3
law_0104,Law,1,72,505,10,83,2,5,1,3,1.0,0.8313,qwen2.5-coder:1.5b,0.7,3
law_0105,Law,0,70,960,11,155,2,7,1,9,1.0,0.6645,qwen2.5-coder:1.5b,0.7,3
law_0106,Law,1,61,459,9,68,2,5,1,2,1.0,0.7941,qwen2.5-coder:1.5b,0.7,3
law_0107,Law,0,63,1249,9,203,2,9,1,11,1.0,0.6305,qwen2.5-coder:1.5b,0.7,3
law_0108,Law,1,72,991,10,155,2,7,1,6,1.0,0.7032,qwen2.5-coder:1.5b,0.7,3
law_0109,Law,0,70,1007,11,175,2,6,1,6,1.0,0.5714,qwen2.5-coder:1.5b,0.7,3
law_0110,Law,1,61,194,9,32,2,3,1,1,1.0,0.8438,qwen2.5-coder:1.5b,0.7,3
law_0111,Law,0,63,1727,9,263,2,15,1,11,1.0,0.6502,qwen2.5-coder:1.5b,0.7,3
law_0112,Law,1,72,443,10,74,2,5,1,4,1.0,0.7162,qwen2.5-coder:1.5b,0.7,3
law_0113,Law,0,70,1103,11,174,2,8,1,8,1.0,0.6667,qwen2.5-coder:1.5b,0.7,3
law_0114,Law,1,61,685,9,114,2,14,1,4,1.0,0.7281,qwen2.5-coder:1.5b,0.7,3
law_0115,Law,0,63,518,9,94,2,4,1,3,1.0,0.734,qwen2.5-coder:1.5b,0.7,3
law_0116,Law,1,72,451,10,74,2,5,1,2,1.0,0.7838,qwen2.5-coder:1.5b,0.7,3
law_0117,Law,0,70,379,11,65,2,3,1,3,1.0,0.7385,qwen2.5-coder:1.5b,0.7,3
law_0118,Law,1,61,441,9,66,2,4,1,3,1.0,0.7576,qwen2.5-coder:1.5b,0.7,3
law_0119,Law,0,63,463,9,80,2,5,1,3,1.0,0.675,qwen2.5-coder:1.5b,0.7,3
law_0120,Law,1,72,718,10,115,2,6,1,5,1.0,0.7304,qwen2.5-coder:1.5b,0.7,3
law_0121,Law,0,70,529,11,89,2,4,1,4,1.0,0.6854,qwen2.5-coder:1.5b,0.7,3
law_0122,Law,1,61,606,9,96,2,6,1,5,1.0,0.625,qwen2.5-coder:1.5b,0.7,3
law_0123,Law,0,63,755,9,120,2,7,1,6,1.0,0.725,qwen2.5-coder:1.5b,0.7,3
law_0124,Law,1,72,540,10,89,2,5,1,4,1.0,0.7865,qwen2.5-coder:1.5b,0.7,3
law_0125,Law,0,70,979,11,158,2,7,1,6,1.0,0.6266,qwen2.5-coder:1.5b,0.7,3
law_0126,Law,1,61,501,9,84,2,5,1,4,1.0,0.7619,qwen2.5-coder:1.5b,0.7,3
law_0127,Law,0,63,824,9,139,2,7,1,7,1.0,0.6835,qwen2.5-coder:1.5b,0.7,3
law_0128,Law,1,72,325,10,55,2,4,1,2,1.0,0.7818,qwen2.5-coder:1.5b,0.7,3
law_0129,Law,0,70,1593,11,259,2,12,1,12,1.0,0.5521,qwen2.5-coder:1.5b,0.7,3
law_0130,Law,1,61,255,9,39,2,4,1,1,1.0,0.8462,qwen2.5-coder:1.5b,0.7,3
law_0131,Law,0,63,937,9,150,2,7,1,7,1.0,0.6667,qwen2.5-coder:1.5b,0.7,3
law_0132,Law,1,72,428,10,68,2,5,1,4,1.0,0.75,qwen2.5-coder:1.5b,0.7,3
law_0133,Law,0,70,614,11,97,2,4,1,1,1.0,0.7835,qwen2.5-coder:1.5b,0.7,3
law_0134,Law,1,61,303,9,53,2,4,1,1,1.0,0.8302,qwen2.5-coder:1.5b,0.7,3
law_0135,Law,0,63,1025,9,172,2,6,1,8,1.0,0.6221,qwen2.5-coder:1.5b,0.7,3
law_0136,Law,1,72,1229,10,199,2,9,1,9,1.0,0.5628,qwen2.5-coder:1.5b,0.7,3
law_0137,Law,0,70,724,11,119,2,5,1,6,1.0,0.7311,qwen2.5-coder:1.5b,0.7,3
law_0138,Law,1,61,1248,9,179,2,14,1,6,1.0,0.6257,qwen2.5-coder:1.5b,0.7,3
law_0139,Law,0,63,899,9,139,2,8,1,6,1.0,0.6547,qwen2.5-coder:1.5b,0.7,3
law_0140,Law,1,72,255,10,40,2,4,1,1,1.0,0.825,qwen2.5-coder:1.5b,0.7,3
law_0141,Law,0,70,335,11,59,2,4,1,2,1.0,0.8136,qwen2.5-coder:1.5b,0.7,3
law_0142,Law,1,61,262,9,42,2,3,1,2,1.0,0.8095,qwen2.5-coder:1.5b,0.7,3
law_0143,Law,0,63,979,9,159,2,7,1,6,1.0,0.6604,qwen2.5-coder:1.5b,0.7,3
law_0144,Law,1,72,883,10,131,2,7,1,8,1.0,0.7252,qwen2.5-coder:1.5b,0.7,3
law_0145,Law,0,70,1310,11,222,2,9,1,7,1.0,0.5901,qwen2.5-coder:1.5b,0.7,3
law_0146,Law,1,61,446,9,68,2,4,1,5,1.0,0.8088,qwen2.5-coder:1.5b,0.7,3
law_0147,Law,0,63,1412,9,214,2,9,1,8,1.0,0.5607,qwen2.5-coder:1.5b,0.7,3
law_0148,Law,1,72,374,10,64,2,4,1,2,1.0,0.7812,qwen2.5-coder:1.5b,0.7,3
law_0149,Law,0,70,393,11,62,2,4,1,2,1.0,0.7742,qwen2.5-coder:1.5b,0.7,3
law_0150,Law,1,61,227,9,36,2,3,1,2,1.0,0.9167,qwen2.5-coder:1.5b,0.7,3
fin_0151,Finance,0,56,518,8,85,2,5,1,3,1.0,0.7176,qwen2.5-coder:1.5b,0.7,3
fin_0152,Finance,1,70,2055,9,276,2,22,1,16,1.0,0.6739,qwen2.5-coder:1.5b,0.7,3
fin_0153,Finance,0,52,1840,5,259,2,21,1,9,1.0,0.6448,qwen2.5-coder:1.5b,0.7,3
fin_0154,Finance,1,59,1635,7,244,2,19,1,12,1.0,0.6189,qwen2.5-coder:1.5b,0.7,3
fin_0155,Finance,0,56,386,8,67,2,4,1,2,1.0,0.7463,qwen2.5-coder:1.5b,0.7,3
fin_0156,Finance,1,70,633,9,100,2,5,1,5,1.0,0.72,qwen2.5-coder:1.5b,0.7,3
fin_0157,Finance,0,52,2187,5,316,2,24,1,11,1.0,0.5918,qwen2.5-coder:1.5b,0.7,3
fin_0158,Finance,1,59,1886,7,284,2,18,1,11,1.0,0.5599,qwen2.5-coder:1.5b,0.7,3
fin_0159,Finance,0,56,335,8,57,2,4,1,2,1.0,0.8246,qwen2.5-coder:1.5b,0.7,3
fin_0160,Finance,1,70,296,9,48,2,5,1,4,1.0,0.8333,qwen2.5-coder:1.5b,0.7,3
fin_0161,Finance,0,52,1339,5,204,2,15,1,9,1.0,0.5784,qwen2.5-coder:1.5b,0.7,3
fin_0162,Finance,1,59,2401,7,360,2,27,1,14,1.0,0.5472,qwen2.5-coder:1.5b,0.7,3
fin_0163,Finance,0,56,391,8,63,2,4,1,4,1.0,0.746,qwen2.5-coder:1.5b,0.7,3
fin_0164,Finance,1,70,874,9,128,2,8,1,8,1.0,0.7578,qwen2.5-coder:1.5b,0.7,3
fin_0165,Finance,0,52,1623,5,226,2,17,1,9,1.0,0.6681,qwen2.5-coder:1.5b,0.7,3
fin_0166,Finance,1,59,2839,7,433,2,25,1,11,1.0,0.515,qwen2.5-coder:1.5b,0.7,3
fin_0167,Finance,0,56,561,8,98,2,5,1,4,1.0,0.6837,qwen2.5-coder:1.5b,0.7,3
fin_0168,Finance,1,70,1276,9,194,2,7,1,7,1.0,0.6443,qwen2.5-coder:1.5b,0.7,3
fin_0169,Finance,0,52,2094,5,303,2,24,1,11,1.0,0.6403,qwen2.5-coder:1.5b,0.7,3
fin_0170,Finance,1,59,603,7,89,2,6,1,5,1.0,0.7753,qwen2.5-coder:1.5b,0.7,3
fin_0171,Finance,0,56,1228,8,212,2,14,1,9,1.0,0.5802,qwen2.5-coder:1.5b,0.7,3
fin_0172,Finance,1,70,1566,9,229,2,17,1,10,1.0,0.6463,qwen2.5-coder:1.5b,0.7,3
fin_0173,Finance,0,52,1637,5,233,2,17,1,9,1.0,0.6266,qwen2.5-coder:1.5b,0.7,3
fin_0174,Finance,1,59,577,7,84,2,6,1,4,1.0,0.7857,qwen2.5-coder:1.5b,0.7,3
fin_0175,Finance,0,56,1582,8,259,2,11,1,18,1.0,0.4903,qwen2.5-coder:1.5b,0.7,3
fin_0176,Finance,1,70,412,9,58,2,5,1,4,1.0,0.8793,qwen2.5-coder:1.5b,0.7,3
fin_0177,Finance,0,52,1985,5,276,2,19,1,9,1.0,0.6486,qwen2.5-coder:1.5b,0.7,3
fin_0178,Finance,1,59,332,7,49,2,3,1,2,1.0,0.8163,qwen2.5-coder:1.5b,0.7,3
fin_0179,Finance,0,56,330,8,60,2,4,1,2,1.0,0.85,qwen2.5-coder:1.5b,0.7,3
fin_0180,Finance,1,70,449,9,67,2,4,1,5,1.0,0.8209,qwen2.5-coder:1.5b,0.7,3
fin_0181,Finance,0,52,2332,5,327,2,24,1,16,1.0,0.5657,qwen2.5-coder:1.5b,0.7,3
fin_0182,Finance,1,59,2297,7,334,2,23,1,13,1.0,0.5629,qwen2.5-coder:1.5b,0.7,3
fin_0183,Finance,0,56,1279,8,210,2,15,1,8,1.0,0.5095,qwen2.5-coder:1.5b,0.7,3
fin_0184,Finance,1,70,1239,9,185,2,14,1,6,1.0,0.7081,qwen2.5-coder:1.5b,0.7,3
fin_0185,Finance,0,52,1439,5,210,2,16,1,9,1.0,0.6,qwen2.5-coder:1.5b,0.7,3
fin_0186,Finance,1,59,1910,7,294,2,19,1,9,1.0,0.5714,qwen2.5-coder:1.5b,0.7,3
fin_0187,Finance,0,56,376,8,68,2,4,1,2,1.0,0.7206,qwen2.5-coder:1.5b,0.7,3
fin_0188,Finance,1,70,905,9,131,2,7,1,9,1.0,0.7176,qwen2.5-coder:1.5b,0.7,3
fin_0189,Finance,0,52,1504,5,224,2,18,1,12,1.0,0.6161,qwen2.5-coder:1.5b,0.7,3
fin_0190,Finance,1,59,1551,7,251,2,11,1,15,1.0,0.5578,qwen2.5-coder:1.5b,0.7,3
fin_0191,Finance,0,56,442,8,72,2,4,1,2,1.0,0.7639,qwen2.5-coder:1.5b,0.7,3
fin_0192,Finance,1,70,1993,9,294,2,21,1,14,1.0,0.6599,qwen2.5-coder:1.5b,0.7,3
fin_0193,Finance,0,52,2110,5,302,2,23,1,9,1.0,0.6556,qwen2.5-coder:1.5b,0.7,3
fin_0194,Finance,1,59,2428,7,366,2,24,1,19,1.0,0.5656,qwen2.5-coder:1.5b,0.7,3
fin_0195,Finance,0,56,450,8,78,2,4,1,4,1.0,0.6923,qwen2.5-coder:1.5b,0.7,3
fin_0196,Finance,1,70,1042,9,159,2,13,1,9,1.0,0.6981,qwen2.5-coder:1.5b,0.7,3
fin_0197,Finance,0,52,2462,5,369,2,27,1,15,1.0,0.5799,qwen2.5-coder:1.5b,0.7,3
fin_0198,Finance,1,59,294,7,44,2,4,1,4,1.0,0.8636,qwen2.5-coder:1.5b,0.7,3
fin_0199,Finance,0,56,449,8,77,2,5,1,2,1.0,0.7273,qwen2.5-coder:1.5b,0.7,3
fin_0200,Finance,1,70,213,9,37,2,3,1,2,1.0,0.8649,qwen2.5-coder:1.5b,0.7,3
his_0201,History,0,27,40,6,8,2,2,1,1,1.0,1.0,qwen2.5-coder:1.5b,0.7,3
his_0202,History,1,54,48,9,9,2,2,1,1,1.0,1.0,qwen2.5-coder:1.5b,0.7,3
his_0203,History,0,35,85,7,16,2,2,1,1,1.0,0.9375,qwen2.5-coder:1.5b,0.7,3
his_0204,History,1,59,45,10,7,2,2,1,1,0.9,1.0,qwen2.5-coder:1.5b,0.7,3
his_0205,History,0,27,69,6,14,2,2,1,1,1.0,1.0,qwen2.5-coder:1.5b,0.7,3
his_0206,History,1,54,726,9,123,2,6,1,7,1.0,0.6504,qwen2.5-coder:1.5b,0.7,3
his_0207,History,0,35,81,7,15,2,2,1,1,1.0,1.0,qwen2.5-coder:1.5b,0.7,3
his_0208,History,1,59,77,10,14,2,5,1,1,0.9,1.0,qwen2.5-coder:1.5b,0.7,3
his_0209,History,0,27,182,6,34,2,2,1,1,1.0,0.7941,qwen2.5-coder:1.5b,0.7,3
his_0210,History,1,54,40,9,8,2,2,1,1,1.0,1.0,qwen2.5-coder:1.5b,0.7,3
his_0211,History,0,35,221,7,34,2,3,1,1,1.0,0.8824,qwen2.5-coder:1.5b,0.7,3
his_0212,History,1,59,60,10,9,2,4,1,1,0.9,1.0,qwen2.5-coder:1.5b,0.7,3
his_0213,History,0,27,40,6,8,2,2,1,1,1.0,1.0,qwen2.5-coder:1.5b,0.7,3
his_0214,History,1,54,188,9,30,2,4,1,1,1.0,1.0,qwen2.5-coder:1.5b,0.7,3
his_0215,History,0,35,191,7,33,2,3,1,2,1.0,0.8788,qwen2.5-coder:1.5b,0.7,3
his_0216,History,1,59,47,10,8,2,4,1,1,0.9,1.0,qwen2.5-coder:1.5b,0.7,3
his_0217,History,0,27,40,6,8,2,2,1,1,1.0,1.0,qwen2.5-coder:1.5b,0.7,3
his_0218,History,1,54,382,9,62,2,4,1,2,1.0,0.7419,qwen2.5-coder:1.5b,0.7,3
his_0219,History,0,35,48,7,9,2,2,1,1,1.0,1.0,qwen2.5-coder:1.5b,0.7,3
his_0220,History,1,59,227,10,36,2,3,1,2,0.9,0.8333,qwen2.5-coder:1.5b,0.7,3
his_0221,History,0,27,40,6,8,2,2,1,1,1.0,1.0,qwen2.5-coder:1.5b,0.7,3
his_0222,History,1,54,286,9,48,2,4,1,1,1.0,0.7708,qwen2.5-coder:1.5b,0.7,3
his_0223,History,0,35,56,7,11,2,2,1,1,1.0,1.0,qwen2.5-coder:1.5b,0.7,3
his_0224,History,1,59,134,10,25,2,5,1,2,0.9,0.92,qwen2.5-coder:1.5b,0.7,3
his_0225,History,0,27,277,6,47,2,3,1,2,1.0,0.8511,qwen2.5-coder:1.5b,0.7,3
his_0226,History,1,54,203,9,34,2,3,1,1,1.0,0.9118,qwen2.5-coder:1.5b,0.7,3
his_0227,History,0,35,72,7,13,2,2,1,1,1.0,1.0,qwen2.5-coder:1.5b,0.7,3
his_0228,History,1,59,45,10,7,2,2,1,1,0.9,1.0,qwen2.5-coder:1.5b,0.7,3
his_0229,History,0,27,50,6,10,2,2,1,1,1.0,1.0,qwen2.5-coder:1.5b,0.7,3
his_0230,History,1,54,841,9,136,2,8,1,7,1.0,0.6324,qwen2.5-coder:1.5b,0.7,3
his_0231,History,0,35,204,7,36,2,3,1,1,1.0,0.8333,qwen2.5-coder:1.5b,0.7,3
his_0232,History,1,59,55,10,8,2,2,1,1,0.9,1.0,qwen2.5-coder:1.5b,0.7,3
his_0233,History,0,27,40,6,8,2,2,1,1,1.0,1.0,qwen2.5-coder:1.5b,0.7,3
his_0234,History,1,54,317,9,51,2,3,1,2,1.0,0.7255,qwen2.5-coder:1.5b,0.7,3
his_0235,History,0,35,57,7,10,2,2,1,1,1.0,1.0,qwen2.5-coder:1.5b,0.7,3
his_0236,History,1,59,45,10,7,2,2,1,1,0.9,1.0,qwen2.5-coder:1.5b,0.7,3
his_0237,History,0,27,321,6,54,2,3,1,1,1.0,0.7593,qwen2.5-coder:1.5b,0.7,3
his_0238,History,1,54,227,9,37,2,3,1,2,1.0,0.9189,qwen2.5-coder:1.5b,0.7,3
his_0239,History,0,35,35,7,7,2,2,1,1,1.0,1.0,qwen2.5-coder:1.5b,0.7,3
his_0240,History,1,59,74,10,13,2,3,1,1,0.9,1.0,qwen2.5-coder:1.5b,0.7,3
his_0241,History,0,27,34,6,8,2,2,1,1,1.0,1.0,qwen2.5-coder:1.5b,0.7,3
his_0242,History,1,54,239,9,40,2,3,1,2,1.0,0.825,qwen2.5-coder:1.5b,0.7,3
his_0243,History,0,35,46,7,9,2,2,1,1,1.0,0.8889,qwen2.5-coder:1.5b,0.7,3
his_0244,History,1,59,325,10,54,2,6,1,2,0.9,0.8333,qwen2.5-coder:1.5b,0.7,3
his_0245,History,0,27,85,6,16,2,2,1,1,1.0,1.0,qwen2.5-coder:1.5b,0.7,3
his_0246,History,1,54,524,9,86,2,5,1,3,1.0,0.6628,qwen2.5-coder:1.5b,0.7,3
his_0247,History,0,35,277,7,46,2,3,1,2,1.0,0.8478,qwen2.5-coder:1.5b,0.7,3
his_0248,History,1,59,304,10,53,2,4,1,1,0.9,0.7925,qwen2.5-coder:1.5b,0.7,3
his_0249,History,0,27,117,6,21,2,2,1,1,1.0,0.9524,qwen2.5-coder:1.5b,0.7,3
his_0250,History,1,54,328,9,49,2,3,1,3,1.0,0.7755,qwen2.5-coder:1.5b,0.7,3
sci_0251,Science,0,63,215,10,37,2,3,1,2,1.0,0.8919,qwen2.5-coder:1.5b,0.7,3
sci_0252,Science,1,57,255,10,49,2,4,1,4,0.9,0.7143,qwen2.5-coder:1.5b,0.7,3
sci_0253,Science,0,54,326,6,53,2,3,1,3,1.0,0.8868,qwen2.5-coder:1.5b,0.7,3
sci_0254,Science,1,43,33,5,5,2,2,1,1,1.0,1.0,qwen2.5-coder:1.5b,0.7,3
sci_0255,Science,0,63,149,10,25,2,2,1,2,1.0,0.92,qwen2.5-coder:1.5b,0.7,3
sci_0256,Science,1,57,286,10,49,2,6,1,5,0.9,0.8163,qwen2.5-coder:1.5b,0.7,3
sci_0257,Science,0,54,1468,6,221,2,17,1,9,1.0,0.5837,qwen2.5-coder:1.5b,0.7,3
sci_0258,Science,1,43,32,5,4,2,2,1,1,1.0,1.0,qwen2.5-coder:1.5b,0.7,3
sci_0259,Science,0,63,244,10,40,2,3,1,1,1.0,0.85,qwen2.5-coder:1.5b,0.7,3
sci_0260,Science,1,57,196,10,35,2,4,1,3,0.9,0.8571,qwen2.5-coder:1.5b,0.7,3
sci_0261,Science,0,54,416,6,63,2,3,1,6,1.0,0.7778,qwen2.5-coder:1.5b,0.7,3
sci_0262,Science,1,43,240,5,39,2,4,1,2,1.0,0.9487,qwen2.5-coder:1.5b,0.7,3
sci_0263,Science,0,63,244,10,42,2,3,1,1,1.0,0.881,qwen2.5-coder:1.5b,0.7,3
sci_0264,Science,1,57,343,10,57,2,4,1,3,0.9,0.8596,qwen2.5-coder:1.5b,0.7,3
sci_0265,Science,0,54,637,6,98,2,6,1,5,1.0,0.7653,qwen2.5-coder:1.5b,0.7,3
sci_0266,Science,1,43,41,5,5,2,2,1,1,1.0,1.0,qwen2.5-coder:1.5b,0.7,3
sci_0267,Science,0,63,389,10,62,2,4,1,2,1.0,0.6935,qwen2.5-coder:1.5b,0.7,3
sci_0268,Science,1,57,319,10,54,2,4,1,3,0.9,0.7222,qwen2.5-coder:1.5b,0.7,3
sci_0269,Science,0,54,375,6,63,2,4,1,3,1.0,0.7619,qwen2.5-coder:1.5b,0.7,3
sci_0270,Science,1,43,60,5,10,2,3,1,1,1.0,1.0,qwen2.5-coder:1.5b,0.7,3
sci_0271,Science,0,63,276,10,52,2,4,1,3,1.0,0.8269,qwen2.5-coder:1.5b,0.7,3
sci_0272,Science,1,57,401,10,72,2,5,1,5,0.9,0.7639,qwen2.5-coder:1.5b,0.7,3
sci_0273,Science,0,54,690,6,109,2,6,1,6,1.0,0.7339,qwen2.5-coder:1.5b,0.7,3
sci_0274,Science,1,43,42,5,6,2,2,1,1,1.0,1.0,qwen2.5-coder:1.5b,0.7,3
sci_0275,Science,0,63,243,10,41,2,3,1,4,1.0,0.8537,qwen2.5-coder:1.5b,0.7,3
sci_0276,Science,1,57,270,10,45,2,4,1,2,0.9,0.8444,qwen2.5-coder:1.5b,0.7,3
sci_0277,Science,0,54,1230,6,190,2,11,1,12,1.0,0.5947,qwen2.5-coder:1.5b,0.7,3
sci_0278,Science,1,43,33,5,5,2,2,1,1,1.0,1.0,qwen2.5-coder:1.5b,0.7,3
sci_0279,Science,0,63,308,10,50,2,4,1,1,1.0,0.76,qwen2.5-coder:1.5b,0.7,3
sci_0280,Science,1,57,799,10,124,2,12,1,5,0.9,0.6935,qwen2.5-coder:1.5b,0.7,3
sci_0281,Science,0,54,518,6,83,2,4,1,5,1.0,0.7108,qwen2.5-coder:1.5b,0.7,3
sci_0282,Science,1,43,33,5,5,2,2,1,1,1.0,1.0,qwen2.5-coder:1.5b,0.7,3
sci_0283,Science,0,63,225,10,36,2,3,1,1,1.0,0.8889,qwen2.5-coder:1.5b,0.7,3
sci_0284,Science,1,57,502,10,89,2,6,1,3,0.9,0.6742,qwen2.5-coder:1.5b,0.7,3
sci_0285,Science,0,54,998,6,154,2,12,1,6,1.0,0.6104,qwen2.5-coder:1.5b,0.7,3
sci_0286,Science,1,43,33,5,5,2,2,1,1,1.0,1.0,qwen2.5-coder:1.5b,0.7,3
sci_0287,Science,0,63,200,10,33,2,3,1,1,1.0,0.8788,qwen2.5-coder:1.5b,0.7,3
sci_0288,Science,1,57,250,10,49,2,4,1,4,0.9,0.7551,qwen2.5-coder:1.5b,0.7,3
sci_0289,Science,0,54,567,6,89,2,6,1,5,1.0,0.6517,qwen2.5-coder:1.5b,0.7,3
sci_0290,Science,1,43,33,5,5,2,2,1,1,1.0,1.0,qwen2.5-coder:1.5b,0.7,3
sci_0291,Science,0,63,84,10,14,2,2,1,1,1.0,1.0,qwen2.5-coder:1.5b,0.7,3
sci_0292,Science,1,57,422,10,71,2,5,1,4,0.9,0.831,qwen2.5-coder:1.5b,0.7,3
sci_0293,Science,0,54,600,6,89,2,6,1,6,1.0,0.7753,qwen2.5-coder:1.5b,0.7,3
sci_0294,Science,1,43,31,5,4,2,2,1,1,1.0,1.0,qwen2.5-coder:1.5b,0.7,3
sci_0295,Science,0,63,416,10,68,2,4,1,2,1.0,0.7353,qwen2.5-coder:1.5b,0.7,3
sci_0296,Science,1,57,230,10,44,2,4,1,5,0.9,0.7273,qwen2.5-coder:1.5b,0.7,3
sci_0297,Science,0,54,529,6,88,2,5,1,5,1.0,0.7159,qwen2.5-coder:1.5b,0.7,3
sci_0298,Science,1,43,33,5,5,2,2,1,1,1.0,1.0,qwen2.5-coder:1.5b,0.7,3
sci_0299,Science,0,63,195,10,31,2,3,1,1,1.0,0.9032,qwen2.5-coder:1.5b,0.7,3
sci_0300,Science,1,57,946,10,165,2,9,1,11,0.9,0.5576,qwen2.5-coder:1.5b,0.7,3
com_0301,Computer Science,0,55,96,10,19,2,2,1,1,1.0,0.8421,qwen2.5-coder:1.5b,0.7,3
com_0302,Computer Science,1,66,1944,11,326,2,19,1,11,1.0,0.5245,qwen2.5-coder:1.5b,0.7,3
com_0303,Computer Science,0,74,2881,9,413,2,24,1,13,1.0,0.4988,qwen2.5-coder:1.5b,0.7,3
com_0304,Computer Science,1,60,386,13,59,2,4,1,2,0.9231,0.8475,qwen2.5-coder:1.5b,0.7,3
com_0305,Computer Science,0,55,1187,10,211,2,7,1,9,1.0,0.5687,qwen2.5-coder:1.5b,0.7,3
com_0306,Computer Science,1,66,2119,11,351,2,16,1,16,1.0,0.453,qwen2.5-coder:1.5b,0.7,3
com_0307,Computer Science,0,74,560,9,93,2,4,1,3,1.0,0.7097,qwen2.5-coder:1.5b,0.7,3
com_0308,Computer Science,1,60,248,13,41,2,3,1,1,0.9231,0.878,qwen2.5-coder:1.5b,0.7,3
com_0309,Computer Science,0,55,781,10,139,2,5,1,3,1.0,0.6331,qwen2.5-coder:1.5b,0.7,3
com_0310,Computer Science,1,66,1742,11,312,2,16,1,10,1.0,0.4712,qwen2.5-coder:1.5b,0.7,3
com_0311,Computer Science,0,74,3025,9,408,2,21,1,18,1.0,0.4902,qwen2.5-coder:1.5b,0.7,3
com_0312,Computer Science,1,60,873,13,144,2,6,1,5,0.9231,0.6458,qwen2.5-coder:1.5b,0.7,3
com_0313,Computer Science,0,55,901,10,152,2,8,1,6,1.0,0.5855,qwen2.5-coder:1.5b,0.7,3
com_0314,Computer Science,1,66,1544,11,267,2,16,1,13,1.0,0.5393,qwen2.5-coder:1.5b,0.7,3
com_0315,Computer Science,0,74,2331,9,327,2,12,1,14,1.0,0.5474,qwen2.5-coder:1.5b,0.7,3
com_0316,Computer Science,1,60,234,13,39,2,3,1,2,0.9231,0.8718,qwen2.5-coder:1.5b,0.7,3
com_0317,Computer Science,0,55,315,10,54,2,4,1,3,1.0,0.6852,qwen2.5-coder:1.5b,0.7,3
com_0318,Computer Science,1,66,2004,11,333,2,15,1,9,1.0,0.4925,qwen2.5-coder:1.5b,0.7,3
com_0319,Computer Science,0,74,871,9,153,2,15,1,5,1.0,0.5882,qwen2.5-coder:1.5b,0.7,3
com_0320,Computer Science,1,60,1599,13,271,2,14,1,10,0.9231,0.5314,qwen2.5-coder:1.5b,0.7,3
com_0321,Computer Science,0,55,87,10,17,2,2,1,1,1.0,0.9412,qwen2.5-coder:1.5b,0.7,3
com_0322,Computer Science,1,66,2141,11,361,2,21,1,12,1.0,0.5069,qwen2.5-coder:1.5b,0.7,3
com_0323,Computer Science,0,74,504,9,86,2,5,1,3,1.0,0.7093,qwen2.5-coder:1.5b,0.7,3
com_0324,Computer Science,1,60,957,13,160,2,7,1,4,0.9231,0.55,qwen2.5-coder:1.5b,0.7,3
com_0325,Computer Science,0,55,91,10,17,2,2,1,1,1.0,0.9412,qwen2.5-coder:1.5b,0.7,3
com_0326,Computer Science,1,66,449,11,79,2,5,1,4,1.0,0.6709,qwen2.5-coder:1.5b,0.7,3
com_0327,Computer Science,0,74,1329,9,209,2,15,1,3,1.0,0.5502,qwen2.5-coder:1.5b,0.7,3
com_0328,Computer Science,1,60,284,13,45,2,4,1,3,0.9231,0.9556,qwen2.5-coder:1.5b,0.7,3
com_0329,Computer Science,0,55,195,10,34,2,3,1,3,1.0,0.8235,qwen2.5-coder:1.5b,0.7,3
com_0330,Computer Science,1,66,2030,11,347,2,22,1,11,1.0,0.4496,qwen2.5-coder:1.5b,0.7,3
com_0331,Computer Science,0,74,862,9,138,2,8,1,6,1.0,0.5507,qwen2.5-coder:1.5b,0.7,3
com_0332,Computer Science,1,60,1169,13,200,2,10,1,11,0.9231,0.605,qwen2.5-coder:1.5b,0.7,3
com_0333,Computer Science,0,55,173,10,32,2,2,1,2,1.0,0.8438,qwen2.5-coder:1.5b,0.7,3
com_0334,Computer Science,1,66,1732,11,283,2,13,1,12,1.0,0.4982,qwen2.5-coder:1.5b,0.7,3
com_0335,Computer Science,0,74,582,9,98,2,6,1,3,1.0,0.6837,qwen2.5-coder:1.5b,0.7,3
com_0336,Computer Science,1,60,425,13,74,2,5,1,2,0.9231,0.7703,qwen2.5-coder:1.5b,0.7,3
com_0337,Computer Science,0,55,85,10,16,2,2,1,1,1.0,1.0,qwen2.5-coder:1.5b,0.7,3
com_0338,Computer Science,1,66,637,11,110,2,7,1,6,1.0,0.5091,qwen2.5-coder:1.5b,0.7,3
com_0339,Computer Science,0,74,609,9,97,2,6,1,4,1.0,0.701,qwen2.5-coder:1.5b,0.7,3
com_0340,Computer Science,1,60,990,13,157,2,6,1,4,0.9231,0.6433,qwen2.5-coder:1.5b,0.7,3
com_0341,Computer Science,0,55,461,10,80,2,4,1,7,1.0,0.725,qwen2.5-coder:1.5b,0.7,3
com_0342,Computer Science,1,66,2166,11,364,2,21,1,12,1.0,0.4341,qwen2.5-coder:1.5b,0.7,3
com_0343,Computer Science,0,74,326,9,53,2,3,1,2,1.0,0.8302,qwen2.5-coder:1.5b,0.7,3
com_0344,Computer Science,1,60,378,13,64,2,4,1,2,0.9231,0.8438,qwen2.5-coder:1.5b,0.7,3
com_0345,Computer Science,0,55,1861,10,269,2,13,1,16,1.0,0.4944,qwen2.5-coder:1.5b,0.7,3
com_0346,Computer Science,1,66,1466,11,251,2,12,1,10,1.0,0.5817,qwen2.5-coder:1.5b,0.7,3
com_0347,Computer Science,0,74,1115,9,187,2,8,1,7,1.0,0.5134,qwen2.5-coder:1.5b,0.7,3
com_0348,Computer Science,1,60,1062,13,178,2,11,1,5,0.9231,0.5843,qwen2.5-coder:1.5b,0.7,3
com_0349,Computer Science,0,55,132,10,27,2,2,1,2,1.0,0.8889,qwen2.5-coder:1.5b,0.7,3
com_0350,Computer Science,1,66,1802,11,288,2,12,1,10,1.0,0.4931,qwen2.5-coder:1.5b,0.7,3
phy_0351,Physics,0,63,343,9,60,2,4,1,4,1.0,0.7667,qwen2.5-coder:1.5b,0.7,3
phy_0352,Physics,1,61,267,8,43,2,5,1,4,1.0,0.8372,qwen2.5-coder:1.5b,0.7,3
phy_0353,Physics,0,56,1501,7,270,2,14,1,10,1.0,0.3963,qwen2.5-coder:1.5b,0.7,3
phy_0354,Physics,1,59,1370,7,216,2,14,1,13,1.0,0.5972,qwen2.5-coder:1.5b,0.7,3
phy_0355,Physics,0,63,288,9,48,2,3,1,3,1.0,0.7292,qwen2.5-coder:1.5b,0.7,3
phy_0356,Physics,1,61,1570,8,239,2,20,1,7,1.0,0.6318,qwen2.5-coder:1.5b,0.7,3
phy_0357,Physics,0,56,996,7,175,2,8,1,7,1.0,0.5714,qwen2.5-coder:1.5b,0.7,3
phy_0358,Physics,1,59,898,7,144,2,7,1,7,1.0,0.5764,qwen2.5-coder:1.5b,0.7,3
phy_0359,Physics,0,63,272,9,50,2,4,1,3,1.0,0.72,qwen2.5-coder:1.5b,0.7,3
phy_0360,Physics,1,61,334,8,57,2,6,1,4,1.0,0.7719,qwen2.5-coder:1.5b,0.7,3
phy_0361,Physics,0,56,387,7,62,2,5,1,2,1.0,0.7258,qwen2.5-coder:1.5b,0.7,3
phy_0362,Physics,1,59,897,7,148,2,9,1,9,1.0,0.6419,qwen2.5-coder:1.5b,0.7,3
phy_0363,Physics,0,63,1602,9,269,2,18,1,9,1.0,0.5688,qwen2.5-coder:1.5b,0.7,3
phy_0364,Physics,1,61,202,8,33,2,5,1,3,1.0,0.9394,qwen2.5-coder:1.5b,0.7,3
phy_0365,Physics,0,56,405,7,66,2,4,1,3,1.0,0.6818,qwen2.5-coder:1.5b,0.7,3
phy_0366,Physics,1,59,1343,7,217,2,14,1,11,1.0,0.5438,qwen2.5-coder:1.5b,0.7,3
phy_0367,Physics,0,63,1886,9,318,2,20,1,14,1.0,0.5094,qwen2.5-coder:1.5b,0.7,3
phy_0368,Physics,1,61,718,8,119,2,10,1,6,1.0,0.6723,qwen2.5-coder:1.5b,0.7,3
phy_0369,Physics,0,56,527,7,95,2,3,1,5,1.0,0.6211,qwen2.5-coder:1.5b,0.7,3
phy_0370,Physics,1,59,1141,7,185,2,9,1,12,1.0,0.573,qwen2.5-coder:1.5b,0.7,3
phy_0371,Physics,0,63,339,9,60,2,4,1,3,1.0,0.6667,qwen2.5-coder:1.5b,0.7,3
phy_0372,Physics,1,61,225,8,39,2,5,1,3,1.0,0.8974,qwen2.5-coder:1.5b,0.7,3
phy_0373,Physics,0,56,1062,7,167,2,12,1,2,1.0,0.5689,qwen2.5-coder:1.5b,0.7,3
phy_0374,Physics,1,59,844,7,136,2,9,1,5,1.0,0.5882,qwen2.5-coder:1.5b,0.7,3
phy_0375,Physics,0,63,303,9,58,2,4,1,3,1.0,0.7241,qwen2.5-coder:1.5b,0.7,3
phy_0376,Physics,1,61,366,8,58,2,4,1,3,1.0,0.8103,qwen2.5-coder:1.5b,0.7,3
phy_0377,Physics,0,56,325,7,61,2,5,1,5,1.0,0.8197,qwen2.5-coder:1.5b,0.7,3
phy_0378,Physics,1,59,1137,7,180,2,10,1,13,1.0,0.5778,qwen2.5-coder:1.5b,0.7,3
phy_0379,Physics,0,63,438,9,81,2,5,1,8,1.0,0.6667,qwen2.5-coder:1.5b,0.7,3
phy_0380,Physics,1,61,390,8,63,2,7,1,3,1.0,0.7937,qwen2.5-coder:1.5b,0.7,3
phy_0381,Physics,0,56,369,7,65,2,7,1,6,1.0,0.6923,qwen2.5-coder:1.5b,0.7,3
phy_0382,Physics,1,59,1429,7,242,2,14,1,13,1.0,0.4793,qwen2.5-coder:1.5b,0.7,3
phy_0383,Physics,0,63,467,9,79,2,5,1,6,1.0,0.8101,qwen2.5-coder:1.5b,0.7,3
phy_0384,Physics,1,61,337,8,60,2,5,1,3,1.0,0.8167,qwen2.5-coder:1.5b,0.7,3
phy_0385,Physics,0,56,1001,7,173,2,9,1,7,1.0,0.5838,qwen2.5-coder:1.5b,0.7,3
phy_0386,Physics,1,59,868,7,144,2,11,1,10,1.0,0.5764,qwen2.5-coder:1.5b,0.7,3
phy_0387,Physics,0,63,1008,9,164,2,11,1,8,1.0,0.6341,qwen2.5-coder:1.5b,0.7,3
phy_0388,Physics,1,61,585,8,94,2,8,1,3,1.0,0.7447,qwen2.5-coder:1.5b,0.7,3
phy_0389,Physics,0,56,837,7,145,2,6,1,10,1.0,0.5034,qwen2.5-coder:1.5b,0.7,3
phy_0390,Physics,1,59,1720,7,279,2,17,1,14,1.0,0.4624,qwen2.5-coder:1.5b,0.7,3
phy_0391,Physics,0,63,355,9,57,2,4,1,4,1.0,0.807,qwen2.5-coder:1.5b,0.7,3
phy_0392,Physics,1,61,494,8,71,2,7,1,3,1.0,0.8592,qwen2.5-coder:1.5b,0.7,3
phy_0393,Physics,0,56,639,7,106,2,6,1,7,1.0,0.6887,qwen2.5-coder:1.5b,0.7,3
phy_0394,Physics,1,59,1143,7,179,2,12,1,12,1.0,0.6201,qwen2.5-coder:1.5b,0.7,3
phy_0395,Physics,0,63,280,9,44,2,4,1,1,1.0,0.8864,qwen2.5-coder:1.5b,0.7,3
phy_0396,Physics,1,61,378,8,67,2,5,1,3,1.0,0.7761,qwen2.5-coder:1.5b,0.7,3
phy_0397,Physics,0,56,372,7,70,2,5,1,4,1.0,0.7,qwen2.5-coder:1.5b,0.7,3
phy_0398,Physics,1,59,1242,7,205,2,11,1,9,1.0,0.5024,qwen2.5-coder:1.5b,0.7,3
phy_0399,Physics,0,63,392,9,70,2,4,1,5,1.0,0.7571,qwen2.5-coder:1.5b,0.7,3
phy_0400,Physics,1,61,375,8,59,2,7,1,4,1.0,0.8475,qwen2.5-coder:1.5b,0.7,3
bio_0401,Biology,0,53,279,7,44,2,4,1,3,1.0,0.8182,qwen2.5-coder:1.5b,0.7,3
bio_0402,Biology,1,57,123,6,19,2,2,1,2,1.0,1.0,qwen2.5-coder:1.5b,0.7,3
bio_0403,Biology,0,53,527,8,75,2,6,1,2,1.0,0.8,qwen2.5-coder:1.5b,0.7,3
bio_0404,Biology,1,57,321,7,48,2,5,1,5,1.0,0.8333,qwen2.5-coder:1.5b,0.7,3
bio_0405,Biology,0,53,86,7,15,2,2,1,1,1.0,1.0,qwen2.5-coder:1.5b,0.7,3
bio_0406,Biology,1,57,40,6,6,2,2,1,1,1.0,1.0,qwen2.5-coder:1.5b,0.7,3
bio_0407,Biology,0,53,395,8,58,2,5,1,2,1.0,0.7759,qwen2.5-coder:1.5b,0.7,3
bio_0408,Biology,1,57,1423,7,228,2,22,1,8,1.0,0.6272,qwen2.5-coder:1.5b,0.7,3
bio_0409,Biology,0,53,87,7,15,2,2,1,1,1.0,1.0,qwen2.5-coder:1.5b,0.7,3
bio_0410,Biology,1,57,354,6,52,2,4,1,2,1.0,0.7885,qwen2.5-coder:1.5b,0.7,3
bio_0411,Biology,0,53,1912,8,289,2,21,1,10,1.0,0.6159,qwen2.5-coder:1.5b,0.7,3
bio_0412,Biology,1,57,366,7,61,2,5,1,3,1.0,0.8033,qwen2.5-coder:1.5b,0.7,3
bio_0413,Biology,0,53,179,7,30,2,3,1,2,1.0,0.9333,qwen2.5-coder:1.5b,0.7,3
bio_0414,Biology,1,57,264,6,36,2,3,1,3,1.0,0.9722,qwen2.5-coder:1.5b,0.7,3
bio_0415,Biology,0,53,345,8,53,2,5,1,2,1.0,0.8302,qwen2.5-coder:1.5b,0.7,3
bio_0416,Biology,1,57,693,7,105,2,7,1,5,1.0,0.6667,qwen2.5-coder:1.5b,0.7,3
bio_0417,Biology,0,53,405,7,66,2,4,1,5,1.0,0.7424,qwen2.5-coder:1.5b,0.7,3
bio_0418,Biology,1,57,1641,6,246,2,23,1,5,1.0,0.561,qwen2.5-coder:1.5b,0.7,3
bio_0419,Biology,0,53,80,8,11,2,2,1,1,1.0,1.0,qwen2.5-coder:1.5b,0.7,3
bio_0420,Biology,1,57,1385,7,214,2,22,1,8,1.0,0.6963,qwen2.5-coder:1.5b,0.7,3
bio_0421,Biology,0,53,86,7,15,2,2,1,1,1.0,1.0,qwen2.5-coder:1.5b,0.7,3
bio_0422,Biology,1,57,369,6,55,2,4,1,3,1.0,0.8,qwen2.5-coder:1.5b,0.7,3
bio_0423,Biology,0,53,347,8,52,2,4,1,4,1.0,0.8846,qwen2.5-coder:1.5b,0.7,3
bio_0424,Biology,1,57,1456,7,229,2,18,1,13,1.0,0.6463,qwen2.5-coder:1.5b,0.7,3
bio_0425,Biology,0,53,182,7,32,2,3,1,3,1.0,0.875,qwen2.5-coder:1.5b,0.7,3
bio_0426,Biology,1,57,346,6,48,2,4,1,3,1.0,0.8542,qwen2.5-coder:1.5b,0.7,3
bio_0427,Biology,0,53,402,8,58,2,4,1,2,1.0,0.8448,qwen2.5-coder:1.5b,0.7,3
bio_0428,Biology,1,57,346,7,55,2,5,1,4,1.0,0.8182,qwen2.5-coder:1.5b,0.7,3
bio_0429,Biology,0,53,86,7,15,2,2,1,1,1.0,1.0,qwen2.5-coder:1.5b,0.7,3
bio_0430,Biology,1,57,28,6,3,2,2,1,1,1.0,1.0,qwen2.5-coder:1.5b,0.7,3
bio_0431,Biology,0,53,479,8,77,2,5,1,4,1.0,0.7403,qwen2.5-coder:1.5b,0.7,3
bio_0432,Biology,1,57,54,7,6,2,2,1,1,1.0,1.0,qwen2.5-coder:1.5b,0.7,3
bio_0433,Biology,0,53,301,7,52,2,4,1,3,1.0,0.8077,qwen2.5-coder:1.5b,0.7,3
bio_0434,Biology,1,57,323,6,46,2,3,1,3,1.0,0.8913,qwen2.5-coder:1.5b,0.7,3
bio_0435,Biology,0,53,531,8,78,2,6,1,4,1.0,0.6923,qwen2.5-coder:1.5b,0.7,3
bio_0436,Biology,1,57,1208,7,165,2,11,1,8,1.0,0.6424,qwen2.5-coder:1.5b,0.7,3
bio_0437,Biology,0,53,174,7,30,2,3,1,2,1.0,0.9333,qwen2.5-coder:1.5b,0.7,3
bio_0438,Biology,1,57,573,6,82,2,5,1,5,1.0,0.7683,qwen2.5-coder:1.5b,0.7,3
bio_0439,Biology,0,53,686,8,106,2,6,1,7,1.0,0.6698,qwen2.5-coder:1.5b,0.7,3
bio_0440,Biology,1,57,802,7,121,2,11,1,9,1.0,0.7769,qwen2.5-coder:1.5b,0.7,3
bio_0441,Biology,0,53,180,7,30,2,3,1,2,1.0,0.8333,qwen2.5-coder:1.5b,0.7,3
bio_0442,Biology,1,57,961,6,143,2,8,1,7,1.0,0.6294,qwen2.5-coder:1.5b,0.7,3
bio_0443,Biology,0,53,2033,8,324,2,23,1,8,1.0,0.5309,qwen2.5-coder:1.5b,0.7,3
bio_0444,Biology,1,57,619,7,105,2,7,1,7,1.0,0.7333,qwen2.5-coder:1.5b,0.7,3
bio_0445,Biology,0,53,397,7,66,2,4,1,3,1.0,0.7576,qwen2.5-coder:1.5b,0.7,3
bio_0446,Biology,1,57,301,6,44,2,3,1,2,1.0,0.8409,qwen2.5-coder:1.5b,0.7,3
bio_0447,Biology,0,53,271,8,35,2,3,1,3,1.0,0.9429,qwen2.5-coder:1.5b,0.7,3
bio_0448,Biology,1,57,395,7,60,2,6,1,4,1.0,0.85,qwen2.5-coder:1.5b,0.7,3
bio_0449,Biology,0,53,87,7,15,2,2,1,1,1.0,1.0,qwen2.5-coder:1.5b,0.7,3
bio_0450,Biology,1,57,257,6,37,2,3,1,3,1.0,0.8919,qwen2.5-coder:1.5b,0.7,3
che_0451,Chemistry,0,60,99,11,18,2,3,1,1,1.0,0.8889,qwen2.5-coder:1.5b,0.7,3
che_0452,Chemistry,1,61,387,9,63,2,5,1,3,1.0,0.8571,qwen2.5-coder:1.5b,0.7,3
che_0453,Chemistry,0,58,303,8,46,2,4,1,3,1.0,0.913,qwen2.5-coder:1.5b,0.7,3
che_0454,Chemistry,1,52,360,8,59,2,4,1,5,1.0,0.7966,qwen2.5-coder:1.5b,0.7,3
che_0455,Chemistry,0,60,88,11,15,2,2,1,1,1.0,1.0,qwen2.5-coder:1.5b,0.7,3
che_0456,Chemistry,1,61,612,9,92,2,6,1,6,1.0,0.8152,qwen2.5-coder:1.5b,0.7,3
che_0457,Chemistry,0,58,59,8,10,2,2,1,1,1.0,1.0,qwen2.5-coder:1.5b,0.7,3
che_0458,Chemistry,1,52,363,8,59,2,5,1,3,1.0,0.8305,qwen2.5-coder:1.5b,0.7,3
che_0459,Chemistry,0,60,128,11,21,2,3,1,1,1.0,0.9524,qwen2.5-coder:1.5b,0.7,3
che_0460,Chemistry,1,61,315,9,51,2,5,1,3,1.0,0.902,qwen2.5-coder:1.5b,0.7,3
che_0461,Chemistry,0,58,196,8,27,2,2,1,1,1.0,0.9259,qwen2.5-coder:1.5b,0.7,3
che_0462,Chemistry,1,52,322,8,52,2,5,1,3,1.0,0.8269,qwen2.5-coder:1.5b,0.7,3
che_0463,Chemistry,0,60,55,11,9,2,2,1,1,1.0,1.0,qwen2.5-coder:1.5b,0.7,3
che_0464,Chemistry,1,61,344,9,61,2,6,1,3,1.0,0.7377,qwen2.5-coder:1.5b,0.7,3
che_0465,Chemistry,0,58,308,8,50,2,4,1,2,1.0,0.86,qwen2.5-coder:1.5b,0.7,3
che_0466,Chemistry,1,52,289,8,46,2,3,1,2,1.0,0.7826,qwen2.5-coder:1.5b,0.7,3
che_0467,Chemistry,0,60,974,11,159,2,13,1,5,1.0,0.6478,qwen2.5-coder:1.5b,0.7,3
che_0468,Chemistry,1,61,607,9,98,2,5,1,5,1.0,0.7959,qwen2.5-coder:1.5b,0.7,3
che_0469,Chemistry,0,58,134,8,23,2,3,1,1,1.0,0.913,qwen2.5-coder:1.5b,0.7,3
che_0470,Chemistry,1,52,247,8,41,2,4,1,2,1.0,0.9024,qwen2.5-coder:1.5b,0.7,3
che_0471,Chemistry,0,60,400,11,65,2,5,1,2,1.0,0.7538,qwen2.5-coder:1.5b,0.7,3
che_0472,Chemistry,1,61,739,9,122,2,8,1,8,1.0,0.7213,qwen2.5-coder:1.5b,0.7,3
che_0473,Chemistry,0,58,59,8,10,2,2,1,1,1.0,1.0,qwen2.5-coder:1.5b,0.7,3
che_0474,Chemistry,1,52,544,8,87,2,6,1,5,1.0,0.7701,qwen2.5-coder:1.5b,0.7,3
che_0475,Chemistry,0,60,294,11,45,2,4,1,3,1.0,0.8444,qwen2.5-coder:1.5b,0.7,3
che_0476,Chemistry,1,61,438,9,72,2,6,1,3,1.0,0.8611,qwen2.5-coder:1.5b,0.7,3
che_0477,Chemistry,0,58,365,8,57,2,4,1,3,1.0,0.8596,qwen2.5-coder:1.5b,0.7,3
che_0478,Chemistry,1,52,225,8,37,2,4,1,2,1.0,0.8919,qwen2.5-coder:1.5b,0.7,3
che_0479,Chemistry,0,60,200,11,36,2,3,1,2,1.0,0.7222,qwen2.5-coder:1.5b,0.7,3
che_0480,Chemistry,1,61,219,9,38,2,3,1,2,1.0,0.8158,qwen2.5-coder:1.5b,0.7,3
che_0481,Chemistry,0,58,65,8,11,2,2,1,1,1.0,1.0,qwen2.5-coder:1.5b,0.7,3
che_0482,Chemistry,1,52,519,8,89,2,6,1,3,1.0,0.7416,qwen2.5-coder:1.5b,0.7,3
che_0483,Chemistry,0,60,266,11,43,2,4,1,2,1.0,0.9302,qwen2.5-coder:1.5b,0.7,3
che_0484,Chemistry,1,61,352,9,55,2,4,1,2,1.0,0.8545,qwen2.5-coder:1.5b,0.7,3
che_0485,Chemistry,0,58,59,8,10,2,2,1,1,1.0,1.0,qwen2.5-coder:1.5b,0.7,3
che_0486,Chemistry,1,52,252,8,45,2,3,1,1,1.0,0.9111,qwen2.5-coder:1.5b,0.7,3
che_0487,Chemistry,0,60,1122,11,171,2,14,1,10,1.0,0.6316,qwen2.5-coder:1.5b,0.7,3
che_0488,Chemistry,1,61,836,9,139,2,12,1,6,1.0,0.6403,qwen2.5-coder:1.5b,0.7,3
che_0489,Chemistry,0,58,59,8,10,2,2,1,1,1.0,1.0,qwen2.5-coder:1.5b,0.7,3
che_0490,Chemistry,1,52,882,8,147,2,9,1,8,1.0,0.5646,qwen2.5-coder:1.5b,0.7,3
che_0491,Chemistry,0,60,338,11,59,2,4,1,3,1.0,0.7797,qwen2.5-coder:1.5b,0.7,3
che_0492,Chemistry,1,61,761,9,126,2,7,1,6,1.0,0.6825,qwen2.5-coder:1.5b,0.7,3
che_0493,Chemistry,0,58,59,8,10,2,2,1,1,1.0,1.0,qwen2.5-coder:1.5b,0.7,3
che_0494,Chemistry,1,52,320,8,52,2,3,1,3,1.0,0.7885,qwen2.5-coder:1.5b,0.7,3
che_0495,Chemistry,0,60,189,11,31,2,4,1,2,1.0,0.9032,qwen2.5-coder:1.5b,0.7,3
che_0496,Chemistry,1,61,293,9,52,2,4,1,4,1.0,0.8269,qwen2.5-coder:1.5b,0.7,3
che_0497,Chemistry,0,58,59,8,10,2,2,1,1,1.0,1.0,qwen2.5-coder:1.5b,0.7,3
che_0498,Chemistry,1,52,292,8,51,2,4,1,2,1.0,0.8431,qwen2.5-coder:1.5b,0.7,3
che_0499,Chemistry,0,60,66,11,12,2,2,1,1,1.0,1.0,qwen2.5-coder:1.5b,0.7,3
che_0500,Chemistry,1,61,512,9,85,2,5,1,5,1.0,0.7882,qwen2.5-coder:1.5b,0.7,3
new_0501,News,0,58,1695,7,223,2,20,1,10,1.0,0.6951,qwen2.5-coder:1.5b,0.7,3
new_0502,News,1,49,318,7,50,2,4,1,2,1.0,0.86,qwen2.5-coder:1.5b,0.7,3
new_0503,News,0,56,1422,8,215,2,15,1,9,1.0,0.5814,qwen2.5-coder:1.5b,0.7,3
new_0504,News,1,55,1247,7,169,2,11,1,7,1.0,0.6568,qwen2.5-coder:1.5b,0.7,3
new_0505,News,0,58,1514,7,198,2,18,1,11,1.0,0.7121,qwen2.5-coder:1.5b,0.7,3
new_0506,News,1,49,807,7,114,2,6,1,6,1.0,0.7632,qwen2.5-coder:1.5b,0.7,3
new_0507,News,0,56,2392,8,342,2,26,1,15,1.0,0.5117,qwen2.5-coder:1.5b,0.7,3
new_0508,News,1,55,453,7,61,2,4,1,4,1.0,0.8852,qwen2.5-coder:1.5b,0.7,3
new_0509,News,0,58,273,7,34,2,2,1,4,1.0,0.9412,qwen2.5-coder:1.5b,0.7,3
new_0510,News,1,49,318,7,49,2,4,1,2,1.0,0.8571,qwen2.5-coder:1.5b,0.7,3
new_0511,News,0,56,2390,8,355,2,26,1,16,1.0,0.569,qwen2.5-coder:1.5b,0.7,3
new_0512,News,1,55,936,7,134,2,7,1,8,1.0,0.6791,qwen2.5-coder:1.5b,0.7,3
new_0513,News,0,58,1690,7,225,2,20,1,7,1.0,0.6933,qwen2.5-coder:1.5b,0.7,3
new_0514,News,1,49,40,7,7,2,2,1,1,1.0,1.0,qwen2.5-coder:1.5b,0.7,3
new_0515,News,0,56,1014,8,150,2,7,1,12,1.0,0.56,qwen2.5-coder:1.5b,0.7,3
new_0516,News,1,55,452,7,62,2,4,1,3,1.0,0.7742,qwen2.5-coder:1.5b,0.7,3
new_0517,News,0,58,1609,7,216,2,19,1,6,1.0,0.6898,qwen2.5-coder:1.5b,0.7,3
new_0518,News,1,49,56,7,9,2,2,1,1,1.0,1.0,qwen2.5-coder:1.5b,0.7,3
new_0519,News,0,56,2178,8,329,2,22,1,27,1.0,0.3526,qwen2.5-coder:1.5b,0.7,3
new_0520,News,1,55,1296,7,193,2,11,1,13,1.0,0.6477,qwen2.5-coder:1.5b,0.7,3
new_0521,News,0,58,704,7,94,2,5,1,7,1.0,0.7766,qwen2.5-coder:1.5b,0.7,3
new_0522,News,1,49,328,7,48,2,3,1,4,1.0,0.9375,qwen2.5-coder:1.5b,0.7,3
new_0523,News,0,56,493,8,69,2,5,1,6,1.0,0.8261,qwen2.5-coder:1.5b,0.7,3
new_0524,News,1,55,1776,7,238,2,20,1,10,1.0,0.6765,qwen2.5-coder:1.5b,0.7,3
new_0525,News,0,58,1549,7,203,2,16,1,6,1.0,0.6946,qwen2.5-coder:1.5b,0.7,3
new_0526,News,1,49,197,7,31,2,3,1,1,1.0,0.9355,qwen2.5-coder:1.5b,0.7,3
new_0527,News,0,56,532,8,76,2,6,1,4,1.0,0.8026,qwen2.5-coder:1.5b,0.7,3
new_0528,News,1,55,489,7,65,2,5,1,4,1.0,0.8769,qwen2.5-coder:1.5b,0.7,3
new_0529,News,0,58,1768,7,225,2,20,1,8,1.0,0.6756,qwen2.5-coder:1.5b,0.7,3
new_0530,News,1,49,88,7,16,2,2,1,1,1.0,1.0,qwen2.5-coder:1.5b,0.7,3
new_0531,News,0,56,1947,8,280,2,20,1,10,1.0,0.6179,qwen2.5-coder:1.5b,0.7,3
new_0532,News,1,55,588,7,74,2,5,1,7,1.0,0.8243,qwen2.5-coder:1.5b,0.7,3
new_0533,News,0,58,464,7,57,2,3,1,6,1.0,0.8421,qwen2.5-coder:1.5b,0.7,3
new_0534,News,1,49,983,7,144,2,8,1,8,1.0,0.6944,qwen2.5-coder:1.5b,0.7,3
new_0535,News,0,56,2789,8,405,2,26,1,21,1.0,0.5284,qwen2.5-coder:1.5b,0.7,3
new_0536,News,1,55,373,7,52,2,4,1,3,1.0,0.8654,qwen2.5-coder:1.5b,0.7,3
new_0537,News,0,58,1824,7,234,2,18,1,13,1.0,0.6838,qwen2.5-coder:1.5b,0.7,3
new_0538,News,1,49,163,7,23,2,2,1,1,1.0,0.9565,qwen2.5-coder:1.5b,0.7,3
new_0539,News,0,56,336,8,46,2,3,1,3,1.0,0.913,qwen2.5-coder:1.5b,0.7,3
new_0540,News,1,55,430,7,57,2,4,1,5,1.0,0.807,qwen2.5-coder:1.5b,0.7,3
new_0541,News,0,58,633,7,88,2,5,1,6,1.0,0.75,qwen2.5-coder:1.5b,0.7,3
new_0542,News,1,49,479,7,63,2,4,1,3,1.0,0.873,qwen2.5-coder:1.5b,0.7,3
new_0543,News,0,56,1458,8,221,2,11,1,13,1.0,0.4344,qwen2.5-coder:1.5b,0.7,3
new_0544,News,1,55,1651,7,219,2,17,1,11,1.0,0.6758,qwen2.5-coder:1.5b,0.7,3
new_0545,News,0,58,2194,7,288,2,23,1,15,1.0,0.6424,qwen2.5-coder:1.5b,0.7,3
new_0546,News,1,49,372,7,58,2,4,1,3,1.0,0.8966,qwen2.5-coder:1.5b,0.7,3
new_0547,News,0,56,1630,8,232,2,16,1,12,1.0,0.6466,qwen2.5-coder:1.5b,0.7,3
new_0548,News,1,55,1387,7,185,2,16,1,9,1.0,0.7135,qwen2.5-coder:1.5b,0.7,3
new_0549,News,0,58,1653,7,213,2,17,1,12,1.0,0.7042,qwen2.5-coder:1.5b,0.7,3
new_0550,News,1,49,462,7,68,2,4,1,2,1.0,0.7794,qwen2.5-coder:1.5b,0.7,3
mat_0551,Mathematics,0,46,243,10,45,2,3,1,3,1.0,0.7778,qwen2.5-coder:1.5b,0.7,3
mat_0552,Mathematics,1,56,1136,10,198,2,14,1,10,1.0,0.5859,qwen2.5-coder:1.5b,0.7,3
mat_0553,Mathematics,0,66,497,12,85,2,4,1,3,1.0,0.6824,qwen2.5-coder:1.5b,0.7,3
mat_0554,Mathematics,1,57,181,10,35,2,6,1,3,1.0,0.8857,qwen2.5-coder:1.5b,0.7,3
mat_0555,Mathematics,0,46,605,10,102,2,8,1,5,1.0,0.6569,qwen2.5-coder:1.5b,0.7,3
mat_0556,Mathematics,1,56,583,10,91,2,7,1,3,1.0,0.7363,qwen2.5-coder:1.5b,0.7,3
mat_0557,Mathematics,0,66,952,12,159,2,10,1,8,1.0,0.4843,qwen2.5-coder:1.5b,0.7,3
mat_0558,Mathematics,1,57,1024,10,221,2,18,1,15,1.0,0.3982,qwen2.5-coder:1.5b,0.7,3
mat_0559,Mathematics,0,46,722,10,121,2,8,1,6,1.0,0.6198,qwen2.5-coder:1.5b,0.7,3
mat_0560,Mathematics,1,56,1322,10,182,2,19,1,6,1.0,0.6154,qwen2.5-coder:1.5b,0.7,3
mat_0561,Mathematics,0,66,744,12,128,2,7,1,4,1.0,0.5469,qwen2.5-coder:1.5b,0.7,3
mat_0562,Mathematics,1,57,403,10,83,2,5,1,2,1.0,0.6867,qwen2.5-coder:1.5b,0.7,3
mat_0563,Mathematics,0,46,571,10,98,2,7,1,4,1.0,0.6429,qwen2.5-coder:1.5b,0.7,3
mat_0564,Mathematics,1,56,356,10,60,2,5,1,3,1.0,0.8,qwen2.5-coder:1.5b,0.7,3
mat_0565,Mathematics,0,66,530,12,83,2,4,1,1,1.0,0.5663,qwen2.5-coder:1.5b,0.7,3
mat_0566,Mathematics,1,57,522,10,103,2,10,1,3,1.0,0.5243,qwen2.5-coder:1.5b,0.7,3
mat_0567,Mathematics,0,46,647,10,110,2,9,1,5,1.0,0.6364,qwen2.5-coder:1.5b,0.7,3
mat_0568,Mathematics,1,56,1185,10,260,2,9,1,11,1.0,0.4615,qwen2.5-coder:1.5b,0.7,3
mat_0569,Mathematics,0,66,436,12,74,2,4,1,4,1.0,0.7027,qwen2.5-coder:1.5b,0.7,3
mat_0570,Mathematics,1,57,266,10,52,2,6,1,2,1.0,0.7308,qwen2.5-coder:1.5b,0.7,3
mat_0571,Mathematics,0,46,625,10,111,2,9,1,8,1.0,0.5856,qwen2.5-coder:1.5b,0.7,3
mat_0572,Mathematics,1,56,1684,10,291,2,12,1,8,1.0,0.457,qwen2.5-coder:1.5b,0.7,3
mat_0573,Mathematics,0,66,1529,12,260,2,18,1,9,1.0,0.4692,qwen2.5-coder:1.5b,0.7,3
mat_0574,Mathematics,1,57,397,10,78,2,6,1,6,1.0,0.6538,qwen2.5-coder:1.5b,0.7,3
mat_0575,Mathematics,0,46,663,10,113,2,10,1,9,1.0,0.646,qwen2.5-coder:1.5b,0.7,3
mat_0576,Mathematics,1,56,948,10,174,2,13,1,9,1.0,0.569,qwen2.5-coder:1.5b,0.7,3
mat_0577,Mathematics,0,66,2240,12,385,2,28,1,5,1.0,0.3896,qwen2.5-coder:1.5b,0.7,3
mat_0578,Mathematics,1,57,602,10,109,2,8,1,5,1.0,0.6422,qwen2.5-coder:1.5b,0.7,3
mat_0579,Mathematics,0,46,742,10,128,2,8,1,6,1.0,0.6328,qwen2.5-coder:1.5b,0.7,3
mat_0580,Mathematics,1,56,778,10,131,2,9,1,7,1.0,0.7023,qwen2.5-coder:1.5b,0.7,3
mat_0581,Mathematics,0,66,56,12,11,2,2,1,1,1.0,1.0,qwen2.5-coder:1.5b,0.7,3
mat_0582,Mathematics,1,57,1091,10,203,2,24,1,4,1.0,0.468,qwen2.5-coder:1.5b,0.7,3
mat_0583,Mathematics,0,46,535,10,92,2,9,1,5,1.0,0.6848,qwen2.5-coder:1.5b,0.7,3
mat_0584,Mathematics,1,56,1506,10,245,2,17,1,9,1.0,0.502,qwen2.5-coder:1.5b,0.7,3
mat_0585,Mathematics,0,66,1877,12,319,2,18,1,14,1.0,0.4389,qwen2.5-coder:1.5b,0.7,3
mat_0586,Mathematics,1,57,1787,10,293,2,23,1,13,1.0,0.5324,qwen2.5-coder:1.5b,0.7,3
mat_0587,Mathematics,0,46,409,10,80,2,4,1,5,1.0,0.675,qwen2.5-coder:1.5b,0.7,3
mat_0588,Mathematics,1,56,37,10,6,2,2,1,1,1.0,1.0,qwen2.5-coder:1.5b,0.7,3
mat_0589,Mathematics,0,66,324,12,49,2,3,1,2,1.0,0.7551,qwen2.5-coder:1.5b,0.7,3
mat_0590,Mathematics,1,57,1288,10,231,2,12,1,7,1.0,0.5455,qwen2.5-coder:1.5b,0.7,3
mat_0591,Mathematics,0,46,433,10,80,2,4,1,4,1.0,0.5625,qwen2.5-coder:1.5b,0.7,3
mat_0592,Mathematics,1,56,1916,10,337,2,17,1,15,1.0,0.4065,qwen2.5-coder:1.5b,0.7,3
mat_0593,Mathematics,0,66,422,12,72,2,4,1,4,1.0,0.7222,qwen2.5-coder:1.5b,0.7,3
mat_0594,Mathematics,1,57,440,10,79,2,6,1,3,1.0,0.6456,qwen2.5-coder:1.5b,0.7,3
mat_0595,Mathematics,0,46,87,10,14,2,2,1,1,1.0,1.0,qwen2.5-coder:1.5b,0.7,3
mat_0596,Mathematics,1,56,1253,10,233,2,9,1,16,1.0,0.4807,qwen2.5-coder:1.5b,0.7,3
mat_0597,Mathematics,0,66,355,12,61,2,4,1,4,1.0,0.6885,qwen2.5-coder:1.5b,0.7,3
mat_0598,Mathematics,1,57,568,10,122,2,11,1,4,1.0,0.5984,qwen2.5-coder:1.5b,0.7,3
mat_0599,Mathematics,0,46,528,10,92,2,9,1,5,1.0,0.6522,qwen2.5-coder:1.5b,0.7,3
mat_0600,Mathematics,1,56,1221,10,209,2,16,1,9,1.0,0.5311,qwen2.5-coder:1.5b,0.7,3
geo_0601,Geography,0,45,259,8,36,2,2,1,2,1.0,0.8889,qwen2.5-coder:1.5b,0.7,3
geo_0602,Geography,1,52,31,8,6,2,2,1,1,1.0,1.0,qwen2.5-coder:1.5b,0.7,3
geo_0603,Geography,0,50,205,10,34,2,4,1,2,0.8,0.7647,qwen2.5-coder:1.5b,0.7,3
geo_0604,Geography,1,40,123,6,19,2,2,1,2,1.0,0.9474,qwen2.5-coder:1.5b,0.7,3
geo_0605,Geography,0,45,65,8,11,2,2,1,1,1.0,1.0,qwen2.5-coder:1.5b,0.7,3
geo_0606,Geography,1,52,338,8,55,2,4,1,4,1.0,0.7818,qwen2.5-coder:1.5b,0.7,3
geo_0607,Geography,0,50,276,10,42,2,5,1,3,0.8,0.7619,qwen2.5-coder:1.5b,0.7,3
geo_0608,Geography,1,40,404,6,66,2,4,1,3,1.0,0.7727,qwen2.5-coder:1.5b,0.7,3
geo_0609,Geography,0,45,214,8,39,2,3,1,1,1.0,0.8205,qwen2.5-coder:1.5b,0.7,3
geo_0610,Geography,1,52,194,8,32,2,3,1,2,1.0,0.8438,qwen2.5-coder:1.5b,0.7,3
geo_0611,Geography,0,50,73,10,14,2,2,1,1,0.8,0.7143,qwen2.5-coder:1.5b,0.7,3
geo_0612,Geography,1,40,936,6,138,2,7,1,8,1.0,0.4348,qwen2.5-coder:1.5b,0.7,3
geo_0613,Geography,0,45,153,8,28,2,3,1,1,1.0,0.8571,qwen2.5-coder:1.5b,0.7,3
geo_0614,Geography,1,52,86,8,16,2,3,1,1,1.0,0.8125,qwen2.5-coder:1.5b,0.7,3
geo_0615,Geography,0,50,244,10,43,2,3,1,2,0.8,0.814,qwen2.5-coder:1.5b,0.7,3
geo_0616,Geography,1,40,98,6,17,2,2,1,1,1.0,0.9412,qwen2.5-coder:1.5b,0.7,3
geo_0617,Geography,0,45,45,8,8,2,2,1,1,1.0,1.0,qwen2.5-coder:1.5b,0.7,3
geo_0618,Geography,1,52,344,8,57,2,5,1,4,1.0,0.7193,qwen2.5-coder:1.5b,0.7,3
geo_0619,Geography,0,50,163,10,28,2,2,1,2,0.8,0.8929,qwen2.5-coder:1.5b,0.7,3
geo_0620,Geography,1,40,101,6,19,2,2,1,1,1.0,0.8421,qwen2.5-coder:1.5b,0.7,3
geo_0621,Geography,0,45,299,8,53,2,3,1,1,1.0,0.7925,qwen2.5-coder:1.5b,0.7,3
geo_0622,Geography,1,52,52,8,9,2,2,1,1,1.0,1.0,qwen2.5-coder:1.5b,0.7,3
geo_0623,Geography,0,50,300,10,48,2,3,1,2,0.8,0.5833,qwen2.5-coder:1.5b,0.7,3
geo_0624,Geography,1,40,326,6,54,2,4,1,4,1.0,0.7963,qwen2.5-coder:1.5b,0.7,3
geo_0625,Geography,0,45,435,8,73,2,5,1,4,1.0,0.726,qwen2.5-coder:1.5b,0.7,3
geo_0626,Geography,1,52,31,8,6,2,2,1,1,1.0,1.0,qwen2.5-coder:1.5b,0.7,3
geo_0627,Geography,0,50,136,10,24,2,2,1,2,0.8,0.875,qwen2.5-coder:1.5b,0.7,3
geo_0628,Geography,1,40,83,6,12,2,2,1,1,1.0,1.0,qwen2.5-coder:1.5b,0.7,3
geo_0629,Geography,0,45,365,8,57,2,4,1,2,1.0,0.8596,qwen2.5-coder:1.5b,0.7,3
geo_0630,Geography,1,52,129,8,22,2,3,1,1,1.0,0.7727,qwen2.5-coder:1.5b,0.7,3
geo_0631,Geography,0,50,203,10,34,2,3,1,1,0.8,0.8235,qwen2.5-coder:1.5b,0.7,3
geo_0632,Geography,1,40,36,6,6,2,2,1,1,1.0,1.0,qwen2.5-coder:1.5b,0.7,3
geo_0633,Geography,0,45,142,8,24,2,3,1,2,1.0,0.9167,qwen2.5-coder:1.5b,0.7,3
geo_0634,Geography,1,52,31,8,6,2,2,1,1,1.0,1.0,qwen2.5-coder:1.5b,0.7,3
geo_0635,Geography,0,50,247,10,39,2,5,1,4,0.8,0.7949,qwen2.5-coder:1.5b,0.7,3
geo_0636,Geography,1,40,200,6,34,2,3,1,2,1.0,0.8235,qwen2.5-coder:1.5b,0.7,3
geo_0637,Geography,0,45,304,8,47,2,5,1,2,1.0,0.8723,qwen2.5-coder:1.5b,0.7,3
geo_0638,Geography,1,52,139,8,23,2,3,1,2,1.0,0.8696,qwen2.5-coder:1.5b,0.7,3
geo_0639,Geography,0,50,210,10,35,2,4,1,2,0.8,0.8286,qwen2.5-coder:1.5b,0.7,3
geo_0640,Geography,1,40,45,6,8,2,2,1,1,1.0,1.0,qwen2.5-coder:1.5b,0.7,3
geo_0641,Geography,0,45,233,8,35,2,2,1,2,1.0,0.9143,qwen2.5-coder:1.5b,0.7,3
geo_0642,Geography,1,52,31,8,6,2,2,1,1,1.0,1.0,qwen2.5-coder:1.5b,0.7,3
geo_0643,Geography,0,50,120,10,20,2,3,1,2,0.8,0.9,qwen2.5-coder:1.5b,0.7,3
geo_0644,Geography,1,40,45,6,8,2,2,1,1,1.0,1.0,qwen2.5-coder:1.5b,0.7,3
geo_0645,Geography,0,45,382,8,62,2,4,1,3,1.0,0.7097,qwen2.5-coder:1.5b,0.7,3
geo_0646,Geography,1,52,31,8,6,2,2,1,1,1.0,1.0,qwen2.5-coder:1.5b,0.7,3
geo_0647,Geography,0,50,305,10,51,2,4,1,3,0.8,0.8235,qwen2.5-coder:1.5b,0.7,3
geo_0648,Geography,1,40,102,6,17,2,2,1,2,1.0,0.9412,qwen2.5-coder:1.5b,0.7,3
geo_0649,Geography,0,45,208,8,32,2,3,1,3,1.0,0.875,qwen2.5-coder:1.5b,0.7,3
geo_0650,Geography,1,52,102,8,16,2,3,1,2,1.0,0.875,qwen2.5-coder:1.5b,0.7,3
pol_0651,Politics,0,51,2388,6,344,2,28,1,12,1.0,0.6192,qwen2.5-coder:1.5b,0.7,3
pol_0652,Politics,1,64,70,10,11,2,2,1,1,1.0,1.0,qwen2.5-coder:1.5b,0.7,3
pol_0653,Politics,0,63,1240,8,189,2,14,1,8,1.0,0.6296,qwen2.5-coder:1.5b,0.7,3
pol_0654,Politics,1,59,569,10,96,2,5,1,5,1.0,0.7396,qwen2.5-coder:1.5b,0.7,3
pol_0655,Politics,0,51,497,6,67,2,4,1,7,1.0,0.8806,qwen2.5-coder:1.5b,0.7,3
pol_0656,Politics,1,64,348,10,59,2,3,1,2,1.0,0.7458,qwen2.5-coder:1.5b,0.7,3
pol_0657,Politics,0,63,1185,8,182,2,9,1,7,1.0,0.5934,qwen2.5-coder:1.5b,0.7,3
pol_0658,Politics,1,59,349,10,55,2,4,1,2,1.0,0.6909,qwen2.5-coder:1.5b,0.7,3
pol_0659,Politics,0,51,1466,6,216,2,13,1,12,1.0,0.6296,qwen2.5-coder:1.5b,0.7,3
pol_0660,Politics,1,64,177,10,28,2,2,1,2,1.0,0.9286,qwen2.5-coder:1.5b,0.7,3
pol_0661,Politics,0,63,617,8,102,2,5,1,6,1.0,0.7059,qwen2.5-coder:1.5b,0.7,3
pol_0662,Politics,1,59,491,10,83,2,4,1,2,1.0,0.6747,qwen2.5-coder:1.5b,0.7,3
pol_0663,Politics,0,51,935,6,141,2,7,1,9,1.0,0.6879,qwen2.5-coder:1.5b,0.7,3
pol_0664,Politics,1,64,89,10,16,2,2,1,1,1.0,1.0,qwen2.5-coder:1.5b,0.7,3
pol_0665,Politics,0,63,536,8,86,2,4,1,3,1.0,0.6628,qwen2.5-coder:1.5b,0.7,3
pol_0666,Politics,1,59,456,10,72,2,4,1,2,1.0,0.7639,qwen2.5-coder:1.5b,0.7,3
pol_0667,Politics,0,51,748,6,118,2,7,1,5,1.0,0.6949,qwen2.5-coder:1.5b,0.7,3
pol_0668,Politics,1,64,242,10,37,2,2,1,1,1.0,0.8919,qwen2.5-coder:1.5b,0.7,3
pol_0669,Politics,0,63,690,8,94,2,4,1,5,1.0,0.7447,qwen2.5-coder:1.5b,0.7,3
pol_0670,Politics,1,59,1075,10,176,2,7,1,6,1.0,0.608,qwen2.5-coder:1.5b,0.7,3
pol_0671,Politics,0,51,501,6,78,2,4,1,3,1.0,0.7949,qwen2.5-coder:1.5b,0.7,3
pol_0672,Politics,1,64,95,10,17,2,2,1,1,1.0,1.0,qwen2.5-coder:1.5b,0.7,3
pol_0673,Politics,0,63,522,8,80,2,4,1,4,1.0,0.75,qwen2.5-coder:1.5b,0.7,3
pol_0674,Politics,1,59,376,10,66,2,4,1,3,1.0,0.697,qwen2.5-coder:1.5b,0.7,3
pol_0675,Politics,0,51,382,6,58,2,4,1,4,1.0,0.8448,qwen2.5-coder:1.5b,0.7,3
pol_0676,Politics,1,64,90,10,17,2,2,1,1,1.0,1.0,qwen2.5-coder:1.5b,0.7,3
pol_0677,Politics,0,63,955,8,139,2,8,1,9,1.0,0.6547,qwen2.5-coder:1.5b,0.7,3
pol_0678,Politics,1,59,461,10,72,2,4,1,2,1.0,0.7083,qwen2.5-coder:1.5b,0.7,3
pol_0679,Politics,0,51,1575,6,220,2,19,1,11,1.0,0.6636,qwen2.5-coder:1.5b,0.7,3
pol_0680,Politics,1,64,103,10,18,2,2,1,2,1.0,1.0,qwen2.5-coder:1.5b,0.7,3
pol_0681,Politics,0,63,711,8,106,2,5,1,5,1.0,0.6792,qwen2.5-coder:1.5b,0.7,3
pol_0682,Politics,1,59,106,10,18,2,2,1,1,1.0,0.8889,qwen2.5-coder:1.5b,0.7,3
pol_0683,Politics,0,51,1965,6,291,2,24,1,13,1.0,0.6392,qwen2.5-coder:1.5b,0.7,3
pol_0684,Politics,1,64,229,10,34,2,3,1,1,1.0,0.8235,qwen2.5-coder:1.5b,0.7,3
pol_0685,Politics,0,63,493,8,78,2,4,1,5,1.0,0.7821,qwen2.5-coder:1.5b,0.7,3
pol_0686,Politics,1,59,588,10,97,2,4,1,3,1.0,0.701,qwen2.5-coder:1.5b,0.7,3
pol_0687,Politics,0,51,2605,6,386,2,28,1,15,1.0,0.6192,qwen2.5-coder:1.5b,0.7,3
pol_0688,Politics,1,64,156,10,25,2,3,1,1,1.0,0.92,qwen2.5-coder:1.5b,0.7,3
pol_0689,Politics,0,63,618,8,93,2,5,1,7,1.0,0.7419,qwen2.5-coder:1.5b,0.7,3
pol_0690,Politics,1,59,469,10,77,2,4,1,2,1.0,0.7403,qwen2.5-coder:1.5b,0.7,3
pol_0691,Politics,0,51,1515,6,221,2,18,1,11,1.0,0.629,qwen2.5-coder:1.5b,0.7,3
pol_0692,Politics,1,64,39,10,7,2,2,1,1,1.0,1.0,qwen2.5-coder:1.5b,0.7,3
pol_0693,Politics,0,63,533,8,80,2,4,1,3,1.0,0.675,qwen2.5-coder:1.5b,0.7,3
pol_0694,Politics,1,59,434,10,76,2,4,1,4,1.0,0.7368,qwen2.5-coder:1.5b,0.7,3
pol_0695,Politics,0,51,1871,6,269,2,20,1,13,1.0,0.5948,qwen2.5-coder:1.5b,0.7,3
pol_0696,Politics,1,64,358,10,54,2,4,1,4,1.0,0.963,qwen2.5-coder:1.5b,0.7,3
pol_0697,Politics,0,63,441,8,69,2,4,1,3,1.0,0.8116,qwen2.5-coder:1.5b,0.7,3
pol_0698,Politics,1,59,1305,10,217,2,9,1,10,1.0,0.5438,qwen2.5-coder:1.5b,0.7,3
pol_0699,Politics,0,51,2156,6,325,2,24,1,15,1.0,0.6,qwen2.5-coder:1.5b,0.7,3
pol_0700,Politics,1,64,419,10,62,2,3,1,4,1.0,0.871,qwen2.5-coder:1.5b,0.7,3
lit_0701,Literature,0,45,114,6,19,2,2,1,2,1.0,1.0,qwen2.5-coder:1.5b,0.7,3
lit_0702,Literature,1,47,294,8,50,2,3,1,2,1.0,0.78,qwen2.5-coder:1.5b,0.7,3
lit_0703,Literature,0,41,678,7,119,2,6,1,6,0.8571,0.6807,qwen2.5-coder:1.5b,0.7,3
lit_0704,Literature,1,48,317,8,51,2,5,1,4,1.0,0.8235,qwen2.5-coder:1.5b,0.7,3
lit_0705,Literature,0,45,41,6,6,2,2,1,1,1.0,1.0,qwen2.5-coder:1.5b,0.7,3
lit_0706,Literature,1,47,41,8,8,2,2,1,1,1.0,1.0,qwen2.5-coder:1.5b,0.7,3
lit_0707,Literature,0,41,189,7,32,2,3,1,2,0.8571,0.9062,qwen2.5-coder:1.5b,0.7,3
lit_0708,Literature,1,48,55,8,10,2,2,1,1,1.0,1.0,qwen2.5-coder:1.5b,0.7,3
lit_0709,Literature,0,45,42,6,6,2,2,1,1,1.0,1.0,qwen2.5-coder:1.5b,0.7,3
lit_0710,Literature,1,47,121,8,22,2,2,1,1,1.0,0.8636,qwen2.5-coder:1.5b,0.7,3
lit_0711,Literature,0,41,44,7,8,2,2,1,1,0.8571,1.0,qwen2.5-coder:1.5b,0.7,3
lit_0712,Literature,1,48,55,8,10,2,2,1,1,1.0,1.0,qwen2.5-coder:1.5b,0.7,3
lit_0713,Literature,0,45,41,6,6,2,2,1,1,1.0,1.0,qwen2.5-coder:1.5b,0.7,3
lit_0714,Literature,1,47,108,8,16,2,2,1,1,1.0,0.9375,qwen2.5-coder:1.5b,0.7,3
lit_0715,Literature,0,41,33,7,6,2,2,1,1,0.8571,1.0,qwen2.5-coder:1.5b,0.7,3
lit_0716,Literature,1,48,46,8,8,2,2,1,1,1.0,1.0,qwen2.5-coder:1.5b,0.7,3
lit_0717,Literature,0,45,102,6,17,2,2,1,2,1.0,1.0,qwen2.5-coder:1.5b,0.7,3
lit_0718,Literature,1,47,48,8,10,2,2,1,1,1.0,1.0,qwen2.5-coder:1.5b,0.7,3
lit_0719,Literature,0,41,693,7,116,2,6,1,9,0.8571,0.7155,qwen2.5-coder:1.5b,0.7,3
lit_0720,Literature,1,48,333,8,60,2,4,1,4,1.0,0.8833,qwen2.5-coder:1.5b,0.7,3
lit_0721,Literature,0,45,102,6,16,2,2,1,2,1.0,1.0,qwen2.5-coder:1.5b,0.7,3
lit_0722,Literature,1,47,55,8,11,2,2,1,1,1.0,1.0,qwen2.5-coder:1.5b,0.7,3
lit_0723,Literature,0,41,71,7,12,2,2,1,2,0.8571,1.0,qwen2.5-coder:1.5b,0.7,3
lit_0724,Literature,1,48,59,8,9,2,2,1,1,1.0,1.0,qwen2.5-coder:1.5b,0.7,3
lit_0725,Literature,0,45,42,6,7,2,2,1,1,1.0,1.0,qwen2.5-coder:1.5b,0.7,3
lit_0726,Literature,1,47,41,8,8,2,2,1,1,1.0,1.0,qwen2.5-coder:1.5b,0.7,3
lit_0727,Literature,0,41,56,7,10,2,2,1,2,0.8571,1.0,qwen2.5-coder:1.5b,0.7,3
lit_0728,Literature,1,48,47,8,8,2,2,1,1,1.0,1.0,qwen2.5-coder:1.5b,0.7,3
lit_0729,Literature,0,45,41,6,6,2,2,1,1,1.0,1.0,qwen2.5-coder:1.5b,0.7,3
lit_0730,Literature,1,47,41,8,8,2,2,1,1,1.0,1.0,qwen2.5-coder:1.5b,0.7,3
lit_0731,Literature,0,41,105,7,19,2,2,1,2,0.8571,0.9474,qwen2.5-coder:1.5b,0.7,3
lit_0732,Literature,1,48,49,8,9,2,2,1,1,1.0,1.0,qwen2.5-coder:1.5b,0.7,3
lit_0733,Literature,0,45,42,6,6,2,2,1,1,1.0,1.0,qwen2.5-coder:1.5b,0.7,3
lit_0734,Literature,1,47,450,8,73,2,5,1,2,1.0,0.8219,qwen2.5-coder:1.5b,0.7,3
lit_0735,Literature,0,41,73,7,12,2,2,1,2,0.8571,1.0,qwen2.5-coder:1.5b,0.7,3
lit_0736,Literature,1,48,370,8,61,2,4,1,3,1.0,0.8852,qwen2.5-coder:1.5b,0.7,3
lit_0737,Literature,0,45,41,6,6,2,2,1,1,1.0,1.0,qwen2.5-coder:1.5b,0.7,3
lit_0738,Literature,1,47,74,8,14,2,2,1,1,1.0,1.0,qwen2.5-coder:1.5b,0.7,3
lit_0739,Literature,0,41,409,7,74,2,4,1,6,0.8571,0.7703,qwen2.5-coder:1.5b,0.7,3
lit_0740,Literature,1,48,94,8,16,2,2,1,2,1.0,1.0,qwen2.5-coder:1.5b,0.7,3
lit_0741,Literature,0,45,42,6,6,2,2,1,1,1.0,1.0,qwen2.5-coder:1.5b,0.7,3
lit_0742,Literature,1,47,41,8,8,2,2,1,1,1.0,1.0,qwen2.5-coder:1.5b,0.7,3
lit_0743,Literature,0,41,27,7,4,2,2,1,1,0.8571,1.0,qwen2.5-coder:1.5b,0.7,3
lit_0744,Literature,1,48,59,8,9,2,2,1,1,1.0,1.0,qwen2.5-coder:1.5b,0.7,3
lit_0745,Literature,0,45,42,6,6,2,2,1,1,1.0,1.0,qwen2.5-coder:1.5b,0.7,3
lit_0746,Literature,1,47,53,8,10,2,2,1,1,1.0,1.0,qwen2.5-coder:1.5b,0.7,3
lit_0747,Literature,0,41,108,7,19,2,2,1,2,0.8571,1.0,qwen2.5-coder:1.5b,0.7,3
lit_0748,Literature,1,48,46,8,8,2,2,1,1,1.0,1.0,qwen2.5-coder:1.5b,0.7,3
lit_0749,Literature,0,45,42,6,6,2,2,1,1,1.0,1.0,qwen2.5-coder:1.5b,0.7,3
lit_0750,Literature,1,47,41,8,8,2,2,1,1,1.0,1.0,qwen2.5-coder:1.5b,0.7,3
