id,domain,category,claim,ground_truth,prediction,final_score,retrieved_evidence,nli_score,symbolic_signals,failure_type,reviewer_reasoning,review_confidence,resolution
phase10_0004,Physics,DIRECT_FACTUAL,The speed of light in vacuum varies according to ambient gravitational wave amplitude.,1,0,0.4787,Authoritative scientific literature reference context.,0.6223,"Num=0.0, Neg=0.0, Caus=0.0",FALSE_NEGATIVE_UNDERDETECTION,Claim failed classification due to FALSE_NEGATIVE_UNDERDETECTION.,HIGH,RESOLVED_AS_EXPECTED_EDGE_CASE
phase10_0006,Physics,DIRECT_FACTUAL,The speed of light in vacuum varies according to ambient gravitational wave amplitude.,1,0,0.4833,Authoritative scientific literature reference context.,0.6153,"Num=0.0, Neg=0.0, Caus=0.0",FALSE_NEGATIVE_UNDERDETECTION,Claim failed classification due to FALSE_NEGATIVE_UNDERDETECTION.,HIGH,RESOLVED_AS_EXPECTED_EDGE_CASE
phase10_0010,Physics,DIRECT_FACTUAL,The speed of light in vacuum varies according to ambient gravitational wave amplitude.,1,0,0.4912,Authoritative scientific literature reference context.,0.7009,"Num=0.0, Neg=0.0, Caus=0.0",FALSE_NEGATIVE_UNDERDETECTION,Claim failed classification due to FALSE_NEGATIVE_UNDERDETECTION.,HIGH,RESOLVED_AS_EXPECTED_EDGE_CASE
phase10_0052,Physics,CAUSAL_DIRECTION,Electromagnetic radiation causes all static electric charges to accelerate spontaneously.,1,0,0.4871,Authoritative scientific literature reference context.,0.6368,"Num=0.0, Neg=0.0, Caus=0.85",FALSE_NEGATIVE_UNDERDETECTION,Claim failed classification due to FALSE_NEGATIVE_UNDERDETECTION.,HIGH,RESOLVED_AS_EXPECTED_EDGE_CASE
phase10_0054,Physics,CAUSAL_DIRECTION,Electromagnetic radiation causes all static electric charges to accelerate spontaneously.,1,0,0.4891,Authoritative scientific literature reference context.,0.6538,"Num=0.0, Neg=0.0, Caus=0.85",FALSE_NEGATIVE_UNDERDETECTION,Claim failed classification due to FALSE_NEGATIVE_UNDERDETECTION.,HIGH,RESOLVED_AS_EXPECTED_EDGE_CASE
phase10_0058,Physics,CAUSAL_DIRECTION,Electromagnetic radiation causes all static electric charges to accelerate spontaneously.,1,0,0.4968,Authoritative scientific literature reference context.,0.7308,"Num=0.0, Neg=0.0, Caus=0.85",FALSE_NEGATIVE_UNDERDETECTION,Claim failed classification due to FALSE_NEGATIVE_UNDERDETECTION.,HIGH,RESOLVED_AS_EXPECTED_EDGE_CASE
phase10_0070,Physics,CONDITIONAL_CONTEXT,Superconductivity occurs universally across all metals at room temperature and pressure.,1,0,0.4902,Authoritative scientific literature reference context.,0.6887,"Num=0.0, Neg=0.0, Caus=0.0",FALSE_NEGATIVE_UNDERDETECTION,Claim failed classification due to FALSE_NEGATIVE_UNDERDETECTION.,HIGH,RESOLVED_AS_EXPECTED_EDGE_CASE
phase10_0080,Physics,TEMPORAL_OUTDATED,Luminiferous ether remains the accepted mechanical medium for electromagnetic wave propagation.,1,0,0.4934,Authoritative scientific literature reference context.,0.7034,"Num=0.0, Neg=0.0, Caus=0.0",FALSE_NEGATIVE_UNDERDETECTION,Claim failed classification due to FALSE_NEGATIVE_UNDERDETECTION.,HIGH,RESOLVED_AS_EXPECTED_EDGE_CASE
phase10_0103,Physics,COMPOUND_CLAIM,Gravitational waves travel faster than light and instantaneously compress atomic nuclei.,1,0,0.491,Authoritative scientific literature reference context.,0.6194,"Num=0.0, Neg=0.0, Caus=0.0",FALSE_NEGATIVE_UNDERDETECTION,Claim failed classification due to FALSE_NEGATIVE_UNDERDETECTION.,HIGH,RESOLVED_AS_EXPECTED_EDGE_CASE
phase10_0105,Physics,COMPOUND_CLAIM,Gravitational waves travel faster than light and instantaneously compress atomic nuclei.,1,0,0.4933,Authoritative scientific literature reference context.,0.6538,"Num=0.0, Neg=0.0, Caus=0.0",FALSE_NEGATIVE_UNDERDETECTION,Claim failed classification due to FALSE_NEGATIVE_UNDERDETECTION.,HIGH,RESOLVED_AS_EXPECTED_EDGE_CASE
phase10_0108,Physics,TRUE_CORE_FALSE_ELABORATION,"Black holes possess an event horizon, inside which matter converts directly into tachyon particles.",1,0,0.4974,Authoritative scientific literature reference context.,0.6573,"Num=0.0, Neg=0.0, Caus=0.0",FALSE_NEGATIVE_UNDERDETECTION,Claim failed classification due to FALSE_NEGATIVE_UNDERDETECTION.,HIGH,RESOLVED_AS_EXPECTED_EDGE_CASE
phase10_0110,Physics,TRUE_CORE_FALSE_ELABORATION,"Black holes possess an event horizon, inside which matter converts directly into tachyon particles.",1,0,0.4883,Authoritative scientific literature reference context.,0.628,"Num=0.0, Neg=0.0, Caus=0.0",FALSE_NEGATIVE_UNDERDETECTION,Claim failed classification due to FALSE_NEGATIVE_UNDERDETECTION.,HIGH,RESOLVED_AS_EXPECTED_EDGE_CASE
phase10_0114,Physics,TRUE_CORE_FALSE_ELABORATION,"Black holes possess an event horizon, inside which matter converts directly into tachyon particles.",1,0,0.4904,Authoritative scientific literature reference context.,0.6203,"Num=0.0, Neg=0.0, Caus=0.0",FALSE_NEGATIVE_UNDERDETECTION,Claim failed classification due to FALSE_NEGATIVE_UNDERDETECTION.,HIGH,RESOLVED_AS_EXPECTED_EDGE_CASE
phase10_0119,Physics,CORRELATION_CAUSATION,Cosmic microwave background anisotropy is caused directly by human radio broadcast signals.,1,0,0.4929,Authoritative scientific literature reference context.,0.7076,"Num=0.0, Neg=0.0, Caus=0.85",FALSE_NEGATIVE_UNDERDETECTION,Claim failed classification due to FALSE_NEGATIVE_UNDERDETECTION.,HIGH,RESOLVED_AS_EXPECTED_EDGE_CASE
phase10_0127,Physics,CORRELATION_CAUSATION,Cosmic microwave background anisotropy is caused directly by human radio broadcast signals.,1,0,0.4811,Authoritative scientific literature reference context.,0.6129,"Num=0.0, Neg=0.0, Caus=0.85",FALSE_NEGATIVE_UNDERDETECTION,Claim failed classification due to FALSE_NEGATIVE_UNDERDETECTION.,HIGH,RESOLVED_AS_EXPECTED_EDGE_CASE
phase10_0132,Physics,EXCEPTION_GENERALIZATION,Ideal gas law PV=nRT applies perfectly to real gases undergoing phase transition into liquid.,1,0,0.4925,Authoritative scientific literature reference context.,0.7046,"Num=0.0, Neg=0.0, Caus=0.0",FALSE_NEGATIVE_UNDERDETECTION,Claim failed classification due to FALSE_NEGATIVE_UNDERDETECTION.,HIGH,RESOLVED_AS_EXPECTED_EDGE_CASE
phase10_0154,Chemistry,DIRECT_FACTUAL,Water molecules consist of two oxygen atoms covalently bound to one hydrogen atom.,1,0,0.483,Authoritative scientific literature reference context.,0.6109,"Num=0.0, Neg=0.0, Caus=0.0",FALSE_NEGATIVE_UNDERDETECTION,Claim failed classification due to FALSE_NEGATIVE_UNDERDETECTION.,HIGH,RESOLVED_AS_EXPECTED_EDGE_CASE
phase10_0156,Chemistry,DIRECT_FACTUAL,Water molecules consist of two oxygen atoms covalently bound to one hydrogen atom.,1,0,0.4842,Authoritative scientific literature reference context.,0.657,"Num=0.0, Neg=0.0, Caus=0.0",FALSE_NEGATIVE_UNDERDETECTION,Claim failed classification due to FALSE_NEGATIVE_UNDERDETECTION.,HIGH,RESOLVED_AS_EXPECTED_EDGE_CASE
phase10_0158,Chemistry,DIRECT_FACTUAL,Water molecules consist of two oxygen atoms covalently bound to one hydrogen atom.,1,0,0.4918,Authoritative scientific literature reference context.,0.7114,"Num=0.0, Neg=0.0, Caus=0.0",FALSE_NEGATIVE_UNDERDETECTION,Claim failed classification due to FALSE_NEGATIVE_UNDERDETECTION.,HIGH,RESOLVED_AS_EXPECTED_EDGE_CASE
phase10_0160,Chemistry,DIRECT_FACTUAL,Water molecules consist of two oxygen atoms covalently bound to one hydrogen atom.,1,0,0.4847,Authoritative scientific literature reference context.,0.6579,"Num=0.0, Neg=0.0, Caus=0.0",FALSE_NEGATIVE_UNDERDETECTION,Claim failed classification due to FALSE_NEGATIVE_UNDERDETECTION.,HIGH,RESOLVED_AS_EXPECTED_EDGE_CASE
phase10_0162,Chemistry,DIRECT_FACTUAL,Water molecules consist of two oxygen atoms covalently bound to one hydrogen atom.,1,0,0.4869,Authoritative scientific literature reference context.,0.6605,"Num=0.0, Neg=0.0, Caus=0.0",FALSE_NEGATIVE_UNDERDETECTION,Claim failed classification due to FALSE_NEGATIVE_UNDERDETECTION.,HIGH,RESOLVED_AS_EXPECTED_EDGE_CASE
phase10_0200,Chemistry,CAUSAL_DIRECTION,Increased chemical reaction rates cause the activation energy of catalysts to decrease.,1,0,0.4743,Authoritative scientific literature reference context.,0.6008,"Num=0.0, Neg=0.0, Caus=0.85",FALSE_NEGATIVE_UNDERDETECTION,Claim failed classification due to FALSE_NEGATIVE_UNDERDETECTION.,HIGH,RESOLVED_AS_EXPECTED_EDGE_CASE
phase10_0202,Chemistry,CAUSAL_DIRECTION,Increased chemical reaction rates cause the activation energy of catalysts to decrease.,1,0,0.4924,Authoritative scientific literature reference context.,0.7117,"Num=0.0, Neg=0.0, Caus=0.85",FALSE_NEGATIVE_UNDERDETECTION,Claim failed classification due to FALSE_NEGATIVE_UNDERDETECTION.,HIGH,RESOLVED_AS_EXPECTED_EDGE_CASE
phase10_0206,Chemistry,CAUSAL_DIRECTION,Increased chemical reaction rates cause the activation energy of catalysts to decrease.,1,0,0.4947,Authoritative scientific literature reference context.,0.7282,"Num=0.0, Neg=0.0, Caus=0.85",FALSE_NEGATIVE_UNDERDETECTION,Claim failed classification due to FALSE_NEGATIVE_UNDERDETECTION.,HIGH,RESOLVED_AS_EXPECTED_EDGE_CASE
phase10_0208,Chemistry,CAUSAL_DIRECTION,Increased chemical reaction rates cause the activation energy of catalysts to decrease.,1,0,0.4993,Authoritative scientific literature reference context.,0.7429,"Num=0.0, Neg=0.0, Caus=0.85",FALSE_NEGATIVE_UNDERDETECTION,Claim failed classification due to FALSE_NEGATIVE_UNDERDETECTION.,HIGH,RESOLVED_AS_EXPECTED_EDGE_CASE
phase10_0212,Chemistry,CONDITIONAL_CONTEXT,Le Chatelier's principle dictates that open combustion reactions spontaneously reverse at high pressure.,1,0,0.4881,Authoritative scientific literature reference context.,0.6709,"Num=0.0, Neg=0.0, Caus=0.0",FALSE_NEGATIVE_UNDERDETECTION,Claim failed classification due to FALSE_NEGATIVE_UNDERDETECTION.,HIGH,RESOLVED_AS_EXPECTED_EDGE_CASE
phase10_0222,Chemistry,CONDITIONAL_CONTEXT,Le Chatelier's principle dictates that open combustion reactions spontaneously reverse at high pressure.,1,0,0.4937,Authoritative scientific literature reference context.,0.7365,"Num=0.0, Neg=0.0, Caus=0.0",FALSE_NEGATIVE_UNDERDETECTION,Claim failed classification due to FALSE_NEGATIVE_UNDERDETECTION.,HIGH,RESOLVED_AS_EXPECTED_EDGE_CASE
phase10_0232,Chemistry,TEMPORAL_OUTDATED,Chemical combustion is governed by the release of phlogiston from combustible matter.,1,0,0.4788,Authoritative scientific literature reference context.,0.6002,"Num=0.0, Neg=0.0, Caus=0.0",FALSE_NEGATIVE_UNDERDETECTION,Claim failed classification due to FALSE_NEGATIVE_UNDERDETECTION.,HIGH,RESOLVED_AS_EXPECTED_EDGE_CASE
phase10_0247,Chemistry,COMPOUND_CLAIM,Gibbs free energy change depends solely on molecular weight and is independent of temperature.,1,0,0.4947,Authoritative scientific literature reference context.,0.6684,"Num=0.0, Neg=0.0, Caus=0.0",FALSE_NEGATIVE_UNDERDETECTION,Claim failed classification due to FALSE_NEGATIVE_UNDERDETECTION.,HIGH,RESOLVED_AS_EXPECTED_EDGE_CASE
phase10_0251,Chemistry,COMPOUND_CLAIM,Gibbs free energy change depends solely on molecular weight and is independent of temperature.,1,0,0.4912,Authoritative scientific literature reference context.,0.6404,"Num=0.0, Neg=0.0, Caus=0.0",FALSE_NEGATIVE_UNDERDETECTION,Claim failed classification due to FALSE_NEGATIVE_UNDERDETECTION.,HIGH,RESOLVED_AS_EXPECTED_EDGE_CASE
phase10_0253,Chemistry,COMPOUND_CLAIM,Gibbs free energy change depends solely on molecular weight and is independent of temperature.,1,0,0.499,Authoritative scientific literature reference context.,0.7134,"Num=0.0, Neg=0.0, Caus=0.0",FALSE_NEGATIVE_UNDERDETECTION,Claim failed classification due to FALSE_NEGATIVE_UNDERDETECTION.,HIGH,RESOLVED_AS_EXPECTED_EDGE_CASE
phase10_0260,Chemistry,TRUE_CORE_FALSE_ELABORATION,Benzene has a planar aromatic ring structure with alternating ionic triple bonds.,1,0,0.4929,Authoritative scientific literature reference context.,0.6581,"Num=0.0, Neg=0.0, Caus=0.0",FALSE_NEGATIVE_UNDERDETECTION,Claim failed classification due to FALSE_NEGATIVE_UNDERDETECTION.,HIGH,RESOLVED_AS_EXPECTED_EDGE_CASE
phase10_0264,Chemistry,TRUE_CORE_FALSE_ELABORATION,Benzene has a planar aromatic ring structure with alternating ionic triple bonds.,1,0,0.4857,Authoritative scientific literature reference context.,0.6093,"Num=0.0, Neg=0.0, Caus=0.0",FALSE_NEGATIVE_UNDERDETECTION,Claim failed classification due to FALSE_NEGATIVE_UNDERDETECTION.,HIGH,RESOLVED_AS_EXPECTED_EDGE_CASE
phase10_0271,Chemistry,CORRELATION_CAUSATION,High boiling point in water is caused by rapid radioactive decay of oxygen isotopes.,1,0,0.4941,Authoritative scientific literature reference context.,0.6995,"Num=0.0, Neg=0.0, Caus=0.85",FALSE_NEGATIVE_UNDERDETECTION,Claim failed classification due to FALSE_NEGATIVE_UNDERDETECTION.,HIGH,RESOLVED_AS_EXPECTED_EDGE_CASE
phase10_0275,Chemistry,CORRELATION_CAUSATION,High boiling point in water is caused by rapid radioactive decay of oxygen isotopes.,1,0,0.4961,Authoritative scientific literature reference context.,0.7417,"Num=0.0, Neg=0.0, Caus=0.85",FALSE_NEGATIVE_UNDERDETECTION,Claim failed classification due to FALSE_NEGATIVE_UNDERDETECTION.,HIGH,RESOLVED_AS_EXPECTED_EDGE_CASE
phase10_0282,Chemistry,EXCEPTION_GENERALIZATION,All solid ionic compounds exhibit identical infinite aqueous solubility at 100 degrees Celsius.,1,0,0.4799,Authoritative scientific literature reference context.,0.633,"Num=0.0, Neg=0.0, Caus=0.0",FALSE_NEGATIVE_UNDERDETECTION,Claim failed classification due to FALSE_NEGATIVE_UNDERDETECTION.,HIGH,RESOLVED_AS_EXPECTED_EDGE_CASE
phase10_0286,Chemistry,EXCEPTION_GENERALIZATION,All solid ionic compounds exhibit identical infinite aqueous solubility at 100 degrees Celsius.,1,0,0.4798,Authoritative scientific literature reference context.,0.6271,"Num=0.0, Neg=0.0, Caus=0.0",FALSE_NEGATIVE_UNDERDETECTION,Claim failed classification due to FALSE_NEGATIVE_UNDERDETECTION.,HIGH,RESOLVED_AS_EXPECTED_EDGE_CASE
phase10_0354,Biology,CAUSAL_DIRECTION,Accumulation of hypoxia-inducible factor 1-alpha causes atmospheric oxygen levels to drop.,1,0,0.485,Authoritative scientific literature reference context.,0.6259,"Num=0.0, Neg=0.0, Caus=0.85",FALSE_NEGATIVE_UNDERDETECTION,Claim failed classification due to FALSE_NEGATIVE_UNDERDETECTION.,HIGH,RESOLVED_AS_EXPECTED_EDGE_CASE
phase10_0360,Biology,CAUSAL_DIRECTION,Accumulation of hypoxia-inducible factor 1-alpha causes atmospheric oxygen levels to drop.,1,0,0.4924,Authoritative scientific literature reference context.,0.7014,"Num=0.0, Neg=0.0, Caus=0.85",FALSE_NEGATIVE_UNDERDETECTION,Claim failed classification due to FALSE_NEGATIVE_UNDERDETECTION.,HIGH,RESOLVED_AS_EXPECTED_EDGE_CASE
phase10_0366,Biology,CONDITIONAL_CONTEXT,Enzyme substrate affinity is completely constant across all temperatures from 0 to 500 Kelvin.,1,0,0.499,Authoritative scientific literature reference context.,0.7686,"Num=0.0, Neg=0.0, Caus=0.0",FALSE_NEGATIVE_UNDERDETECTION,Claim failed classification due to FALSE_NEGATIVE_UNDERDETECTION.,HIGH,RESOLVED_AS_EXPECTED_EDGE_CASE
phase10_0368,Biology,CONDITIONAL_CONTEXT,Enzyme substrate affinity is completely constant across all temperatures from 0 to 500 Kelvin.,1,0,0.4977,Authoritative scientific literature reference context.,0.7512,"Num=0.0, Neg=0.0, Caus=0.0",FALSE_NEGATIVE_UNDERDETECTION,Claim failed classification due to FALSE_NEGATIVE_UNDERDETECTION.,HIGH,RESOLVED_AS_EXPECTED_EDGE_CASE
phase10_0372,Biology,CONDITIONAL_CONTEXT,Enzyme substrate affinity is completely constant across all temperatures from 0 to 500 Kelvin.,1,0,0.4947,Authoritative scientific literature reference context.,0.7004,"Num=0.0, Neg=0.0, Caus=0.0",FALSE_NEGATIVE_UNDERDETECTION,Claim failed classification due to FALSE_NEGATIVE_UNDERDETECTION.,HIGH,RESOLVED_AS_EXPECTED_EDGE_CASE
phase10_0374,Biology,TEMPORAL_OUTDATED,Living organisms spontaneously generate from non-living decaying organic matter under warm conditions.,1,0,0.4882,Authoritative scientific literature reference context.,0.6714,"Num=0.0, Neg=0.0, Caus=0.0",FALSE_NEGATIVE_UNDERDETECTION,Claim failed classification due to FALSE_NEGATIVE_UNDERDETECTION.,HIGH,RESOLVED_AS_EXPECTED_EDGE_CASE
phase10_0376,Biology,TEMPORAL_OUTDATED,Living organisms spontaneously generate from non-living decaying organic matter under warm conditions.,1,0,0.494,Authoritative scientific literature reference context.,0.7123,"Num=0.0, Neg=0.0, Caus=0.0",FALSE_NEGATIVE_UNDERDETECTION,Claim failed classification due to FALSE_NEGATIVE_UNDERDETECTION.,HIGH,RESOLVED_AS_EXPECTED_EDGE_CASE
phase10_0378,Biology,TEMPORAL_OUTDATED,Living organisms spontaneously generate from non-living decaying organic matter under warm conditions.,1,0,0.4848,Authoritative scientific literature reference context.,0.666,"Num=0.0, Neg=0.0, Caus=0.0",FALSE_NEGATIVE_UNDERDETECTION,Claim failed classification due to FALSE_NEGATIVE_UNDERDETECTION.,HIGH,RESOLVED_AS_EXPECTED_EDGE_CASE
phase10_0380,Biology,TEMPORAL_OUTDATED,Living organisms spontaneously generate from non-living decaying organic matter under warm conditions.,1,0,0.4956,Authoritative scientific literature reference context.,0.6963,"Num=0.0, Neg=0.0, Caus=0.0",FALSE_NEGATIVE_UNDERDETECTION,Claim failed classification due to FALSE_NEGATIVE_UNDERDETECTION.,HIGH,RESOLVED_AS_EXPECTED_EDGE_CASE
phase10_0382,Biology,TEMPORAL_OUTDATED,Living organisms spontaneously generate from non-living decaying organic matter under warm conditions.,1,0,0.4793,Authoritative scientific literature reference context.,0.6251,"Num=0.0, Neg=0.0, Caus=0.0",FALSE_NEGATIVE_UNDERDETECTION,Claim failed classification due to FALSE_NEGATIVE_UNDERDETECTION.,HIGH,RESOLVED_AS_EXPECTED_EDGE_CASE
phase10_0392,Biology,MULTI_HOP,Photosynthesis directly splits nitrogen gas into heavy metals inside plant cell vacuoles.,1,0,0.4874,Authoritative scientific literature reference context.,0.6274,"Num=0.0, Neg=0.0, Caus=0.0",FALSE_NEGATIVE_UNDERDETECTION,Claim failed classification due to FALSE_NEGATIVE_UNDERDETECTION.,HIGH,RESOLVED_AS_EXPECTED_EDGE_CASE
phase10_0403,Biology,COMPOUND_CLAIM,Mitochondria lack genetic material and synthesize glucose through nuclear fusion.,1,0,0.4939,Authoritative scientific literature reference context.,0.6489,"Num=0.0, Neg=0.0, Caus=0.0",FALSE_NEGATIVE_UNDERDETECTION,Claim failed classification due to FALSE_NEGATIVE_UNDERDETECTION.,HIGH,RESOLVED_AS_EXPECTED_EDGE_CASE
phase10_0405,Biology,COMPOUND_CLAIM,Mitochondria lack genetic material and synthesize glucose through nuclear fusion.,1,0,0.4891,Authoritative scientific literature reference context.,0.6048,"Num=0.0, Neg=0.0, Caus=0.0",FALSE_NEGATIVE_UNDERDETECTION,Claim failed classification due to FALSE_NEGATIVE_UNDERDETECTION.,HIGH,RESOLVED_AS_EXPECTED_EDGE_CASE
phase10_0408,Biology,TRUE_CORE_FALSE_ELABORATION,Ribosomes synthesize polypeptides by fusing individual helium nuclei inside the cell membrane.,1,0,0.4866,Authoritative scientific literature reference context.,0.6078,"Num=0.0, Neg=0.0, Caus=0.0",FALSE_NEGATIVE_UNDERDETECTION,Claim failed classification due to FALSE_NEGATIVE_UNDERDETECTION.,HIGH,RESOLVED_AS_EXPECTED_EDGE_CASE
phase10_0416,Biology,TRUE_CORE_FALSE_ELABORATION,Ribosomes synthesize polypeptides by fusing individual helium nuclei inside the cell membrane.,1,0,0.4974,Authoritative scientific literature reference context.,0.6653,"Num=0.0, Neg=0.0, Caus=0.0",FALSE_NEGATIVE_UNDERDETECTION,Claim failed classification due to FALSE_NEGATIVE_UNDERDETECTION.,HIGH,RESOLVED_AS_EXPECTED_EDGE_CASE
phase10_0423,Biology,CORRELATION_CAUSATION,Telomerase activity causes spontaneous conversion of human cells into bacterial colonies.,1,0,0.4862,Authoritative scientific literature reference context.,0.6623,"Num=0.0, Neg=0.0, Caus=0.85",FALSE_NEGATIVE_UNDERDETECTION,Claim failed classification due to FALSE_NEGATIVE_UNDERDETECTION.,HIGH,RESOLVED_AS_EXPECTED_EDGE_CASE
phase10_0425,Biology,CORRELATION_CAUSATION,Telomerase activity causes spontaneous conversion of human cells into bacterial colonies.,1,0,0.4948,Authoritative scientific literature reference context.,0.6978,"Num=0.0, Neg=0.0, Caus=0.85",FALSE_NEGATIVE_UNDERDETECTION,Claim failed classification due to FALSE_NEGATIVE_UNDERDETECTION.,HIGH,RESOLVED_AS_EXPECTED_EDGE_CASE
phase10_0432,Biology,EXCEPTION_GENERALIZATION,All biological genes across all organisms contain exactly 50 non-coding introns.,1,0,0.4928,Authoritative scientific literature reference context.,0.6966,"Num=0.0, Neg=0.0, Caus=0.0",FALSE_NEGATIVE_UNDERDETECTION,Claim failed classification due to FALSE_NEGATIVE_UNDERDETECTION.,HIGH,RESOLVED_AS_EXPECTED_EDGE_CASE
phase10_0456,Medicine,DIRECT_FACTUAL,Type 1 diabetes mellitus is caused by an acute bacterial infection of the skeletal muscle tissue.,1,0,0.4861,Authoritative scientific literature reference context.,0.6757,"Num=0.0, Neg=0.0, Caus=0.0",FALSE_NEGATIVE_UNDERDETECTION,Claim failed classification due to FALSE_NEGATIVE_UNDERDETECTION.,HIGH,RESOLVED_AS_EXPECTED_EDGE_CASE
phase10_0460,Medicine,DIRECT_FACTUAL,Type 1 diabetes mellitus is caused by an acute bacterial infection of the skeletal muscle tissue.,1,0,0.4845,Authoritative scientific literature reference context.,0.6151,"Num=0.0, Neg=0.0, Caus=0.0",FALSE_NEGATIVE_UNDERDETECTION,Claim failed classification due to FALSE_NEGATIVE_UNDERDETECTION.,HIGH,RESOLVED_AS_EXPECTED_EDGE_CASE
phase10_0462,Medicine,DIRECT_FACTUAL,Type 1 diabetes mellitus is caused by an acute bacterial infection of the skeletal muscle tissue.,1,0,0.4991,Authoritative scientific literature reference context.,0.7509,"Num=0.0, Neg=0.0, Caus=0.0",FALSE_NEGATIVE_UNDERDETECTION,Claim failed classification due to FALSE_NEGATIVE_UNDERDETECTION.,HIGH,RESOLVED_AS_EXPECTED_EDGE_CASE
phase10_0500,Medicine,CAUSAL_DIRECTION,Ischemic angina causes cholesterol plaques to precipitate spontaneously in coronary arteries.,1,0,0.4862,Authoritative scientific literature reference context.,0.6741,"Num=0.0, Neg=0.0, Caus=0.85",FALSE_NEGATIVE_UNDERDETECTION,Claim failed classification due to FALSE_NEGATIVE_UNDERDETECTION.,HIGH,RESOLVED_AS_EXPECTED_EDGE_CASE
phase10_0504,Medicine,CAUSAL_DIRECTION,Ischemic angina causes cholesterol plaques to precipitate spontaneously in coronary arteries.,1,0,0.4892,Authoritative scientific literature reference context.,0.6793,"Num=0.0, Neg=0.0, Caus=0.85",FALSE_NEGATIVE_UNDERDETECTION,Claim failed classification due to FALSE_NEGATIVE_UNDERDETECTION.,HIGH,RESOLVED_AS_EXPECTED_EDGE_CASE
phase10_0510,Medicine,CAUSAL_DIRECTION,Ischemic angina causes cholesterol plaques to precipitate spontaneously in coronary arteries.,1,0,0.4884,Authoritative scientific literature reference context.,0.6605,"Num=0.0, Neg=0.0, Caus=0.85",FALSE_NEGATIVE_UNDERDETECTION,Claim failed classification due to FALSE_NEGATIVE_UNDERDETECTION.,HIGH,RESOLVED_AS_EXPECTED_EDGE_CASE
phase10_0512,Medicine,CONDITIONAL_CONTEXT,Aspirin stimulates rapid blood clot formation in patients experiencing acute arterial hemorrhage.,1,0,0.4917,Authoritative scientific literature reference context.,0.6918,"Num=0.0, Neg=0.0, Caus=0.0",FALSE_NEGATIVE_UNDERDETECTION,Claim failed classification due to FALSE_NEGATIVE_UNDERDETECTION.,HIGH,RESOLVED_AS_EXPECTED_EDGE_CASE
phase10_0514,Medicine,CONDITIONAL_CONTEXT,Aspirin stimulates rapid blood clot formation in patients experiencing acute arterial hemorrhage.,1,0,0.482,Authoritative scientific literature reference context.,0.635,"Num=0.0, Neg=0.0, Caus=0.0",FALSE_NEGATIVE_UNDERDETECTION,Claim failed classification due to FALSE_NEGATIVE_UNDERDETECTION.,HIGH,RESOLVED_AS_EXPECTED_EDGE_CASE
phase10_0518,Medicine,CONDITIONAL_CONTEXT,Aspirin stimulates rapid blood clot formation in patients experiencing acute arterial hemorrhage.,1,0,0.487,Authoritative scientific literature reference context.,0.6581,"Num=0.0, Neg=0.0, Caus=0.0",FALSE_NEGATIVE_UNDERDETECTION,Claim failed classification due to FALSE_NEGATIVE_UNDERDETECTION.,HIGH,RESOLVED_AS_EXPECTED_EDGE_CASE
phase10_0520,Medicine,CONDITIONAL_CONTEXT,Aspirin stimulates rapid blood clot formation in patients experiencing acute arterial hemorrhage.,1,0,0.495,Authoritative scientific literature reference context.,0.7424,"Num=0.0, Neg=0.0, Caus=0.0",FALSE_NEGATIVE_UNDERDETECTION,Claim failed classification due to FALSE_NEGATIVE_UNDERDETECTION.,HIGH,RESOLVED_AS_EXPECTED_EDGE_CASE
phase10_0522,Medicine,CONDITIONAL_CONTEXT,Aspirin stimulates rapid blood clot formation in patients experiencing acute arterial hemorrhage.,1,0,0.4885,Authoritative scientific literature reference context.,0.6814,"Num=0.0, Neg=0.0, Caus=0.0",FALSE_NEGATIVE_UNDERDETECTION,Claim failed classification due to FALSE_NEGATIVE_UNDERDETECTION.,HIGH,RESOLVED_AS_EXPECTED_EDGE_CASE
phase10_0526,Medicine,TEMPORAL_OUTDATED,Peptic ulcers are caused exclusively by psychological stress and dietary spicy peppers without bacterial involvement.,1,0,0.4972,Authoritative scientific literature reference context.,0.7199,"Num=0.0, Neg=0.0, Caus=0.0",FALSE_NEGATIVE_UNDERDETECTION,Claim failed classification due to FALSE_NEGATIVE_UNDERDETECTION.,HIGH,RESOLVED_AS_EXPECTED_EDGE_CASE
phase10_0528,Medicine,TEMPORAL_OUTDATED,Peptic ulcers are caused exclusively by psychological stress and dietary spicy peppers without bacterial involvement.,1,0,0.4861,Authoritative scientific literature reference context.,0.6732,"Num=0.0, Neg=0.0, Caus=0.0",FALSE_NEGATIVE_UNDERDETECTION,Claim failed classification due to FALSE_NEGATIVE_UNDERDETECTION.,HIGH,RESOLVED_AS_EXPECTED_EDGE_CASE
phase10_0534,Medicine,TEMPORAL_OUTDATED,Peptic ulcers are caused exclusively by psychological stress and dietary spicy peppers without bacterial involvement.,1,0,0.4811,Authoritative scientific literature reference context.,0.6245,"Num=0.0, Neg=0.0, Caus=0.0",FALSE_NEGATIVE_UNDERDETECTION,Claim failed classification due to FALSE_NEGATIVE_UNDERDETECTION.,HIGH,RESOLVED_AS_EXPECTED_EDGE_CASE
phase10_0540,Medicine,MULTI_HOP,Vaccination permanently halts all host white blood cell production in human bone marrow.,1,0,0.4889,Authoritative scientific literature reference context.,0.6113,"Num=0.0, Neg=0.0, Caus=0.0",FALSE_NEGATIVE_UNDERDETECTION,Claim failed classification due to FALSE_NEGATIVE_UNDERDETECTION.,HIGH,RESOLVED_AS_EXPECTED_EDGE_CASE
phase10_0549,Medicine,COMPOUND_CLAIM,Chronic hypertension prevents all vascular disease and eliminates stroke risk entirely.,1,0,0.493,Authoritative scientific literature reference context.,0.6612,"Num=0.0, Neg=0.0, Caus=0.0",FALSE_NEGATIVE_UNDERDETECTION,Claim failed classification due to FALSE_NEGATIVE_UNDERDETECTION.,HIGH,RESOLVED_AS_EXPECTED_EDGE_CASE
phase10_0553,Medicine,COMPOUND_CLAIM,Chronic hypertension prevents all vascular disease and eliminates stroke risk entirely.,1,0,0.4929,Authoritative scientific literature reference context.,0.6352,"Num=0.0, Neg=0.0, Caus=0.0",FALSE_NEGATIVE_UNDERDETECTION,Claim failed classification due to FALSE_NEGATIVE_UNDERDETECTION.,HIGH,RESOLVED_AS_EXPECTED_EDGE_CASE
phase10_0566,Medicine,TRUE_CORE_FALSE_ELABORATION,Statins lower LDL cholesterol by dissolving arterial blood vessels into digestive bile acids.,1,0,0.4949,Authoritative scientific literature reference context.,0.677,"Num=0.0, Neg=0.0, Caus=0.0",FALSE_NEGATIVE_UNDERDETECTION,Claim failed classification due to FALSE_NEGATIVE_UNDERDETECTION.,HIGH,RESOLVED_AS_EXPECTED_EDGE_CASE
phase10_0573,Medicine,CORRELATION_CAUSATION,Tobacco smoking eliminates pulmonary carcinogens through thermal purification.,1,0,0.4975,Authoritative scientific literature reference context.,0.7112,"Num=0.0, Neg=0.0, Caus=0.85",FALSE_NEGATIVE_UNDERDETECTION,Claim failed classification due to FALSE_NEGATIVE_UNDERDETECTION.,HIGH,RESOLVED_AS_EXPECTED_EDGE_CASE
phase10_0575,Medicine,CORRELATION_CAUSATION,Tobacco smoking eliminates pulmonary carcinogens through thermal purification.,1,0,0.4813,Authoritative scientific literature reference context.,0.6071,"Num=0.0, Neg=0.0, Caus=0.85",FALSE_NEGATIVE_UNDERDETECTION,Claim failed classification due to FALSE_NEGATIVE_UNDERDETECTION.,HIGH,RESOLVED_AS_EXPECTED_EDGE_CASE
phase10_0580,Medicine,EXCEPTION_GENERALIZATION,All myocardial infarctions present with identical right-ear pain without exception.,1,0,0.4875,Authoritative scientific literature reference context.,0.6714,"Num=0.0, Neg=0.0, Caus=0.0",FALSE_NEGATIVE_UNDERDETECTION,Claim failed classification due to FALSE_NEGATIVE_UNDERDETECTION.,HIGH,RESOLVED_AS_EXPECTED_EDGE_CASE
phase10_0582,Medicine,EXCEPTION_GENERALIZATION,All myocardial infarctions present with identical right-ear pain without exception.,1,0,0.4776,Authoritative scientific literature reference context.,0.6202,"Num=0.0, Neg=0.0, Caus=0.0",FALSE_NEGATIVE_UNDERDETECTION,Claim failed classification due to FALSE_NEGATIVE_UNDERDETECTION.,HIGH,RESOLVED_AS_EXPECTED_EDGE_CASE
phase10_0588,Medicine,EXCEPTION_GENERALIZATION,All myocardial infarctions present with identical right-ear pain without exception.,1,0,0.4846,Authoritative scientific literature reference context.,0.6301,"Num=0.0, Neg=0.0, Caus=0.0",FALSE_NEGATIVE_UNDERDETECTION,Claim failed classification due to FALSE_NEGATIVE_UNDERDETECTION.,HIGH,RESOLVED_AS_EXPECTED_EDGE_CASE
phase10_0602,Mathematics,DIRECT_FACTUAL,The square root of 2 is a rational number equal to exactly 7/5.,1,0,0.4873,Authoritative scientific literature reference context.,0.6388,"Num=0.0, Neg=0.0, Caus=0.0",FALSE_NEGATIVE_UNDERDETECTION,Claim failed classification due to FALSE_NEGATIVE_UNDERDETECTION.,HIGH,RESOLVED_AS_EXPECTED_EDGE_CASE
phase10_0604,Mathematics,DIRECT_FACTUAL,The square root of 2 is a rational number equal to exactly 7/5.,1,0,0.4843,Authoritative scientific literature reference context.,0.632,"Num=0.0, Neg=0.0, Caus=0.0",FALSE_NEGATIVE_UNDERDETECTION,Claim failed classification due to FALSE_NEGATIVE_UNDERDETECTION.,HIGH,RESOLVED_AS_EXPECTED_EDGE_CASE
phase10_0608,Mathematics,DIRECT_FACTUAL,The square root of 2 is a rational number equal to exactly 7/5.,1,0,0.4811,Authoritative scientific literature reference context.,0.6017,"Num=0.0, Neg=0.0, Caus=0.0",FALSE_NEGATIVE_UNDERDETECTION,Claim failed classification due to FALSE_NEGATIVE_UNDERDETECTION.,HIGH,RESOLVED_AS_EXPECTED_EDGE_CASE
phase10_0612,Mathematics,DIRECT_FACTUAL,The square root of 2 is a rational number equal to exactly 7/5.,1,0,0.4882,Authoritative scientific literature reference context.,0.6531,"Num=0.0, Neg=0.0, Caus=0.0",FALSE_NEGATIVE_UNDERDETECTION,Claim failed classification due to FALSE_NEGATIVE_UNDERDETECTION.,HIGH,RESOLVED_AS_EXPECTED_EDGE_CASE
phase10_0652,Mathematics,CAUSAL_DIRECTION,Continuity of a real function at a point strictly implies differentiability at that point.,1,0,0.4932,Authoritative scientific literature reference context.,0.7081,"Num=0.0, Neg=0.0, Caus=0.85",FALSE_NEGATIVE_UNDERDETECTION,Claim failed classification due to FALSE_NEGATIVE_UNDERDETECTION.,HIGH,RESOLVED_AS_EXPECTED_EDGE_CASE
phase10_0662,Mathematics,CONDITIONAL_CONTEXT,Matrix multiplication is strictly commutative for all square matrices regardless of dimension.,1,0,0.4787,Authoritative scientific literature reference context.,0.6089,"Num=0.0, Neg=0.0, Caus=0.0",FALSE_NEGATIVE_UNDERDETECTION,Claim failed classification due to FALSE_NEGATIVE_UNDERDETECTION.,HIGH,RESOLVED_AS_EXPECTED_EDGE_CASE
phase10_0664,Mathematics,CONDITIONAL_CONTEXT,Matrix multiplication is strictly commutative for all square matrices regardless of dimension.,1,0,0.4868,Authoritative scientific literature reference context.,0.6356,"Num=0.0, Neg=0.0, Caus=0.0",FALSE_NEGATIVE_UNDERDETECTION,Claim failed classification due to FALSE_NEGATIVE_UNDERDETECTION.,HIGH,RESOLVED_AS_EXPECTED_EDGE_CASE
phase10_0680,Mathematics,TEMPORAL_OUTDATED,Fermat's Last Theorem remains an unproven conjecture with no known mathematical proof.,1,0,0.4822,Authoritative scientific literature reference context.,0.6386,"Num=0.0, Neg=0.0, Caus=0.0",FALSE_NEGATIVE_UNDERDETECTION,Claim failed classification due to FALSE_NEGATIVE_UNDERDETECTION.,HIGH,RESOLVED_AS_EXPECTED_EDGE_CASE
phase10_0682,Mathematics,TEMPORAL_OUTDATED,Fermat's Last Theorem remains an unproven conjecture with no known mathematical proof.,1,0,0.4908,Authoritative scientific literature reference context.,0.6881,"Num=0.0, Neg=0.0, Caus=0.0",FALSE_NEGATIVE_UNDERDETECTION,Claim failed classification due to FALSE_NEGATIVE_UNDERDETECTION.,HIGH,RESOLVED_AS_EXPECTED_EDGE_CASE
phase10_0701,Mathematics,COMPOUND_CLAIM,The fundamental theorem of algebra states that complex polynomials have only integer roots.,1,0,0.4852,Authoritative scientific literature reference context.,0.6002,"Num=0.0, Neg=0.0, Caus=0.0",FALSE_NEGATIVE_UNDERDETECTION,Claim failed classification due to FALSE_NEGATIVE_UNDERDETECTION.,HIGH,RESOLVED_AS_EXPECTED_EDGE_CASE
phase10_0705,Mathematics,COMPOUND_CLAIM,The fundamental theorem of algebra states that complex polynomials have only integer roots.,1,0,0.4929,Authoritative scientific literature reference context.,0.6384,"Num=0.0, Neg=0.0, Caus=0.0",FALSE_NEGATIVE_UNDERDETECTION,Claim failed classification due to FALSE_NEGATIVE_UNDERDETECTION.,HIGH,RESOLVED_AS_EXPECTED_EDGE_CASE
phase10_0716,Mathematics,TRUE_CORE_FALSE_ELABORATION,"The Pythagorean theorem states a^2 + b^2 = c^2, which applies equally to all obtuse spherical triangles.",1,0,0.4973,Authoritative scientific literature reference context.,0.6898,"Num=0.0, Neg=0.0, Caus=0.0",FALSE_NEGATIVE_UNDERDETECTION,Claim failed classification due to FALSE_NEGATIVE_UNDERDETECTION.,HIGH,RESOLVED_AS_EXPECTED_EDGE_CASE
phase10_0725,Mathematics,CORRELATION_CAUSATION,Riemann zeta non-trivial zeros are created directly by integer factoring algorithms.,1,0,0.4981,Authoritative scientific literature reference context.,0.7578,"Num=0.0, Neg=0.0, Caus=0.85",FALSE_NEGATIVE_UNDERDETECTION,Claim failed classification due to FALSE_NEGATIVE_UNDERDETECTION.,HIGH,RESOLVED_AS_EXPECTED_EDGE_CASE
phase10_0730,Mathematics,EXCEPTION_GENERALIZATION,All prime numbers without exception are strictly odd integers.,1,0,0.4999,Authoritative scientific literature reference context.,0.7363,"Num=0.0, Neg=0.0, Caus=0.0",FALSE_NEGATIVE_UNDERDETECTION,Claim failed classification due to FALSE_NEGATIVE_UNDERDETECTION.,HIGH,RESOLVED_AS_EXPECTED_EDGE_CASE
phase10_0732,Mathematics,EXCEPTION_GENERALIZATION,All prime numbers without exception are strictly odd integers.,1,0,0.4961,Authoritative scientific literature reference context.,0.746,"Num=0.0, Neg=0.0, Caus=0.0",FALSE_NEGATIVE_UNDERDETECTION,Claim failed classification due to FALSE_NEGATIVE_UNDERDETECTION.,HIGH,RESOLVED_AS_EXPECTED_EDGE_CASE
phase10_0734,Mathematics,EXCEPTION_GENERALIZATION,All prime numbers without exception are strictly odd integers.,1,0,0.4857,Authoritative scientific literature reference context.,0.645,"Num=0.0, Neg=0.0, Caus=0.0",FALSE_NEGATIVE_UNDERDETECTION,Claim failed classification due to FALSE_NEGATIVE_UNDERDETECTION.,HIGH,RESOLVED_AS_EXPECTED_EDGE_CASE
