sample_id,p1,p3,stored_h,reconstructed_h,absolute_error,mode
gen_0001,0.0024,0.0051,0.0034,0.0034,0.0,PARTIAL_RENORMALIZED
gen_0002,0.05,0.017,0.0382,0.0382,0.0,PARTIAL_RENORMALIZED
gen_0003,0.4915,0.0565,0.3362,0.3362,0.0,PARTIAL_RENORMALIZED
gen_0004,1.0,0.4961,0.8201,0.8201,0.0,PARTIAL_RENORMALIZED
gen_0005,0.0024,0.0001,0.0016,0.0016,0.0,PARTIAL_RENORMALIZED
gen_0006,0.5236,0.0575,0.3572,0.3572,0.0,PARTIAL_RENORMALIZED
gen_0007,0.1125,0.0523,0.091,0.091,0.0,PARTIAL_RENORMALIZED
gen_0008,0.5008,0.2696,0.4182,0.4182,0.0,PARTIAL_RENORMALIZED
gen_0009,0.0027,0.0101,0.0053,0.0053,0.0,PARTIAL_RENORMALIZED
gen_0010,0.3357,0.0576,0.2364,0.2364,0.0,PARTIAL_RENORMALIZED
gen_0011,0.0746,0.2352,0.132,0.132,0.0,PARTIAL_RENORMALIZED
gen_0012,0.7434,0.387,0.6161,0.6161,0.0,PARTIAL_RENORMALIZED
gen_0013,0.0027,0.0151,0.0071,0.0071,0.0,PARTIAL_RENORMALIZED
gen_0014,0.05,0.02,0.0393,0.0393,0.0,PARTIAL_RENORMALIZED
gen_0015,0.4856,0.0716,0.3378,0.3378,0.0,PARTIAL_RENORMALIZED
gen_0016,0.7578,0.4737,0.6563,0.6563,0.0,PARTIAL_RENORMALIZED
gen_0017,0.0024,0.0001,0.0016,0.0016,0.0,PARTIAL_RENORMALIZED
gen_0018,0.3654,0.0968,0.2695,0.2695,0.0,PARTIAL_RENORMALIZED
gen_0019,0.402,0.0869,0.2895,0.2895,0.0,PARTIAL_RENORMALIZED
gen_0020,1.0,0.503,0.8225,0.8225,0.0,PARTIAL_RENORMALIZED
gen_0021,0.0024,0.0051,0.0034,0.0034,0.0,PARTIAL_RENORMALIZED
gen_0022,0.05,0.0002,0.0322,0.0322,0.0,PARTIAL_RENORMALIZED
gen_0023,0.005,0.1048,0.0406,0.0406,0.0,PARTIAL_RENORMALIZED
gen_0024,0.0046,0.3573,0.1305,0.1305,0.0,PARTIAL_RENORMALIZED
gen_0025,0.0024,0.0001,0.0016,0.0016,0.0,PARTIAL_RENORMALIZED
gen_0026,0.0339,0.0466,0.0384,0.0384,0.0,PARTIAL_RENORMALIZED
gen_0027,0.1403,0.0923,0.1232,0.1232,0.0,PARTIAL_RENORMALIZED
gen_0028,0.7464,0.4691,0.6474,0.6474,0.0,PARTIAL_RENORMALIZED
gen_0029,0.0024,0.0051,0.0034,0.0034,0.0,PARTIAL_RENORMALIZED
gen_0030,0.05,0.0216,0.0399,0.0399,0.0,PARTIAL_RENORMALIZED
gen_0031,0.1577,0.06,0.1228,0.1228,0.0,PARTIAL_RENORMALIZED
gen_0032,1.0,0.3601,0.7715,0.7715,0.0,PARTIAL_RENORMALIZED
gen_0033,0.0024,0.0001,0.0016,0.0016,0.0,PARTIAL_RENORMALIZED
gen_0034,0.05,0.0295,0.0427,0.0427,0.0,PARTIAL_RENORMALIZED
gen_0035,0.2038,0.069,0.1557,0.1557,0.0,PARTIAL_RENORMALIZED
gen_0036,1.0,0.3733,0.7762,0.7762,0.0,PARTIAL_RENORMALIZED
gen_0037,0.0024,0.0001,0.0016,0.0016,0.0,PARTIAL_RENORMALIZED
gen_0038,0.05,0.0002,0.0322,0.0322,0.0,PARTIAL_RENORMALIZED
gen_0039,0.5606,0.0278,0.3703,0.3703,0.0,PARTIAL_RENORMALIZED
gen_0040,0.7019,0.4707,0.6193,0.6193,0.0,PARTIAL_RENORMALIZED
gen_0041,0.0024,0.0051,0.0034,0.0034,0.0,PARTIAL_RENORMALIZED
gen_0042,0.05,0.0353,0.0448,0.0448,0.0,PARTIAL_RENORMALIZED
gen_0043,0.5113,0.0537,0.3479,0.3479,0.0,PARTIAL_RENORMALIZED
gen_0044,0.6596,0.3273,0.5409,0.5409,0.0,PARTIAL_RENORMALIZED
gen_0045,0.0027,0.0151,0.0071,0.0071,0.0,PARTIAL_RENORMALIZED
gen_0046,0.1,0.0751,0.0911,0.0911,0.0,PARTIAL_RENORMALIZED
gen_0047,0.1056,0.0845,0.0981,0.0981,0.0,PARTIAL_RENORMALIZED
gen_0048,1.0,0.2239,0.7229,0.7229,0.0,PARTIAL_RENORMALIZED
gen_0049,0.0024,0.0001,0.0016,0.0016,0.0,PARTIAL_RENORMALIZED
gen_0050,0.05,0.0402,0.0465,0.0465,0.0,PARTIAL_RENORMALIZED
med_0051,0.379,0.0718,0.2693,0.2693,0.0,PARTIAL_RENORMALIZED
med_0052,0.0,0.098,0.035,0.035,0.0,PARTIAL_RENORMALIZED
med_0053,0.0,0.0858,0.0306,0.0306,0.0,PARTIAL_RENORMALIZED
med_0054,0.0,0.1682,0.0601,0.0601,0.0,PARTIAL_RENORMALIZED
med_0055,0.4961,0.0729,0.345,0.345,0.0,PARTIAL_RENORMALIZED
med_0056,0.0,0.1337,0.0477,0.0477,0.0,PARTIAL_RENORMALIZED
med_0057,0.4045,0.1235,0.3042,0.3042,0.0,PARTIAL_RENORMALIZED
med_0058,1.0,0.0568,0.6632,0.6632,0.0,PARTIAL_RENORMALIZED
med_0059,0.5002,0.1115,0.3614,0.3614,0.0,PARTIAL_RENORMALIZED
med_0060,0.0,0.1085,0.0387,0.0387,0.0,PARTIAL_RENORMALIZED
med_0061,0.4121,0.1438,0.3163,0.3163,0.0,PARTIAL_RENORMALIZED
med_0062,0.0,0.0541,0.0193,0.0193,0.0,PARTIAL_RENORMALIZED
med_0063,0.4678,0.1977,0.3713,0.3713,0.0,PARTIAL_RENORMALIZED
med_0064,0.0,0.0889,0.0317,0.0317,0.0,PARTIAL_RENORMALIZED
med_0065,0.3492,0.1303,0.271,0.271,0.0,PARTIAL_RENORMALIZED
med_0066,1.0,0.1928,0.7117,0.7117,0.0,PARTIAL_RENORMALIZED
med_0067,0.5002,0.0696,0.3464,0.3464,0.0,PARTIAL_RENORMALIZED
med_0068,0.0,0.0951,0.034,0.034,0.0,PARTIAL_RENORMALIZED
med_0069,0.0433,0.0704,0.053,0.053,0.0,PARTIAL_RENORMALIZED
med_0070,0.0,0.1625,0.058,0.058,0.0,PARTIAL_RENORMALIZED
med_0071,0.6807,0.3453,0.5609,0.5609,0.0,PARTIAL_RENORMALIZED
med_0072,0.4998,0.226,0.402,0.402,0.0,PARTIAL_RENORMALIZED
med_0073,0.0,0.0974,0.0348,0.0348,0.0,PARTIAL_RENORMALIZED
med_0074,0.0,0.049,0.0175,0.0175,0.0,PARTIAL_RENORMALIZED
med_0075,0.4701,0.0844,0.3324,0.3324,0.0,PARTIAL_RENORMALIZED
med_0076,0.0,0.0967,0.0345,0.0345,0.0,PARTIAL_RENORMALIZED
med_0077,0.4026,0.072,0.2845,0.2845,0.0,PARTIAL_RENORMALIZED
med_0078,1.0,0.0276,0.6528,0.6528,0.0,PARTIAL_RENORMALIZED
med_0079,0.5003,0.1268,0.3669,0.3669,0.0,PARTIAL_RENORMALIZED
med_0080,0.0,0.0853,0.0305,0.0305,0.0,PARTIAL_RENORMALIZED
med_0081,0.4997,0.0931,0.3545,0.3545,0.0,PARTIAL_RENORMALIZED
med_0082,1.0,0.0678,0.6671,0.6671,0.0,PARTIAL_RENORMALIZED
med_0083,0.5516,0.0992,0.39,0.39,0.0,PARTIAL_RENORMALIZED
med_0084,0.0,0.0778,0.0278,0.0278,0.0,PARTIAL_RENORMALIZED
med_0085,0.5033,0.1036,0.3606,0.3606,0.0,PARTIAL_RENORMALIZED
med_0086,1.0,0.0459,0.6593,0.6593,0.0,PARTIAL_RENORMALIZED
med_0087,0.3745,0.1057,0.2785,0.2785,0.0,PARTIAL_RENORMALIZED
med_0088,0.0,0.1145,0.0409,0.0409,0.0,PARTIAL_RENORMALIZED
med_0089,0.5003,0.1674,0.3814,0.3814,0.0,PARTIAL_RENORMALIZED
med_0090,0.0,0.1417,0.0506,0.0506,0.0,PARTIAL_RENORMALIZED
med_0091,0.1603,0.1329,0.1505,0.1505,0.0,PARTIAL_RENORMALIZED
med_0092,0.0,0.3165,0.113,0.113,0.0,PARTIAL_RENORMALIZED
med_0093,0.4998,0.1239,0.3656,0.3656,0.0,PARTIAL_RENORMALIZED
med_0094,0.0,0.3136,0.112,0.112,0.0,PARTIAL_RENORMALIZED
med_0095,0.295,0.1442,0.2411,0.2411,0.0,PARTIAL_RENORMALIZED
med_0096,0.0,0.0864,0.0309,0.0309,0.0,PARTIAL_RENORMALIZED
med_0097,0.0,0.1126,0.0402,0.0402,0.0,PARTIAL_RENORMALIZED
med_0098,0.0,0.0404,0.0144,0.0144,0.0,PARTIAL_RENORMALIZED
med_0099,0.4986,0.105,0.358,0.358,0.0,PARTIAL_RENORMALIZED
med_0100,0.0,0.1128,0.0403,0.0403,0.0,PARTIAL_RENORMALIZED
law_0101,0.0,0.0904,0.0323,0.0323,0.0,PARTIAL_RENORMALIZED
law_0102,0.5005,0.1609,0.3792,0.3792,0.0,PARTIAL_RENORMALIZED
law_0103,0.337,0.0701,0.2417,0.2417,0.0,PARTIAL_RENORMALIZED
law_0104,0.6633,0.2709,0.5232,0.5232,0.0,PARTIAL_RENORMALIZED
law_0105,0.0,0.1035,0.037,0.037,0.0,PARTIAL_RENORMALIZED
law_0106,0.5005,0.2091,0.3964,0.3964,0.0,PARTIAL_RENORMALIZED
law_0107,0.4991,0.1822,0.3859,0.3859,0.0,PARTIAL_RENORMALIZED
law_0108,0.0,0.0556,0.0199,0.0199,0.0,PARTIAL_RENORMALIZED
law_0109,0.0,0.212,0.0757,0.0757,0.0,PARTIAL_RENORMALIZED
law_0110,0.4996,0.2789,0.4208,0.4208,0.0,PARTIAL_RENORMALIZED
law_0111,0.4416,0.0781,0.3118,0.3118,0.0,PARTIAL_RENORMALIZED
law_0112,0.5372,0.1987,0.4163,0.4163,0.0,PARTIAL_RENORMALIZED
law_0113,0.3966,0.1945,0.3244,0.3244,0.0,PARTIAL_RENORMALIZED
law_0114,0.0,0.1741,0.0622,0.0622,0.0,PARTIAL_RENORMALIZED
law_0115,0.0,0.1028,0.0367,0.0367,0.0,PARTIAL_RENORMALIZED
law_0116,0.3113,0.1469,0.2526,0.2526,0.0,PARTIAL_RENORMALIZED
law_0117,0.7916,0.1094,0.548,0.548,0.0,PARTIAL_RENORMALIZED
law_0118,0.5009,0.3759,0.4563,0.4563,0.0,PARTIAL_RENORMALIZED
law_0119,0.5001,0.0723,0.3473,0.3473,0.0,PARTIAL_RENORMALIZED
law_0120,0.0,0.0663,0.0237,0.0237,0.0,PARTIAL_RENORMALIZED
law_0121,0.45,0.1042,0.3265,0.3265,0.0,PARTIAL_RENORMALIZED
law_0122,0.4996,0.2528,0.4115,0.4115,0.0,PARTIAL_RENORMALIZED
law_0123,0.4429,0.0661,0.3083,0.3083,0.0,PARTIAL_RENORMALIZED
law_0124,0.0,0.0607,0.0217,0.0217,0.0,PARTIAL_RENORMALIZED
law_0125,0.0,0.1015,0.0362,0.0362,0.0,PARTIAL_RENORMALIZED
law_0126,0.5014,0.2875,0.425,0.425,0.0,PARTIAL_RENORMALIZED
law_0127,0.3518,0.187,0.2929,0.2929,0.0,PARTIAL_RENORMALIZED
law_0128,0.0,0.0453,0.0162,0.0162,0.0,PARTIAL_RENORMALIZED
law_0129,0.0,0.0683,0.0244,0.0244,0.0,PARTIAL_RENORMALIZED
law_0130,0.4997,0.242,0.4077,0.4077,0.0,PARTIAL_RENORMALIZED
law_0131,0.0,0.0954,0.0341,0.0341,0.0,PARTIAL_RENORMALIZED
law_0132,0.0,0.152,0.0543,0.0543,0.0,PARTIAL_RENORMALIZED
law_0133,0.0,0.3029,0.1082,0.1082,0.0,PARTIAL_RENORMALIZED
law_0134,0.0,0.2572,0.0918,0.0918,0.0,PARTIAL_RENORMALIZED
law_0135,0.0,0.0873,0.0312,0.0312,0.0,PARTIAL_RENORMALIZED
law_0136,0.0,0.0393,0.014,0.014,0.0,PARTIAL_RENORMALIZED
law_0137,0.0,0.1746,0.0623,0.0623,0.0,PARTIAL_RENORMALIZED
law_0138,0.349,0.2425,0.311,0.311,0.0,PARTIAL_RENORMALIZED
law_0139,0.3762,0.0678,0.2661,0.2661,0.0,PARTIAL_RENORMALIZED
law_0140,0.1519,0.158,0.1541,0.1541,0.0,PARTIAL_RENORMALIZED
law_0141,0.7496,0.1021,0.5184,0.5184,0.0,PARTIAL_RENORMALIZED
law_0142,0.0,0.4444,0.1587,0.1587,0.0,PARTIAL_RENORMALIZED
law_0143,0.0,0.0637,0.0227,0.0227,0.0,PARTIAL_RENORMALIZED
law_0144,0.0,0.0586,0.0209,0.0209,0.0,PARTIAL_RENORMALIZED
law_0145,0.3896,0.0757,0.2775,0.2775,0.0,PARTIAL_RENORMALIZED
law_0146,0.3521,0.1812,0.2911,0.2911,0.0,PARTIAL_RENORMALIZED
law_0147,0.0,0.1878,0.0671,0.0671,0.0,PARTIAL_RENORMALIZED
law_0148,0.0,0.2639,0.0942,0.0942,0.0,PARTIAL_RENORMALIZED
law_0149,0.4587,0.1771,0.3581,0.3581,0.0,PARTIAL_RENORMALIZED
law_0150,0.4908,0.2099,0.3905,0.3905,0.0,PARTIAL_RENORMALIZED
fin_0151,0.4943,0.0587,0.3387,0.3387,0.0,PARTIAL_RENORMALIZED
fin_0152,0.4993,0.1007,0.357,0.357,0.0,PARTIAL_RENORMALIZED
fin_0153,0.0,0.0834,0.0298,0.0298,0.0,PARTIAL_RENORMALIZED
fin_0154,0.0,0.1749,0.0625,0.0625,0.0,PARTIAL_RENORMALIZED
fin_0155,0.4967,0.0515,0.3377,0.3377,0.0,PARTIAL_RENORMALIZED
fin_0156,0.4988,0.0692,0.3454,0.3454,0.0,PARTIAL_RENORMALIZED
fin_0157,0.4834,,0.4834,0.4834,0.0,P1_ONLY
fin_0158,0.0,0.1093,0.039,0.039,0.0,PARTIAL_RENORMALIZED
fin_0159,0.4973,0.1656,0.3788,0.3788,0.0,PARTIAL_RENORMALIZED
fin_0160,0.4187,0.3136,0.3812,0.3812,0.0,PARTIAL_RENORMALIZED
fin_0161,0.0,0.0833,0.0297,0.0297,0.0,PARTIAL_RENORMALIZED
fin_0162,0.0,0.1168,0.0417,0.0417,0.0,PARTIAL_RENORMALIZED
fin_0163,0.3714,0.0858,0.2694,0.2694,0.0,PARTIAL_RENORMALIZED
fin_0164,0.5559,0.4391,0.5142,0.5142,0.0,PARTIAL_RENORMALIZED
fin_0165,0.0,,0.0,0.0,0.0,P1_ONLY
fin_0166,0.0,0.1303,0.0465,0.0465,0.0,PARTIAL_RENORMALIZED
fin_0167,0.4583,0.1721,0.3561,0.3561,0.0,PARTIAL_RENORMALIZED
fin_0168,0.4998,0.063,0.3438,0.3438,0.0,PARTIAL_RENORMALIZED
fin_0169,0.0,0.0828,0.0296,0.0296,0.0,PARTIAL_RENORMALIZED
fin_0170,0.0,0.1224,0.0437,0.0437,0.0,PARTIAL_RENORMALIZED
fin_0171,0.0,0.0791,0.0282,0.0282,0.0,PARTIAL_RENORMALIZED
fin_0172,0.4997,0.1021,0.3577,0.3577,0.0,PARTIAL_RENORMALIZED
fin_0173,0.4744,,0.4744,0.4744,0.0,P1_ONLY
fin_0174,0.0,0.0994,0.0355,0.0355,0.0,PARTIAL_RENORMALIZED
fin_0175,0.4418,0.0788,0.3122,0.3122,0.0,PARTIAL_RENORMALIZED
fin_0176,0.0,0.3004,0.1073,0.1073,0.0,PARTIAL_RENORMALIZED
fin_0177,0.0,,0.0,0.0,0.0,P1_ONLY
fin_0178,0.0,0.1087,0.0388,0.0388,0.0,PARTIAL_RENORMALIZED
fin_0179,0.3306,0.0819,0.2418,0.2418,0.0,PARTIAL_RENORMALIZED
fin_0180,0.4998,0.3092,0.4317,0.4317,0.0,PARTIAL_RENORMALIZED
fin_0181,0.4606,,0.4606,0.4606,0.0,P1_ONLY
fin_0182,0.0,0.0736,0.0263,0.0263,0.0,PARTIAL_RENORMALIZED
fin_0183,0.0,0.0753,0.0269,0.0269,0.0,PARTIAL_RENORMALIZED
fin_0184,0.5,0.0715,0.347,0.347,0.0,PARTIAL_RENORMALIZED
fin_0185,0.0,0.042,0.015,0.015,0.0,PARTIAL_RENORMALIZED
fin_0186,0.0,0.0999,0.0357,0.0357,0.0,PARTIAL_RENORMALIZED
fin_0187,0.4957,0.0682,0.343,0.343,0.0,PARTIAL_RENORMALIZED
fin_0188,0.4971,0.0923,0.3525,0.3525,0.0,PARTIAL_RENORMALIZED
fin_0189,0.0,0.0683,0.0244,0.0244,0.0,PARTIAL_RENORMALIZED
fin_0190,0.0,0.1344,0.048,0.048,0.0,PARTIAL_RENORMALIZED
fin_0191,0.3356,0.154,0.2708,0.2708,0.0,PARTIAL_RENORMALIZED
fin_0192,0.0,0.1098,0.0392,0.0392,0.0,PARTIAL_RENORMALIZED
fin_0193,0.0,0.0509,0.0182,0.0182,0.0,PARTIAL_RENORMALIZED
fin_0194,0.0,0.0946,0.0338,0.0338,0.0,PARTIAL_RENORMALIZED
fin_0195,0.4897,0.1028,0.3515,0.3515,0.0,PARTIAL_RENORMALIZED
fin_0196,0.4664,0.0532,0.3188,0.3188,0.0,PARTIAL_RENORMALIZED
fin_0197,0.0,0.0592,0.0211,0.0211,0.0,PARTIAL_RENORMALIZED
fin_0198,0.4058,0.1148,0.3019,0.3019,0.0,PARTIAL_RENORMALIZED
fin_0199,0.0,0.0282,0.0101,0.0101,0.0,PARTIAL_RENORMALIZED
fin_0200,0.4989,0.0873,0.3519,0.3519,0.0,PARTIAL_RENORMALIZED
his_0201,0.1333,0.0003,0.0858,0.0858,0.0,PARTIAL_RENORMALIZED
his_0202,0.5018,0.6486,0.5542,0.5542,0.0,PARTIAL_RENORMALIZED
his_0203,0.9996,0.2127,0.7186,0.7186,0.0,PARTIAL_RENORMALIZED
his_0204,0.006,0.0498,0.0216,0.0216,0.0,PARTIAL_RENORMALIZED
his_0205,0.0147,0.411,0.1562,0.1562,0.0,PARTIAL_RENORMALIZED
his_0206,0.338,0.2489,0.3062,0.3062,0.0,PARTIAL_RENORMALIZED
his_0207,0.9985,0.3937,0.7825,0.7825,0.0,PARTIAL_RENORMALIZED
his_0208,0.9,0.0363,0.5916,0.5916,0.0,PARTIAL_RENORMALIZED
his_0209,0.1594,0.4561,0.2654,0.2654,0.0,PARTIAL_RENORMALIZED
his_0210,0.5032,0.6069,0.5402,0.5402,0.0,PARTIAL_RENORMALIZED
his_0211,0.891,0.3164,0.6858,0.6858,0.0,PARTIAL_RENORMALIZED
his_0212,0.0036,0.0806,0.0311,0.0311,0.0,PARTIAL_RENORMALIZED
his_0213,0.1333,0.0474,0.1026,0.1026,0.0,PARTIAL_RENORMALIZED
his_0214,0.0,0.5903,0.2108,0.2108,0.0,PARTIAL_RENORMALIZED
his_0215,0.9457,0.1979,0.6787,0.6787,0.0,PARTIAL_RENORMALIZED
his_0216,0.0148,0.0652,0.0328,0.0328,0.0,PARTIAL_RENORMALIZED
his_0217,0.1333,0.0003,0.0858,0.0858,0.0,PARTIAL_RENORMALIZED
his_0218,0.3378,0.1091,0.2561,0.2561,0.0,PARTIAL_RENORMALIZED
his_0219,0.1125,0.4355,0.2278,0.2278,0.0,PARTIAL_RENORMALIZED
his_0220,0.9,0.0562,0.5987,0.5987,0.0,PARTIAL_RENORMALIZED
his_0221,0.1333,0.0003,0.0858,0.0858,0.0,PARTIAL_RENORMALIZED
his_0222,0.1611,0.1059,0.1414,0.1414,0.0,PARTIAL_RENORMALIZED
his_0223,0.999,0.504,0.8222,0.8222,0.0,PARTIAL_RENORMALIZED
his_0224,0.5155,0.0889,0.3632,0.3632,0.0,PARTIAL_RENORMALIZED
his_0225,0.303,0.084,0.2248,0.2248,0.0,PARTIAL_RENORMALIZED
his_0226,0.175,0.2542,0.2033,0.2033,0.0,PARTIAL_RENORMALIZED
his_0227,0.0917,0.2817,0.1595,0.1595,0.0,PARTIAL_RENORMALIZED
his_0228,0.006,0.036,0.0167,0.0167,0.0,PARTIAL_RENORMALIZED
his_0229,0.1125,0.0179,0.0787,0.0787,0.0,PARTIAL_RENORMALIZED
his_0230,0.0,0.112,0.04,0.04,0.0,PARTIAL_RENORMALIZED
his_0231,0.5,0.4139,0.4693,0.4693,0.0,PARTIAL_RENORMALIZED
his_0232,0.0058,0.0656,0.0272,0.0272,0.0,PARTIAL_RENORMALIZED
his_0233,0.1333,0.0564,0.1058,0.1058,0.0,PARTIAL_RENORMALIZED
his_0234,0.3091,0.2061,0.2723,0.2723,0.0,PARTIAL_RENORMALIZED
his_0235,0.05,0.0809,0.061,0.061,0.0,PARTIAL_RENORMALIZED
his_0236,0.006,0.0336,0.0159,0.0159,0.0,PARTIAL_RENORMALIZED
his_0237,0.9916,0.1928,0.7063,0.7063,0.0,PARTIAL_RENORMALIZED
his_0238,0.0,0.603,0.2153,0.2153,0.0,PARTIAL_RENORMALIZED
his_0239,0.1333,0.0767,0.1131,0.1131,0.0,PARTIAL_RENORMALIZED
his_0240,0.9,0.0511,0.5969,0.5969,0.0,PARTIAL_RENORMALIZED
his_0241,0.0759,0.4122,0.196,0.196,0.0,PARTIAL_RENORMALIZED
his_0242,0.1027,0.8325,0.3633,0.3633,0.0,PARTIAL_RENORMALIZED
his_0243,0.1125,0.0694,0.0971,0.0971,0.0,PARTIAL_RENORMALIZED
his_0244,0.3354,0.0878,0.247,0.247,0.0,PARTIAL_RENORMALIZED
his_0245,0.0813,0.1329,0.0997,0.0997,0.0,PARTIAL_RENORMALIZED
his_0246,0.5442,0.2888,0.453,0.453,0.0,PARTIAL_RENORMALIZED
his_0247,0.7498,0.0802,0.5107,0.5107,0.0,PARTIAL_RENORMALIZED
his_0248,0.0,0.066,0.0236,0.0236,0.0,PARTIAL_RENORMALIZED
his_0249,0.9994,0.0834,0.6723,0.6723,0.0,PARTIAL_RENORMALIZED
his_0250,0.5775,0.2141,0.4477,0.4477,0.0,PARTIAL_RENORMALIZED
sci_0251,0.8339,0.3243,0.6519,0.6519,0.0,PARTIAL_RENORMALIZED
sci_0252,1.0,0.1795,0.707,0.707,0.0,PARTIAL_RENORMALIZED
sci_0253,0.1242,0.0697,0.1047,0.1047,0.0,PARTIAL_RENORMALIZED
sci_0254,0.5,0.0389,0.3353,0.3353,0.0,PARTIAL_RENORMALIZED
sci_0255,0.9542,0.1952,0.6832,0.6832,0.0,PARTIAL_RENORMALIZED
sci_0256,0.4838,0.422,0.4617,0.4617,0.0,PARTIAL_RENORMALIZED
sci_0257,0.3041,0.0839,0.2255,0.2255,0.0,PARTIAL_RENORMALIZED
sci_0258,0.9142,0.0429,0.6031,0.6031,0.0,PARTIAL_RENORMALIZED
sci_0259,0.5007,0.1865,0.3885,0.3885,0.0,PARTIAL_RENORMALIZED
sci_0260,1.0,0.0388,0.6568,0.6568,0.0,PARTIAL_RENORMALIZED
sci_0261,0.1819,0.0922,0.1499,0.1499,0.0,PARTIAL_RENORMALIZED
sci_0262,0.3366,0.1307,0.2631,0.2631,0.0,PARTIAL_RENORMALIZED
sci_0263,0.5003,0.3493,0.4464,0.4464,0.0,PARTIAL_RENORMALIZED
sci_0264,1.0,0.4415,0.8006,0.8006,0.0,PARTIAL_RENORMALIZED
sci_0265,0.2676,0.0533,0.1911,0.1911,0.0,PARTIAL_RENORMALIZED
sci_0266,0.0991,0.0168,0.0697,0.0697,0.0,PARTIAL_RENORMALIZED
sci_0267,0.7385,0.0596,0.4961,0.4961,0.0,PARTIAL_RENORMALIZED
sci_0268,1.0,0.0876,0.6742,0.6742,0.0,PARTIAL_RENORMALIZED
sci_0269,0.3663,0.0697,0.2604,0.2604,0.0,PARTIAL_RENORMALIZED
sci_0270,0.5112,0.1848,0.3946,0.3946,0.0,PARTIAL_RENORMALIZED
sci_0271,0.0,0.2525,0.0902,0.0902,0.0,PARTIAL_RENORMALIZED
sci_0272,1.0,0.0786,0.671,0.671,0.0,PARTIAL_RENORMALIZED
sci_0273,0.2453,0.0519,0.1762,0.1762,0.0,PARTIAL_RENORMALIZED
sci_0274,0.25,0.141,0.2111,0.2111,0.0,PARTIAL_RENORMALIZED
sci_0275,0.4601,0.302,0.4036,0.4036,0.0,PARTIAL_RENORMALIZED
sci_0276,0.7971,0.2776,0.6116,0.6116,0.0,PARTIAL_RENORMALIZED
sci_0277,0.2819,0.057,0.2016,0.2016,0.0,PARTIAL_RENORMALIZED
sci_0278,0.5,0.084,0.3514,0.3514,0.0,PARTIAL_RENORMALIZED
sci_0279,0.4999,0.1616,0.3791,0.3791,0.0,PARTIAL_RENORMALIZED
sci_0280,1.0,0.4742,0.8122,0.8122,0.0,PARTIAL_RENORMALIZED
sci_0281,0.3321,0.0402,0.2279,0.2279,0.0,PARTIAL_RENORMALIZED
sci_0282,0.5,0.0037,0.3228,0.3228,0.0,PARTIAL_RENORMALIZED
sci_0283,0.5774,0.1856,0.4375,0.4375,0.0,PARTIAL_RENORMALIZED
sci_0284,1.0,0.086,0.6736,0.6736,0.0,PARTIAL_RENORMALIZED
sci_0285,0.1946,0.0698,0.15,0.15,0.0,PARTIAL_RENORMALIZED
sci_0286,0.5,0.0038,0.3228,0.3228,0.0,PARTIAL_RENORMALIZED
sci_0287,0.4999,0.3093,0.4318,0.4318,0.0,PARTIAL_RENORMALIZED
sci_0288,1.0,0.0874,0.6741,0.6741,0.0,PARTIAL_RENORMALIZED
sci_0289,0.4495,0.0539,0.3082,0.3082,0.0,PARTIAL_RENORMALIZED
sci_0290,0.5,0.0486,0.3388,0.3388,0.0,PARTIAL_RENORMALIZED
sci_0291,0.0395,0.0412,0.0401,0.0401,0.0,PARTIAL_RENORMALIZED
sci_0292,0.0,0.2149,0.0767,0.0767,0.0,PARTIAL_RENORMALIZED
sci_0293,0.2407,0.0561,0.1748,0.1748,0.0,PARTIAL_RENORMALIZED
sci_0294,0.0744,0.0022,0.0486,0.0486,0.0,PARTIAL_RENORMALIZED
sci_0295,0.7338,0.3159,0.5846,0.5846,0.0,PARTIAL_RENORMALIZED
sci_0296,1.0,0.1734,0.7048,0.7048,0.0,PARTIAL_RENORMALIZED
sci_0297,0.1117,0.0636,0.0945,0.0945,0.0,PARTIAL_RENORMALIZED
sci_0298,0.5,0.0067,0.3238,0.3238,0.0,PARTIAL_RENORMALIZED
sci_0299,0.4954,0.3405,0.4401,0.4401,0.0,PARTIAL_RENORMALIZED
sci_0300,0.0,0.3009,0.1075,0.1075,0.0,PARTIAL_RENORMALIZED
com_0301,1.0,0.0906,0.6753,0.6753,0.0,PARTIAL_RENORMALIZED
com_0302,0.0,,0.0,0.0,0.0,P1_ONLY
com_0303,0.0,0.0999,0.0357,0.0357,0.0,PARTIAL_RENORMALIZED
com_0304,0.0,0.2053,0.0733,0.0733,0.0,PARTIAL_RENORMALIZED
com_0305,0.0,0.1505,0.0537,0.0537,0.0,PARTIAL_RENORMALIZED
com_0306,0.0,,0.0,0.0,0.0,P1_ONLY
com_0307,0.3915,0.081,0.2806,0.2806,0.0,PARTIAL_RENORMALIZED
com_0308,0.1558,0.1148,0.1412,0.1412,0.0,PARTIAL_RENORMALIZED
com_0309,0.0,0.1647,0.0588,0.0588,0.0,PARTIAL_RENORMALIZED
com_0310,0.0,,0.0,0.0,0.0,P1_ONLY
com_0311,0.0,0.1133,0.0405,0.0405,0.0,PARTIAL_RENORMALIZED
com_0312,0.0,0.3537,0.1263,0.1263,0.0,PARTIAL_RENORMALIZED
com_0313,0.5,0.1968,0.3917,0.3917,0.0,PARTIAL_RENORMALIZED
com_0314,0.0,,0.0,0.0,0.0,P1_ONLY
com_0315,0.0,0.1344,0.048,0.048,0.0,PARTIAL_RENORMALIZED
com_0316,0.1396,0.188,0.1569,0.1569,0.0,PARTIAL_RENORMALIZED
com_0317,0.502,0.0966,0.3572,0.3572,0.0,PARTIAL_RENORMALIZED
com_0318,0.0,0.1514,0.0541,0.0541,0.0,PARTIAL_RENORMALIZED
com_0319,0.0,0.1498,0.0535,0.0535,0.0,PARTIAL_RENORMALIZED
com_0320,0.0,0.452,0.1614,0.1614,0.0,PARTIAL_RENORMALIZED
com_0321,1.0,0.1273,0.6884,0.6884,0.0,PARTIAL_RENORMALIZED
com_0322,0.0,,0.0,0.0,0.0,P1_ONLY
com_0323,0.5256,0.1381,0.3872,0.3872,0.0,PARTIAL_RENORMALIZED
com_0324,0.4122,0.2689,0.361,0.361,0.0,PARTIAL_RENORMALIZED
com_0325,0.4999,0.1228,0.3652,0.3652,0.0,PARTIAL_RENORMALIZED
com_0326,0.4927,0.1457,0.3688,0.3688,0.0,PARTIAL_RENORMALIZED
com_0327,0.0,0.273,0.0975,0.0975,0.0,PARTIAL_RENORMALIZED
com_0328,0.0,0.4498,0.1606,0.1606,0.0,PARTIAL_RENORMALIZED
com_0329,0.4999,0.0711,0.3468,0.3468,0.0,PARTIAL_RENORMALIZED
com_0330,0.0,0.0654,0.0234,0.0234,0.0,PARTIAL_RENORMALIZED
com_0331,0.6925,0.0979,0.4802,0.4802,0.0,PARTIAL_RENORMALIZED
com_0332,0.0,0.4069,0.1453,0.1453,0.0,PARTIAL_RENORMALIZED
com_0333,0.4999,0.1102,0.3607,0.3607,0.0,PARTIAL_RENORMALIZED
com_0334,0.0,,0.0,0.0,0.0,P1_ONLY
com_0335,0.3829,0.0724,0.272,0.272,0.0,PARTIAL_RENORMALIZED
com_0336,0.5758,0.3923,0.5103,0.5103,0.0,PARTIAL_RENORMALIZED
com_0337,1.0,0.0374,0.6563,0.6563,0.0,PARTIAL_RENORMALIZED
com_0338,0.0,,0.0,0.0,0.0,P1_ONLY
com_0339,0.3359,0.1118,0.2559,0.2559,0.0,PARTIAL_RENORMALIZED
com_0340,0.0,0.4507,0.1609,0.1609,0.0,PARTIAL_RENORMALIZED
com_0341,0.0,0.0858,0.0306,0.0306,0.0,PARTIAL_RENORMALIZED
com_0342,0.0,0.2724,0.0973,0.0973,0.0,PARTIAL_RENORMALIZED
com_0343,0.32,0.0568,0.226,0.226,0.0,PARTIAL_RENORMALIZED
com_0344,0.2865,0.196,0.2542,0.2542,0.0,PARTIAL_RENORMALIZED
com_0345,0.0,0.1689,0.0603,0.0603,0.0,PARTIAL_RENORMALIZED
com_0346,0.0,0.2596,0.0927,0.0927,0.0,PARTIAL_RENORMALIZED
com_0347,0.6071,,0.6071,0.6071,0.0,P1_ONLY
com_0348,0.0,0.2224,0.0794,0.0794,0.0,PARTIAL_RENORMALIZED
com_0349,0.3361,0.0818,0.2453,0.2453,0.0,PARTIAL_RENORMALIZED
com_0350,0.0,,0.0,0.0,0.0,P1_ONLY
phy_0351,0.0,0.1091,0.039,0.039,0.0,PARTIAL_RENORMALIZED
phy_0352,0.3593,0.0931,0.2642,0.2642,0.0,PARTIAL_RENORMALIZED
phy_0353,0.0,0.142,0.0507,0.0507,0.0,PARTIAL_RENORMALIZED
phy_0354,0.0,0.1063,0.038,0.038,0.0,PARTIAL_RENORMALIZED
phy_0355,0.1235,0.0653,0.1027,0.1027,0.0,PARTIAL_RENORMALIZED
phy_0356,0.5747,0.2255,0.45,0.45,0.0,PARTIAL_RENORMALIZED
phy_0357,0.0,0.2975,0.1062,0.1062,0.0,PARTIAL_RENORMALIZED
phy_0358,0.0,0.117,0.0418,0.0418,0.0,PARTIAL_RENORMALIZED
phy_0359,0.0,0.1086,0.0388,0.0388,0.0,PARTIAL_RENORMALIZED
phy_0360,0.0,0.0795,0.0284,0.0284,0.0,PARTIAL_RENORMALIZED
phy_0361,0.0,0.3188,0.1138,0.1138,0.0,PARTIAL_RENORMALIZED
phy_0362,0.4782,0.0697,0.3323,0.3323,0.0,PARTIAL_RENORMALIZED
phy_0363,0.0,0.1334,0.0476,0.0476,0.0,PARTIAL_RENORMALIZED
phy_0364,0.2674,0.0656,0.1953,0.1953,0.0,PARTIAL_RENORMALIZED
phy_0365,0.6512,0.2119,0.4943,0.4943,0.0,PARTIAL_RENORMALIZED
phy_0366,0.679,0.259,0.529,0.529,0.0,PARTIAL_RENORMALIZED
phy_0367,0.0,0.0996,0.0356,0.0356,0.0,PARTIAL_RENORMALIZED
phy_0368,0.4181,0.0443,0.2846,0.2846,0.0,PARTIAL_RENORMALIZED
phy_0369,0.0,0.1949,0.0696,0.0696,0.0,PARTIAL_RENORMALIZED
phy_0370,0.0,0.4462,0.1593,0.1593,0.0,PARTIAL_RENORMALIZED
phy_0371,0.0,0.0947,0.0338,0.0338,0.0,PARTIAL_RENORMALIZED
phy_0372,0.3812,0.1833,0.3105,0.3105,0.0,PARTIAL_RENORMALIZED
phy_0373,0.0,0.3282,0.1172,0.1172,0.0,PARTIAL_RENORMALIZED
phy_0374,0.0,0.0883,0.0315,0.0315,0.0,PARTIAL_RENORMALIZED
phy_0375,0.0,0.1152,0.0411,0.0411,0.0,PARTIAL_RENORMALIZED
phy_0376,0.4576,0.0558,0.3141,0.3141,0.0,PARTIAL_RENORMALIZED
phy_0377,0.0,0.3081,0.11,0.11,0.0,PARTIAL_RENORMALIZED
phy_0378,0.0,0.3445,0.123,0.123,0.0,PARTIAL_RENORMALIZED
phy_0379,0.0,0.1299,0.0464,0.0464,0.0,PARTIAL_RENORMALIZED
phy_0380,0.1334,0.0444,0.1016,0.1016,0.0,PARTIAL_RENORMALIZED
phy_0381,0.0,0.351,0.1253,0.1253,0.0,PARTIAL_RENORMALIZED
phy_0382,0.0,0.1384,0.0494,0.0494,0.0,PARTIAL_RENORMALIZED
phy_0383,0.0,0.0756,0.027,0.027,0.0,PARTIAL_RENORMALIZED
phy_0384,0.4344,0.0672,0.3033,0.3033,0.0,PARTIAL_RENORMALIZED
phy_0385,0.0,0.3238,0.1156,0.1156,0.0,PARTIAL_RENORMALIZED
phy_0386,0.492,0.3349,0.4359,0.4359,0.0,PARTIAL_RENORMALIZED
phy_0387,0.329,0.1405,0.2617,0.2617,0.0,PARTIAL_RENORMALIZED
phy_0388,0.6625,0.0604,0.4475,0.4475,0.0,PARTIAL_RENORMALIZED
phy_0389,0.2382,0.1798,0.2173,0.2173,0.0,PARTIAL_RENORMALIZED
phy_0390,0.0,0.4811,0.1718,0.1718,0.0,PARTIAL_RENORMALIZED
phy_0391,0.0,0.0426,0.0152,0.0152,0.0,PARTIAL_RENORMALIZED
phy_0392,0.3739,0.0772,0.2679,0.2679,0.0,PARTIAL_RENORMALIZED
phy_0393,0.2908,0.2162,0.2642,0.2642,0.0,PARTIAL_RENORMALIZED
phy_0394,0.4496,0.2648,0.3836,0.3836,0.0,PARTIAL_RENORMALIZED
phy_0395,0.4998,0.1224,0.365,0.365,0.0,PARTIAL_RENORMALIZED
phy_0396,0.2753,0.1809,0.2416,0.2416,0.0,PARTIAL_RENORMALIZED
phy_0397,0.0,0.27,0.0964,0.0964,0.0,PARTIAL_RENORMALIZED
phy_0398,0.0,0.3196,0.1141,0.1141,0.0,PARTIAL_RENORMALIZED
phy_0399,0.0,0.0777,0.0277,0.0277,0.0,PARTIAL_RENORMALIZED
phy_0400,0.4995,0.1955,0.3909,0.3909,0.0,PARTIAL_RENORMALIZED
bio_0401,0.2092,0.0467,0.1512,0.1512,0.0,PARTIAL_RENORMALIZED
bio_0402,0.2725,0.0958,0.2094,0.2094,0.0,PARTIAL_RENORMALIZED
bio_0403,0.4316,0.0889,0.3092,0.3092,0.0,PARTIAL_RENORMALIZED
bio_0404,0.2964,0.0928,0.2237,0.2237,0.0,PARTIAL_RENORMALIZED
bio_0405,0.05,0.0691,0.0568,0.0568,0.0,PARTIAL_RENORMALIZED
bio_0406,0.0132,0.1035,0.0454,0.0454,0.0,PARTIAL_RENORMALIZED
bio_0407,0.102,0.0881,0.097,0.097,0.0,PARTIAL_RENORMALIZED
bio_0408,0.0,0.1051,0.0375,0.0375,0.0,PARTIAL_RENORMALIZED
bio_0409,0.05,0.0191,0.039,0.039,0.0,PARTIAL_RENORMALIZED
bio_0410,0.3264,0.106,0.2477,0.2477,0.0,PARTIAL_RENORMALIZED
bio_0411,0.3881,0.0962,0.2839,0.2839,0.0,PARTIAL_RENORMALIZED
bio_0412,0.0,0.1188,0.0424,0.0424,0.0,PARTIAL_RENORMALIZED
bio_0413,0.5039,0.0883,0.3555,0.3555,0.0,PARTIAL_RENORMALIZED
bio_0414,0.6,0.0922,0.4187,0.4187,0.0,PARTIAL_RENORMALIZED
bio_0415,0.2627,0.0944,0.2026,0.2026,0.0,PARTIAL_RENORMALIZED
bio_0416,0.4238,0.1037,0.3095,0.3095,0.0,PARTIAL_RENORMALIZED
bio_0417,0.2752,0.0613,0.1988,0.1988,0.0,PARTIAL_RENORMALIZED
bio_0418,0.4954,0.1284,0.3643,0.3643,0.0,PARTIAL_RENORMALIZED
bio_0419,0.2673,0.1202,0.2148,0.2148,0.0,PARTIAL_RENORMALIZED
bio_0420,0.4917,0.3026,0.4242,0.4242,0.0,PARTIAL_RENORMALIZED
bio_0421,0.05,0.0199,0.0393,0.0393,0.0,PARTIAL_RENORMALIZED
bio_0422,0.3353,0.1036,0.2526,0.2526,0.0,PARTIAL_RENORMALIZED
bio_0423,0.3368,0.1193,0.2591,0.2591,0.0,PARTIAL_RENORMALIZED
bio_0424,0.4427,0.2743,0.3826,0.3826,0.0,PARTIAL_RENORMALIZED
bio_0425,0.0673,0.0502,0.0612,0.0612,0.0,PARTIAL_RENORMALIZED
bio_0426,0.6661,0.0845,0.4584,0.4584,0.0,PARTIAL_RENORMALIZED
bio_0427,0.2431,0.0873,0.1875,0.1875,0.0,PARTIAL_RENORMALIZED
bio_0428,0.2115,0.0984,0.1711,0.1711,0.0,PARTIAL_RENORMALIZED
bio_0429,0.05,0.0643,0.0551,0.0551,0.0,PARTIAL_RENORMALIZED
bio_0430,0.0079,0.0942,0.0387,0.0387,0.0,PARTIAL_RENORMALIZED
bio_0431,0.2375,0.0968,0.1873,0.1873,0.0,PARTIAL_RENORMALIZED
bio_0432,0.4896,0.1728,0.3765,0.3765,0.0,PARTIAL_RENORMALIZED
bio_0433,0.2371,0.0757,0.1795,0.1795,0.0,PARTIAL_RENORMALIZED
bio_0434,0.6899,0.0947,0.4774,0.4774,0.0,PARTIAL_RENORMALIZED
bio_0435,0.1051,0.1436,0.1188,0.1188,0.0,PARTIAL_RENORMALIZED
bio_0436,0.313,,0.313,0.313,0.0,P1_ONLY
bio_0437,0.508,0.0747,0.3533,0.3533,0.0,PARTIAL_RENORMALIZED
bio_0438,0.5287,0.113,0.3803,0.3803,0.0,PARTIAL_RENORMALIZED
bio_0439,0.2461,0.1134,0.1987,0.1987,0.0,PARTIAL_RENORMALIZED
bio_0440,0.5375,0.3112,0.4567,0.4567,0.0,PARTIAL_RENORMALIZED
bio_0441,0.1036,0.0596,0.0879,0.0879,0.0,PARTIAL_RENORMALIZED
bio_0442,0.4584,0.1165,0.3363,0.3363,0.0,PARTIAL_RENORMALIZED
bio_0443,0.3552,0.138,0.2776,0.2776,0.0,PARTIAL_RENORMALIZED
bio_0444,0.0,0.2168,0.0774,0.0774,0.0,PARTIAL_RENORMALIZED
bio_0445,0.2273,0.0615,0.1681,0.1681,0.0,PARTIAL_RENORMALIZED
bio_0446,0.6052,0.1133,0.4295,0.4295,0.0,PARTIAL_RENORMALIZED
bio_0447,0.3492,0.1134,0.265,0.265,0.0,PARTIAL_RENORMALIZED
bio_0448,0.4038,0.0973,0.2943,0.2943,0.0,PARTIAL_RENORMALIZED
bio_0449,0.05,0.0403,0.0465,0.0465,0.0,PARTIAL_RENORMALIZED
bio_0450,0.4403,0.0742,0.3096,0.3096,0.0,PARTIAL_RENORMALIZED
che_0451,0.0184,0.0975,0.0466,0.0466,0.0,PARTIAL_RENORMALIZED
che_0452,0.0,0.2029,0.0725,0.0725,0.0,PARTIAL_RENORMALIZED
che_0453,0.5475,0.4968,0.5294,0.5294,0.0,PARTIAL_RENORMALIZED
che_0454,0.8208,0.212,0.6034,0.6034,0.0,PARTIAL_RENORMALIZED
che_0455,0.5029,0.1117,0.3632,0.3632,0.0,PARTIAL_RENORMALIZED
che_0456,1.0,0.1734,0.7048,0.7048,0.0,PARTIAL_RENORMALIZED
che_0457,0.0658,0.0412,0.057,0.057,0.0,PARTIAL_RENORMALIZED
che_0458,0.4981,0.4058,0.4651,0.4651,0.0,PARTIAL_RENORMALIZED
che_0459,0.9362,0.1763,0.6648,0.6648,0.0,PARTIAL_RENORMALIZED
che_0460,1.0,0.0594,0.6641,0.6641,0.0,PARTIAL_RENORMALIZED
che_0461,0.5499,0.3461,0.4771,0.4771,0.0,PARTIAL_RENORMALIZED
che_0462,0.8611,0.1678,0.6135,0.6135,0.0,PARTIAL_RENORMALIZED
che_0463,0.5074,0.2532,0.4166,0.4166,0.0,PARTIAL_RENORMALIZED
che_0464,1.0,0.0623,0.6651,0.6651,0.0,PARTIAL_RENORMALIZED
che_0465,0.0,0.4257,0.152,0.152,0.0,PARTIAL_RENORMALIZED
che_0466,0.5209,0.0698,0.3598,0.3598,0.0,PARTIAL_RENORMALIZED
che_0467,0.4287,0.1395,0.3254,0.3254,0.0,PARTIAL_RENORMALIZED
che_0468,0.0,0.221,0.0789,0.0789,0.0,PARTIAL_RENORMALIZED
che_0469,0.4978,0.1991,0.3911,0.3911,0.0,PARTIAL_RENORMALIZED
che_0470,0.7503,0.0377,0.4958,0.4958,0.0,PARTIAL_RENORMALIZED
che_0471,0.3396,0.1083,0.257,0.257,0.0,PARTIAL_RENORMALIZED
che_0472,1.0,0.049,0.6604,0.6604,0.0,PARTIAL_RENORMALIZED
che_0473,0.0658,0.0357,0.0551,0.0551,0.0,PARTIAL_RENORMALIZED
che_0474,0.8134,0.2067,0.5967,0.5967,0.0,PARTIAL_RENORMALIZED
che_0475,0.5006,0.1401,0.3719,0.3719,0.0,PARTIAL_RENORMALIZED
che_0476,0.0,0.0778,0.0278,0.0278,0.0,PARTIAL_RENORMALIZED
che_0477,0.4583,0.2699,0.391,0.391,0.0,PARTIAL_RENORMALIZED
che_0478,0.9106,0.0434,0.6009,0.6009,0.0,PARTIAL_RENORMALIZED
che_0479,0.3321,0.2074,0.2876,0.2876,0.0,PARTIAL_RENORMALIZED
che_0480,1.0,0.1708,0.7039,0.7039,0.0,PARTIAL_RENORMALIZED
che_0481,0.9952,0.0806,0.6686,0.6686,0.0,PARTIAL_RENORMALIZED
che_0482,0.83,0.0523,0.5523,0.5523,0.0,PARTIAL_RENORMALIZED
che_0483,0.501,0.1492,0.3754,0.3754,0.0,PARTIAL_RENORMALIZED
che_0484,1.0,0.0942,0.6765,0.6765,0.0,PARTIAL_RENORMALIZED
che_0485,0.15,0.0361,0.1093,0.1093,0.0,PARTIAL_RENORMALIZED
che_0486,0.8184,0.1661,0.5855,0.5855,0.0,PARTIAL_RENORMALIZED
che_0487,0.4697,0.186,0.3684,0.3684,0.0,PARTIAL_RENORMALIZED
che_0488,1.0,0.2136,0.7192,0.7192,0.0,PARTIAL_RENORMALIZED
che_0489,0.0658,0.0142,0.0474,0.0474,0.0,PARTIAL_RENORMALIZED
che_0490,0.5004,0.3896,0.4608,0.4608,0.0,PARTIAL_RENORMALIZED
che_0491,0.4905,0.1606,0.3727,0.3727,0.0,PARTIAL_RENORMALIZED
che_0492,1.0,0.2487,0.7317,0.7317,0.0,PARTIAL_RENORMALIZED
che_0493,0.0331,0.0285,0.0315,0.0315,0.0,PARTIAL_RENORMALIZED
che_0494,0.5434,0.0634,0.372,0.372,0.0,PARTIAL_RENORMALIZED
che_0495,0.4832,0.1301,0.3571,0.3571,0.0,PARTIAL_RENORMALIZED
che_0496,0.0,0.2821,0.1007,0.1007,0.0,PARTIAL_RENORMALIZED
che_0497,0.0658,0.0069,0.0448,0.0448,0.0,PARTIAL_RENORMALIZED
che_0498,0.8484,0.1862,0.6119,0.6119,0.0,PARTIAL_RENORMALIZED
che_0499,0.5021,0.1207,0.3659,0.3659,0.0,PARTIAL_RENORMALIZED
che_0500,0.0,0.1813,0.0647,0.0647,0.0,PARTIAL_RENORMALIZED
new_0501,0.0,0.068,0.0243,0.0243,0.0,PARTIAL_RENORMALIZED
new_0502,0.3505,0.0917,0.2581,0.2581,0.0,PARTIAL_RENORMALIZED
new_0503,0.4591,0.0465,0.3118,0.3118,0.0,PARTIAL_RENORMALIZED
new_0504,0.4514,0.0856,0.3208,0.3208,0.0,PARTIAL_RENORMALIZED
new_0505,0.466,0.0848,0.3299,0.3299,0.0,PARTIAL_RENORMALIZED
new_0506,0.4176,0.0736,0.2948,0.2948,0.0,PARTIAL_RENORMALIZED
new_0507,0.0,0.0528,0.0189,0.0189,0.0,PARTIAL_RENORMALIZED
new_0508,0.4923,0.0742,0.343,0.343,0.0,PARTIAL_RENORMALIZED
new_0509,0.5013,0.1203,0.3652,0.3652,0.0,PARTIAL_RENORMALIZED
new_0510,0.4752,0.0607,0.3272,0.3272,0.0,PARTIAL_RENORMALIZED
new_0511,0.0,0.0678,0.0242,0.0242,0.0,PARTIAL_RENORMALIZED
new_0512,0.3874,0.0863,0.2799,0.2799,0.0,PARTIAL_RENORMALIZED
new_0513,0.0,0.0852,0.0304,0.0304,0.0,PARTIAL_RENORMALIZED
new_0514,1.0,0.1205,0.6859,0.6859,0.0,PARTIAL_RENORMALIZED
new_0515,0.4999,0.0642,0.3443,0.3443,0.0,PARTIAL_RENORMALIZED
new_0516,0.4983,0.0688,0.3449,0.3449,0.0,PARTIAL_RENORMALIZED
new_0517,0.5009,0.0916,0.3547,0.3547,0.0,PARTIAL_RENORMALIZED
new_0518,1.0,0.2489,0.7318,0.7318,0.0,PARTIAL_RENORMALIZED
new_0519,0.0,0.08,0.0286,0.0286,0.0,PARTIAL_RENORMALIZED
new_0520,0.3937,0.0755,0.2801,0.2801,0.0,PARTIAL_RENORMALIZED
new_0521,0.499,0.0988,0.3561,0.3561,0.0,PARTIAL_RENORMALIZED
new_0522,0.5431,0.0937,0.3826,0.3826,0.0,PARTIAL_RENORMALIZED
new_0523,0.4446,0.0811,0.3148,0.3148,0.0,PARTIAL_RENORMALIZED
new_0524,0.4643,0.0904,0.3308,0.3308,0.0,PARTIAL_RENORMALIZED
new_0525,0.5795,0.0655,0.396,0.396,0.0,PARTIAL_RENORMALIZED
new_0526,1.0,0.1112,0.6826,0.6826,0.0,PARTIAL_RENORMALIZED
new_0527,0.4998,0.0815,0.3504,0.3504,0.0,PARTIAL_RENORMALIZED
new_0528,0.3334,0.0768,0.2418,0.2418,0.0,PARTIAL_RENORMALIZED
new_0529,0.0,0.0652,0.0233,0.0233,0.0,PARTIAL_RENORMALIZED
new_0530,1.0,0.1127,0.6831,0.6831,0.0,PARTIAL_RENORMALIZED
new_0531,0.0,0.0735,0.0262,0.0262,0.0,PARTIAL_RENORMALIZED
new_0532,0.4166,0.0581,0.2886,0.2886,0.0,PARTIAL_RENORMALIZED
new_0533,0.4986,0.0696,0.3454,0.3454,0.0,PARTIAL_RENORMALIZED
new_0534,0.4188,0.0693,0.294,0.294,0.0,PARTIAL_RENORMALIZED
new_0535,0.0,0.0622,0.0222,0.0222,0.0,PARTIAL_RENORMALIZED
new_0536,0.4993,0.0978,0.3559,0.3559,0.0,PARTIAL_RENORMALIZED
new_0537,0.0,0.0742,0.0265,0.0265,0.0,PARTIAL_RENORMALIZED
new_0538,1.0,0.054,0.6622,0.6622,0.0,PARTIAL_RENORMALIZED
new_0539,0.4998,0.0927,0.3544,0.3544,0.0,PARTIAL_RENORMALIZED
new_0540,0.4295,0.1016,0.3124,0.3124,0.0,PARTIAL_RENORMALIZED
new_0541,0.0,0.0782,0.0279,0.0279,0.0,PARTIAL_RENORMALIZED
new_0542,0.3882,0.0476,0.2666,0.2666,0.0,PARTIAL_RENORMALIZED
new_0543,0.0,0.0568,0.0203,0.0203,0.0,PARTIAL_RENORMALIZED
new_0544,0.4137,0.0766,0.2933,0.2933,0.0,PARTIAL_RENORMALIZED
new_0545,0.0,0.1623,0.058,0.058,0.0,PARTIAL_RENORMALIZED
new_0546,0.5354,0.0824,0.3736,0.3736,0.0,PARTIAL_RENORMALIZED
new_0547,0.0,,0.0,0.0,0.0,P1_ONLY
new_0548,0.3986,0.0804,0.285,0.285,0.0,PARTIAL_RENORMALIZED
new_0549,0.0,0.1139,0.0407,0.0407,0.0,PARTIAL_RENORMALIZED
new_0550,1.0,0.0676,0.667,0.667,0.0,PARTIAL_RENORMALIZED
mat_0551,0.0,0.4304,0.1537,0.1537,0.0,PARTIAL_RENORMALIZED
mat_0552,0.0,,0.0,0.0,0.0,P1_ONLY
mat_0553,0.0,0.1363,0.0487,0.0487,0.0,PARTIAL_RENORMALIZED
mat_0554,0.2365,0.2069,0.2259,0.2259,0.0,PARTIAL_RENORMALIZED
mat_0555,0.0,0.2073,0.074,0.074,0.0,PARTIAL_RENORMALIZED
mat_0556,0.0,,0.0,0.0,0.0,P1_ONLY
mat_0557,0.5006,0.161,0.3793,0.3793,0.0,PARTIAL_RENORMALIZED
mat_0558,0.0,0.1837,0.0656,0.0656,0.0,PARTIAL_RENORMALIZED
mat_0559,0.0,0.2284,0.0816,0.0816,0.0,PARTIAL_RENORMALIZED
mat_0560,0.0,,0.0,0.0,0.0,P1_ONLY
mat_0561,0.0,0.0876,0.0313,0.0313,0.0,PARTIAL_RENORMALIZED
mat_0562,0.3203,0.0622,0.2281,0.2281,0.0,PARTIAL_RENORMALIZED
mat_0563,0.0,0.1454,0.0519,0.0519,0.0,PARTIAL_RENORMALIZED
mat_0564,0.7215,,0.7215,0.7215,0.0,P1_ONLY
mat_0565,0.4975,0.1009,0.3559,0.3559,0.0,PARTIAL_RENORMALIZED
mat_0566,0.3641,0.0708,0.2594,0.2594,0.0,PARTIAL_RENORMALIZED
mat_0567,0.0,0.0616,0.022,0.022,0.0,PARTIAL_RENORMALIZED
mat_0568,0.6927,0.2479,0.5339,0.5339,0.0,PARTIAL_RENORMALIZED
mat_0569,0.0,0.107,0.0382,0.0382,0.0,PARTIAL_RENORMALIZED
mat_0570,0.3086,0.0302,0.2092,0.2092,0.0,PARTIAL_RENORMALIZED
mat_0571,0.1807,0.106,0.154,0.154,0.0,PARTIAL_RENORMALIZED
mat_0572,0.0,0.33,0.1178,0.1178,0.0,PARTIAL_RENORMALIZED
mat_0573,0.0,0.1403,0.0501,0.0501,0.0,PARTIAL_RENORMALIZED
mat_0574,0.2126,0.0306,0.1476,0.1476,0.0,PARTIAL_RENORMALIZED
mat_0575,0.0,0.161,0.0575,0.0575,0.0,PARTIAL_RENORMALIZED
mat_0576,0.0,,0.0,0.0,0.0,P1_ONLY
mat_0577,0.4991,0.1085,0.3596,0.3596,0.0,PARTIAL_RENORMALIZED
mat_0578,0.0,0.0911,0.0325,0.0325,0.0,PARTIAL_RENORMALIZED
mat_0579,0.0,0.0641,0.0229,0.0229,0.0,PARTIAL_RENORMALIZED
mat_0580,0.0,0.1237,0.0442,0.0442,0.0,PARTIAL_RENORMALIZED
mat_0581,0.0216,0.0558,0.0338,0.0338,0.0,PARTIAL_RENORMALIZED
mat_0582,0.3812,0.0819,0.2743,0.2743,0.0,PARTIAL_RENORMALIZED
mat_0583,0.0,0.1283,0.0458,0.0458,0.0,PARTIAL_RENORMALIZED
mat_0584,0.0,,0.0,0.0,0.0,P1_ONLY
mat_0585,0.0,0.1432,0.0511,0.0511,0.0,PARTIAL_RENORMALIZED
mat_0586,0.0,0.1135,0.0405,0.0405,0.0,PARTIAL_RENORMALIZED
mat_0587,0.0,0.2224,0.0794,0.0794,0.0,PARTIAL_RENORMALIZED
mat_0588,0.9514,0.095,0.6456,0.6456,0.0,PARTIAL_RENORMALIZED
mat_0589,0.0,,0.0,0.0,0.0,P1_ONLY
mat_0590,0.0,0.0729,0.026,0.026,0.0,PARTIAL_RENORMALIZED
mat_0591,0.0,0.1127,0.0402,0.0402,0.0,PARTIAL_RENORMALIZED
mat_0592,0.0,,0.0,0.0,0.0,P1_ONLY
mat_0593,0.5023,0.0933,0.3562,0.3562,0.0,PARTIAL_RENORMALIZED
mat_0594,0.0,0.0876,0.0313,0.0313,0.0,PARTIAL_RENORMALIZED
mat_0595,0.1037,0.143,0.1177,0.1177,0.0,PARTIAL_RENORMALIZED
mat_0596,0.0,,0.0,0.0,0.0,P1_ONLY
mat_0597,0.4955,,0.4955,0.4955,0.0,P1_ONLY
mat_0598,0.0,0.0689,0.0246,0.0246,0.0,PARTIAL_RENORMALIZED
mat_0599,0.0,0.1178,0.0421,0.0421,0.0,PARTIAL_RENORMALIZED
mat_0600,0.0,,0.0,0.0,0.0,P1_ONLY
geo_0601,0.4994,0.1041,0.3582,0.3582,0.0,PARTIAL_RENORMALIZED
geo_0602,0.997,0.0241,0.6496,0.6496,0.0,PARTIAL_RENORMALIZED
geo_0603,0.5222,0.0504,0.3537,0.3537,0.0,PARTIAL_RENORMALIZED
geo_0604,0.5714,0.1195,0.41,0.41,0.0,PARTIAL_RENORMALIZED
geo_0605,0.05,0.3305,0.1502,0.1502,0.0,PARTIAL_RENORMALIZED
geo_0606,0.7822,0.1155,0.5441,0.5441,0.0,PARTIAL_RENORMALIZED
geo_0607,0.988,0.5257,0.8229,0.8229,0.0,PARTIAL_RENORMALIZED
geo_0608,0.8149,0.2263,0.6047,0.6047,0.0,PARTIAL_RENORMALIZED
geo_0609,0.1553,0.2915,0.2039,0.2039,0.0,PARTIAL_RENORMALIZED
geo_0610,0.1425,0.0844,0.1218,0.1218,0.0,PARTIAL_RENORMALIZED
geo_0611,0.9985,0.4921,0.8177,0.8177,0.0,PARTIAL_RENORMALIZED
geo_0612,0.0,0.1799,0.0642,0.0642,0.0,PARTIAL_RENORMALIZED
geo_0613,0.1594,0.0872,0.1336,0.1336,0.0,PARTIAL_RENORMALIZED
geo_0614,0.9916,0.0529,0.6564,0.6564,0.0,PARTIAL_RENORMALIZED
geo_0615,0.3269,0.488,0.3844,0.3844,0.0,PARTIAL_RENORMALIZED
geo_0616,0.9315,0.2439,0.686,0.686,0.0,PARTIAL_RENORMALIZED
geo_0617,0.0359,0.1332,0.0706,0.0706,0.0,PARTIAL_RENORMALIZED
geo_0618,0.4179,0.1207,0.3118,0.3118,0.0,PARTIAL_RENORMALIZED
geo_0619,0.6464,0.3868,0.5537,0.5537,0.0,PARTIAL_RENORMALIZED
geo_0620,0.8314,0.3735,0.6679,0.6679,0.0,PARTIAL_RENORMALIZED
geo_0621,0.5,0.1429,0.3725,0.3725,0.0,PARTIAL_RENORMALIZED
geo_0622,0.986,0.1988,0.7049,0.7049,0.0,PARTIAL_RENORMALIZED
geo_0623,0.2605,0.1843,0.2333,0.2333,0.0,PARTIAL_RENORMALIZED
geo_0624,0.7257,0.1453,0.5184,0.5184,0.0,PARTIAL_RENORMALIZED
geo_0625,0.2765,0.0775,0.2054,0.2054,0.0,PARTIAL_RENORMALIZED
geo_0626,0.997,0.0482,0.6582,0.6582,0.0,PARTIAL_RENORMALIZED
geo_0627,0.3285,0.4802,0.3827,0.3827,0.0,PARTIAL_RENORMALIZED
geo_0628,0.14,0.2016,0.162,0.162,0.0,PARTIAL_RENORMALIZED
geo_0629,0.3336,0.1859,0.2809,0.2809,0.0,PARTIAL_RENORMALIZED
geo_0630,0.9897,0.0689,0.6609,0.6609,0.0,PARTIAL_RENORMALIZED
geo_0631,0.5535,0.1742,0.4181,0.4181,0.0,PARTIAL_RENORMALIZED
geo_0632,0.018,0.1175,0.0535,0.0535,0.0,PARTIAL_RENORMALIZED
geo_0633,0.6358,0.1434,0.46,0.46,0.0,PARTIAL_RENORMALIZED
geo_0634,0.997,0.0362,0.6539,0.6539,0.0,PARTIAL_RENORMALIZED
geo_0635,0.8177,0.4111,0.6725,0.6725,0.0,PARTIAL_RENORMALIZED
geo_0636,0.8209,0.2457,0.6155,0.6155,0.0,PARTIAL_RENORMALIZED
geo_0637,0.3374,0.0767,0.2443,0.2443,0.0,PARTIAL_RENORMALIZED
geo_0638,0.9906,0.0633,0.6595,0.6595,0.0,PARTIAL_RENORMALIZED
geo_0639,0.4902,0.1613,0.3727,0.3727,0.0,PARTIAL_RENORMALIZED
geo_0640,0.909,0.1205,0.6274,0.6274,0.0,PARTIAL_RENORMALIZED
geo_0641,0.3301,0.1337,0.26,0.26,0.0,PARTIAL_RENORMALIZED
geo_0642,0.997,0.0746,0.6676,0.6676,0.0,PARTIAL_RENORMALIZED
geo_0643,0.737,0.4948,0.6505,0.6505,0.0,PARTIAL_RENORMALIZED
geo_0644,0.909,0.1702,0.6452,0.6452,0.0,PARTIAL_RENORMALIZED
geo_0645,0.2356,0.0429,0.1668,0.1668,0.0,PARTIAL_RENORMALIZED
geo_0646,0.997,0.0003,0.6411,0.6411,0.0,PARTIAL_RENORMALIZED
geo_0647,0.3366,0.3443,0.3393,0.3393,0.0,PARTIAL_RENORMALIZED
geo_0648,0.7483,0.3473,0.6051,0.6051,0.0,PARTIAL_RENORMALIZED
geo_0649,0.5323,0.2,0.4136,0.4136,0.0,PARTIAL_RENORMALIZED
geo_0650,0.9707,0.0564,0.6442,0.6442,0.0,PARTIAL_RENORMALIZED
pol_0651,0.0,0.1811,0.0647,0.0647,0.0,PARTIAL_RENORMALIZED
pol_0652,0.0857,0.106,0.0929,0.0929,0.0,PARTIAL_RENORMALIZED
pol_0653,0.3678,0.2037,0.3092,0.3092,0.0,PARTIAL_RENORMALIZED
pol_0654,0.6506,0.1839,0.4839,0.4839,0.0,PARTIAL_RENORMALIZED
pol_0655,0.1624,0.1619,0.1622,0.1622,0.0,PARTIAL_RENORMALIZED
pol_0656,0.1252,0.1743,0.1427,0.1427,0.0,PARTIAL_RENORMALIZED
pol_0657,0.4502,0.0844,0.3196,0.3196,0.0,PARTIAL_RENORMALIZED
pol_0658,0.4881,0.0694,0.3386,0.3386,0.0,PARTIAL_RENORMALIZED
pol_0659,0.2844,0.121,0.226,0.226,0.0,PARTIAL_RENORMALIZED
pol_0660,0.9,0.1037,0.6156,0.6156,0.0,PARTIAL_RENORMALIZED
pol_0661,0.4134,0.0636,0.2885,0.2885,0.0,PARTIAL_RENORMALIZED
pol_0662,0.0,0.0617,0.022,0.022,0.0,PARTIAL_RENORMALIZED
pol_0663,0.0,0.0691,0.0247,0.0247,0.0,PARTIAL_RENORMALIZED
pol_0664,0.175,0.1189,0.155,0.155,0.0,PARTIAL_RENORMALIZED
pol_0665,0.3255,0.1622,0.2672,0.2672,0.0,PARTIAL_RENORMALIZED
pol_0666,0.0,0.092,0.0329,0.0329,0.0,PARTIAL_RENORMALIZED
pol_0667,0.439,0.1005,0.3181,0.3181,0.0,PARTIAL_RENORMALIZED
pol_0668,0.9,0.1101,0.6179,0.6179,0.0,PARTIAL_RENORMALIZED
pol_0669,0.5261,0.2139,0.4146,0.4146,0.0,PARTIAL_RENORMALIZED
pol_0670,0.4969,0.0782,0.3474,0.3474,0.0,PARTIAL_RENORMALIZED
pol_0671,0.0,0.1021,0.0365,0.0365,0.0,PARTIAL_RENORMALIZED
pol_0672,0.1571,0.148,0.1539,0.1539,0.0,PARTIAL_RENORMALIZED
pol_0673,0.2058,0.0867,0.1633,0.1633,0.0,PARTIAL_RENORMALIZED
pol_0674,0.3381,0.0658,0.2409,0.2409,0.0,PARTIAL_RENORMALIZED
pol_0675,0.3473,0.137,0.2722,0.2722,0.0,PARTIAL_RENORMALIZED
pol_0676,0.9,0.215,0.6554,0.6554,0.0,PARTIAL_RENORMALIZED
pol_0677,0.3083,0.0737,0.2245,0.2245,0.0,PARTIAL_RENORMALIZED
pol_0678,0.4927,0.0772,0.3443,0.3443,0.0,PARTIAL_RENORMALIZED
pol_0679,0.0,0.0978,0.0349,0.0349,0.0,PARTIAL_RENORMALIZED
pol_0680,0.1036,0.1862,0.1331,0.1331,0.0,PARTIAL_RENORMALIZED
pol_0681,0.3797,0.061,0.2659,0.2659,0.0,PARTIAL_RENORMALIZED
pol_0682,0.4382,0.089,0.3135,0.3135,0.0,PARTIAL_RENORMALIZED
pol_0683,0.0,0.1481,0.0529,0.0529,0.0,PARTIAL_RENORMALIZED
pol_0684,0.4997,0.2068,0.3951,0.3951,0.0,PARTIAL_RENORMALIZED
pol_0685,0.4303,0.1926,0.3454,0.3454,0.0,PARTIAL_RENORMALIZED
pol_0686,0.4995,0.0814,0.3502,0.3502,0.0,PARTIAL_RENORMALIZED
pol_0687,0.0,0.1601,0.0572,0.0572,0.0,PARTIAL_RENORMALIZED
pol_0688,0.1214,0.4374,0.2342,0.2342,0.0,PARTIAL_RENORMALIZED
pol_0689,0.3917,0.2175,0.3295,0.3295,0.0,PARTIAL_RENORMALIZED
pol_0690,0.4958,0.0413,0.3335,0.3335,0.0,PARTIAL_RENORMALIZED
pol_0691,0.0,0.162,0.0579,0.0579,0.0,PARTIAL_RENORMALIZED
pol_0692,0.05,0.1245,0.0766,0.0766,0.0,PARTIAL_RENORMALIZED
pol_0693,0.4971,0.0732,0.3457,0.3457,0.0,PARTIAL_RENORMALIZED
pol_0694,0.7315,0.0844,0.5004,0.5004,0.0,PARTIAL_RENORMALIZED
pol_0695,0.4576,0.1307,0.3409,0.3409,0.0,PARTIAL_RENORMALIZED
pol_0696,0.0,0.3331,0.119,0.119,0.0,PARTIAL_RENORMALIZED
pol_0697,0.3424,0.0635,0.2428,0.2428,0.0,PARTIAL_RENORMALIZED
pol_0698,0.0,0.1547,0.0552,0.0552,0.0,PARTIAL_RENORMALIZED
pol_0699,0.0,0.1162,0.0415,0.0415,0.0,PARTIAL_RENORMALIZED
pol_0700,0.2335,0.2218,0.2293,0.2293,0.0,PARTIAL_RENORMALIZED
lit_0701,0.9,0.0789,0.6068,0.6068,0.0,PARTIAL_RENORMALIZED
lit_0702,0.0,0.0806,0.0288,0.0288,0.0,PARTIAL_RENORMALIZED
lit_0703,0.0,0.2411,0.0861,0.0861,0.0,PARTIAL_RENORMALIZED
lit_0704,0.9,0.1035,0.6156,0.6156,0.0,PARTIAL_RENORMALIZED
lit_0705,0.0032,0.1044,0.0393,0.0393,0.0,PARTIAL_RENORMALIZED
lit_0706,0.0024,0.2414,0.0877,0.0877,0.0,PARTIAL_RENORMALIZED
lit_0707,0.0,0.0936,0.0334,0.0334,0.0,PARTIAL_RENORMALIZED
lit_0708,0.012,0.073,0.0338,0.0338,0.0,PARTIAL_RENORMALIZED
lit_0709,0.0031,0.0477,0.019,0.019,0.0,PARTIAL_RENORMALIZED
lit_0710,0.0,0.0581,0.0207,0.0207,0.0,PARTIAL_RENORMALIZED
lit_0711,0.9843,0.0747,0.6595,0.6595,0.0,PARTIAL_RENORMALIZED
lit_0712,0.012,0.0955,0.0418,0.0418,0.0,PARTIAL_RENORMALIZED
lit_0713,0.0032,0.0727,0.028,0.028,0.0,PARTIAL_RENORMALIZED
lit_0714,0.0043,0.0467,0.0194,0.0194,0.0,PARTIAL_RENORMALIZED
lit_0715,0.0092,0.1103,0.0453,0.0453,0.0,PARTIAL_RENORMALIZED
lit_0716,0.006,0.039,0.0178,0.0178,0.0,PARTIAL_RENORMALIZED
lit_0717,0.9,0.1156,0.6199,0.6199,0.0,PARTIAL_RENORMALIZED
lit_0718,0.0049,0.0491,0.0207,0.0207,0.0,PARTIAL_RENORMALIZED
lit_0719,0.0,0.117,0.0418,0.0418,0.0,PARTIAL_RENORMALIZED
lit_0720,0.5312,0.1505,0.3953,0.3953,0.0,PARTIAL_RENORMALIZED
lit_0721,0.252,0.1048,0.1994,0.1994,0.0,PARTIAL_RENORMALIZED
lit_0722,0.0069,0.2455,0.0921,0.0921,0.0,PARTIAL_RENORMALIZED
lit_0723,0.0711,0.1053,0.0833,0.0833,0.0,PARTIAL_RENORMALIZED
lit_0724,0.0089,0.1634,0.0641,0.0641,0.0,PARTIAL_RENORMALIZED
lit_0725,0.0032,0.0969,0.0367,0.0367,0.0,PARTIAL_RENORMALIZED
lit_0726,0.0024,0.0135,0.0064,0.0064,0.0,PARTIAL_RENORMALIZED
lit_0727,0.3259,0.0894,0.2414,0.2414,0.0,PARTIAL_RENORMALIZED
lit_0728,0.0044,0.0256,0.012,0.012,0.0,PARTIAL_RENORMALIZED
lit_0729,0.0032,0.0679,0.0263,0.0263,0.0,PARTIAL_RENORMALIZED
lit_0730,0.0024,0.0422,0.0166,0.0166,0.0,PARTIAL_RENORMALIZED
lit_0731,0.0816,0.1542,0.1075,0.1075,0.0,PARTIAL_RENORMALIZED
lit_0732,0.0027,0.0752,0.0286,0.0286,0.0,PARTIAL_RENORMALIZED
lit_0733,0.0031,0.0606,0.0236,0.0236,0.0,PARTIAL_RENORMALIZED
lit_0734,0.5001,0.1189,0.364,0.364,0.0,PARTIAL_RENORMALIZED
lit_0735,0.3571,0.0573,0.25,0.25,0.0,PARTIAL_RENORMALIZED
lit_0736,0.0,0.0797,0.0285,0.0285,0.0,PARTIAL_RENORMALIZED
lit_0737,0.0032,0.0656,0.0255,0.0255,0.0,PARTIAL_RENORMALIZED
lit_0738,0.7185,0.5697,0.6654,0.6654,0.0,PARTIAL_RENORMALIZED
lit_0739,0.3019,0.1272,0.2395,0.2395,0.0,PARTIAL_RENORMALIZED
lit_0740,0.0878,0.0689,0.0811,0.0811,0.0,PARTIAL_RENORMALIZED
lit_0741,0.0031,0.0031,0.0031,0.0031,0.0,PARTIAL_RENORMALIZED
lit_0742,0.0024,0.0144,0.0067,0.0067,0.0,PARTIAL_RENORMALIZED
lit_0743,0.0037,0.0951,0.0363,0.0363,0.0,PARTIAL_RENORMALIZED
lit_0744,0.0089,0.0326,0.0174,0.0174,0.0,PARTIAL_RENORMALIZED
lit_0745,0.0031,0.0722,0.0278,0.0278,0.0,PARTIAL_RENORMALIZED
lit_0746,0.0064,0.0384,0.0178,0.0178,0.0,PARTIAL_RENORMALIZED
lit_0747,0.2919,0.1223,0.2313,0.2313,0.0,PARTIAL_RENORMALIZED
lit_0748,0.006,0.0336,0.0159,0.0159,0.0,PARTIAL_RENORMALIZED
lit_0749,0.0031,0.0001,0.002,0.002,0.0,PARTIAL_RENORMALIZED
lit_0750,0.0024,0.0279,0.0115,0.0115,0.0,PARTIAL_RENORMALIZED
