sample_id,domain,ground_truth,p1_available,p2_available,p3_available,fusion_mode,p1_score,p2_score,p3_score,predicted_h_score
gen_0001,General Knowledge,0,True,False,True,PARTIAL_RENORMALIZED,0.0024,,0.0051,0.0034
gen_0002,General Knowledge,1,True,False,True,PARTIAL_RENORMALIZED,0.05,,0.017,0.0382
gen_0003,General Knowledge,0,True,False,True,PARTIAL_RENORMALIZED,0.4915,,0.0565,0.3362
gen_0004,General Knowledge,1,True,False,True,PARTIAL_RENORMALIZED,1.0,,0.4961,0.8201
gen_0005,General Knowledge,0,True,False,True,PARTIAL_RENORMALIZED,0.0024,,0.0001,0.0016
gen_0006,General Knowledge,1,True,False,True,PARTIAL_RENORMALIZED,0.5236,,0.0575,0.3572
gen_0007,General Knowledge,0,True,False,True,PARTIAL_RENORMALIZED,0.1125,,0.0523,0.091
gen_0008,General Knowledge,1,True,False,True,PARTIAL_RENORMALIZED,0.5008,,0.2696,0.4182
gen_0009,General Knowledge,0,True,False,True,PARTIAL_RENORMALIZED,0.0027,,0.0101,0.0053
gen_0010,General Knowledge,1,True,False,True,PARTIAL_RENORMALIZED,0.3357,,0.0576,0.2364
gen_0011,General Knowledge,0,True,False,True,PARTIAL_RENORMALIZED,0.0746,,0.2352,0.132
gen_0012,General Knowledge,1,True,False,True,PARTIAL_RENORMALIZED,0.7434,,0.387,0.6161
gen_0013,General Knowledge,0,True,False,True,PARTIAL_RENORMALIZED,0.0027,,0.0151,0.0071
gen_0014,General Knowledge,1,True,False,True,PARTIAL_RENORMALIZED,0.05,,0.02,0.0393
gen_0015,General Knowledge,0,True,False,True,PARTIAL_RENORMALIZED,0.4856,,0.0716,0.3378
gen_0016,General Knowledge,1,True,False,True,PARTIAL_RENORMALIZED,0.7578,,0.4737,0.6563
gen_0017,General Knowledge,0,True,False,True,PARTIAL_RENORMALIZED,0.0024,,0.0001,0.0016
gen_0018,General Knowledge,1,True,False,True,PARTIAL_RENORMALIZED,0.3654,,0.0968,0.2695
gen_0019,General Knowledge,0,True,False,True,PARTIAL_RENORMALIZED,0.402,,0.0869,0.2895
gen_0020,General Knowledge,1,True,False,True,PARTIAL_RENORMALIZED,1.0,,0.503,0.8225
gen_0021,General Knowledge,0,True,False,True,PARTIAL_RENORMALIZED,0.0024,,0.0051,0.0034
gen_0022,General Knowledge,1,True,False,True,PARTIAL_RENORMALIZED,0.05,,0.0002,0.0322
gen_0023,General Knowledge,0,True,False,True,PARTIAL_RENORMALIZED,0.005,,0.1048,0.0406
gen_0024,General Knowledge,1,True,False,True,PARTIAL_RENORMALIZED,0.0046,,0.3573,0.1305
gen_0025,General Knowledge,0,True,False,True,PARTIAL_RENORMALIZED,0.0024,,0.0001,0.0016
gen_0026,General Knowledge,1,True,False,True,PARTIAL_RENORMALIZED,0.0339,,0.0466,0.0384
gen_0027,General Knowledge,0,True,False,True,PARTIAL_RENORMALIZED,0.1403,,0.0923,0.1232
gen_0028,General Knowledge,1,True,False,True,PARTIAL_RENORMALIZED,0.7464,,0.4691,0.6474
gen_0029,General Knowledge,0,True,False,True,PARTIAL_RENORMALIZED,0.0024,,0.0051,0.0034
gen_0030,General Knowledge,1,True,False,True,PARTIAL_RENORMALIZED,0.05,,0.0216,0.0399
gen_0031,General Knowledge,0,True,False,True,PARTIAL_RENORMALIZED,0.1577,,0.06,0.1228
gen_0032,General Knowledge,1,True,False,True,PARTIAL_RENORMALIZED,1.0,,0.3601,0.7715
gen_0033,General Knowledge,0,True,False,True,PARTIAL_RENORMALIZED,0.0024,,0.0001,0.0016
gen_0034,General Knowledge,1,True,False,True,PARTIAL_RENORMALIZED,0.05,,0.0295,0.0427
gen_0035,General Knowledge,0,True,False,True,PARTIAL_RENORMALIZED,0.2038,,0.069,0.1557
gen_0036,General Knowledge,1,True,False,True,PARTIAL_RENORMALIZED,1.0,,0.3733,0.7762
gen_0037,General Knowledge,0,True,False,True,PARTIAL_RENORMALIZED,0.0024,,0.0001,0.0016
gen_0038,General Knowledge,1,True,False,True,PARTIAL_RENORMALIZED,0.05,,0.0002,0.0322
gen_0039,General Knowledge,0,True,False,True,PARTIAL_RENORMALIZED,0.5606,,0.0278,0.3703
gen_0040,General Knowledge,1,True,False,True,PARTIAL_RENORMALIZED,0.7019,,0.4707,0.6193
gen_0041,General Knowledge,0,True,False,True,PARTIAL_RENORMALIZED,0.0024,,0.0051,0.0034
gen_0042,General Knowledge,1,True,False,True,PARTIAL_RENORMALIZED,0.05,,0.0353,0.0448
gen_0043,General Knowledge,0,True,False,True,PARTIAL_RENORMALIZED,0.5113,,0.0537,0.3479
gen_0044,General Knowledge,1,True,False,True,PARTIAL_RENORMALIZED,0.6596,,0.3273,0.5409
gen_0045,General Knowledge,0,True,False,True,PARTIAL_RENORMALIZED,0.0027,,0.0151,0.0071
gen_0046,General Knowledge,1,True,False,True,PARTIAL_RENORMALIZED,0.1,,0.0751,0.0911
gen_0047,General Knowledge,0,True,False,True,PARTIAL_RENORMALIZED,0.1056,,0.0845,0.0981
gen_0048,General Knowledge,1,True,False,True,PARTIAL_RENORMALIZED,1.0,,0.2239,0.7229
gen_0049,General Knowledge,0,True,False,True,PARTIAL_RENORMALIZED,0.0024,,0.0001,0.0016
gen_0050,General Knowledge,1,True,False,True,PARTIAL_RENORMALIZED,0.05,,0.0402,0.0465
med_0051,Medicine,0,True,False,True,PARTIAL_RENORMALIZED,0.379,,0.0718,0.2693
med_0052,Medicine,1,True,False,True,PARTIAL_RENORMALIZED,0.0,,0.098,0.035
med_0053,Medicine,0,True,False,True,PARTIAL_RENORMALIZED,0.0,,0.0858,0.0306
med_0054,Medicine,1,True,False,True,PARTIAL_RENORMALIZED,0.0,,0.1682,0.0601
med_0055,Medicine,0,True,False,True,PARTIAL_RENORMALIZED,0.4961,,0.0729,0.345
med_0056,Medicine,1,True,False,True,PARTIAL_RENORMALIZED,0.0,,0.1337,0.0477
med_0057,Medicine,0,True,False,True,PARTIAL_RENORMALIZED,0.4045,,0.1235,0.3042
med_0058,Medicine,1,True,False,True,PARTIAL_RENORMALIZED,1.0,,0.0568,0.6632
med_0059,Medicine,0,True,False,True,PARTIAL_RENORMALIZED,0.5002,,0.1115,0.3614
med_0060,Medicine,1,True,False,True,PARTIAL_RENORMALIZED,0.0,,0.1085,0.0387
med_0061,Medicine,0,True,False,True,PARTIAL_RENORMALIZED,0.4121,,0.1438,0.3163
med_0062,Medicine,1,True,False,True,PARTIAL_RENORMALIZED,0.0,,0.0541,0.0193
med_0063,Medicine,0,True,False,True,PARTIAL_RENORMALIZED,0.4678,,0.1977,0.3713
med_0064,Medicine,1,True,False,True,PARTIAL_RENORMALIZED,0.0,,0.0889,0.0317
med_0065,Medicine,0,True,False,True,PARTIAL_RENORMALIZED,0.3492,,0.1303,0.271
med_0066,Medicine,1,True,False,True,PARTIAL_RENORMALIZED,1.0,,0.1928,0.7117
med_0067,Medicine,0,True,False,True,PARTIAL_RENORMALIZED,0.5002,,0.0696,0.3464
med_0068,Medicine,1,True,False,True,PARTIAL_RENORMALIZED,0.0,,0.0951,0.034
med_0069,Medicine,0,True,False,True,PARTIAL_RENORMALIZED,0.0433,,0.0704,0.053
med_0070,Medicine,1,True,False,True,PARTIAL_RENORMALIZED,0.0,,0.1625,0.058
med_0071,Medicine,0,True,False,True,PARTIAL_RENORMALIZED,0.6807,,0.3453,0.5609
med_0072,Medicine,1,True,False,True,PARTIAL_RENORMALIZED,0.4998,,0.226,0.402
med_0073,Medicine,0,True,False,True,PARTIAL_RENORMALIZED,0.0,,0.0974,0.0348
med_0074,Medicine,1,True,False,True,PARTIAL_RENORMALIZED,0.0,,0.049,0.0175
med_0075,Medicine,0,True,False,True,PARTIAL_RENORMALIZED,0.4701,,0.0844,0.3324
med_0076,Medicine,1,True,False,True,PARTIAL_RENORMALIZED,0.0,,0.0967,0.0345
med_0077,Medicine,0,True,False,True,PARTIAL_RENORMALIZED,0.4026,,0.072,0.2845
med_0078,Medicine,1,True,False,True,PARTIAL_RENORMALIZED,1.0,,0.0276,0.6528
med_0079,Medicine,0,True,False,True,PARTIAL_RENORMALIZED,0.5003,,0.1268,0.3669
med_0080,Medicine,1,True,False,True,PARTIAL_RENORMALIZED,0.0,,0.0853,0.0305
med_0081,Medicine,0,True,False,True,PARTIAL_RENORMALIZED,0.4997,,0.0931,0.3545
med_0082,Medicine,1,True,False,True,PARTIAL_RENORMALIZED,1.0,,0.0678,0.6671
med_0083,Medicine,0,True,False,True,PARTIAL_RENORMALIZED,0.5516,,0.0992,0.39
med_0084,Medicine,1,True,False,True,PARTIAL_RENORMALIZED,0.0,,0.0778,0.0278
med_0085,Medicine,0,True,False,True,PARTIAL_RENORMALIZED,0.5033,,0.1036,0.3606
med_0086,Medicine,1,True,False,True,PARTIAL_RENORMALIZED,1.0,,0.0459,0.6593
med_0087,Medicine,0,True,False,True,PARTIAL_RENORMALIZED,0.3745,,0.1057,0.2785
med_0088,Medicine,1,True,False,True,PARTIAL_RENORMALIZED,0.0,,0.1145,0.0409
med_0089,Medicine,0,True,False,True,PARTIAL_RENORMALIZED,0.5003,,0.1674,0.3814
med_0090,Medicine,1,True,False,True,PARTIAL_RENORMALIZED,0.0,,0.1417,0.0506
med_0091,Medicine,0,True,False,True,PARTIAL_RENORMALIZED,0.1603,,0.1329,0.1505
med_0092,Medicine,1,True,False,True,PARTIAL_RENORMALIZED,0.0,,0.3165,0.113
med_0093,Medicine,0,True,False,True,PARTIAL_RENORMALIZED,0.4998,,0.1239,0.3656
med_0094,Medicine,1,True,False,True,PARTIAL_RENORMALIZED,0.0,,0.3136,0.112
med_0095,Medicine,0,True,False,True,PARTIAL_RENORMALIZED,0.295,,0.1442,0.2411
med_0096,Medicine,1,True,False,True,PARTIAL_RENORMALIZED,0.0,,0.0864,0.0309
med_0097,Medicine,0,True,False,True,PARTIAL_RENORMALIZED,0.0,,0.1126,0.0402
med_0098,Medicine,1,True,False,True,PARTIAL_RENORMALIZED,0.0,,0.0404,0.0144
med_0099,Medicine,0,True,False,True,PARTIAL_RENORMALIZED,0.4986,,0.105,0.358
med_0100,Medicine,1,True,False,True,PARTIAL_RENORMALIZED,0.0,,0.1128,0.0403
law_0101,Law,0,True,False,True,PARTIAL_RENORMALIZED,0.0,,0.0904,0.0323
law_0102,Law,1,True,False,True,PARTIAL_RENORMALIZED,0.5005,,0.1609,0.3792
law_0103,Law,0,True,False,True,PARTIAL_RENORMALIZED,0.337,,0.0701,0.2417
law_0104,Law,1,True,False,True,PARTIAL_RENORMALIZED,0.6633,,0.2709,0.5232
law_0105,Law,0,True,False,True,PARTIAL_RENORMALIZED,0.0,,0.1035,0.037
law_0106,Law,1,True,False,True,PARTIAL_RENORMALIZED,0.5005,,0.2091,0.3964
law_0107,Law,0,True,False,True,PARTIAL_RENORMALIZED,0.4991,,0.1822,0.3859
law_0108,Law,1,True,False,True,PARTIAL_RENORMALIZED,0.0,,0.0556,0.0199
law_0109,Law,0,True,False,True,PARTIAL_RENORMALIZED,0.0,,0.212,0.0757
law_0110,Law,1,True,False,True,PARTIAL_RENORMALIZED,0.4996,,0.2789,0.4208
law_0111,Law,0,True,False,True,PARTIAL_RENORMALIZED,0.4416,,0.0781,0.3118
law_0112,Law,1,True,False,True,PARTIAL_RENORMALIZED,0.5372,,0.1987,0.4163
law_0113,Law,0,True,False,True,PARTIAL_RENORMALIZED,0.3966,,0.1945,0.3244
law_0114,Law,1,True,False,True,PARTIAL_RENORMALIZED,0.0,,0.1741,0.0622
law_0115,Law,0,True,False,True,PARTIAL_RENORMALIZED,0.0,,0.1028,0.0367
law_0116,Law,1,True,False,True,PARTIAL_RENORMALIZED,0.3113,,0.1469,0.2526
law_0117,Law,0,True,False,True,PARTIAL_RENORMALIZED,0.7916,,0.1094,0.548
law_0118,Law,1,True,False,True,PARTIAL_RENORMALIZED,0.5009,,0.3759,0.4563
law_0119,Law,0,True,False,True,PARTIAL_RENORMALIZED,0.5001,,0.0723,0.3473
law_0120,Law,1,True,False,True,PARTIAL_RENORMALIZED,0.0,,0.0663,0.0237
law_0121,Law,0,True,False,True,PARTIAL_RENORMALIZED,0.45,,0.1042,0.3265
law_0122,Law,1,True,False,True,PARTIAL_RENORMALIZED,0.4996,,0.2528,0.4115
law_0123,Law,0,True,False,True,PARTIAL_RENORMALIZED,0.4429,,0.0661,0.3083
law_0124,Law,1,True,False,True,PARTIAL_RENORMALIZED,0.0,,0.0607,0.0217
law_0125,Law,0,True,False,True,PARTIAL_RENORMALIZED,0.0,,0.1015,0.0362
law_0126,Law,1,True,False,True,PARTIAL_RENORMALIZED,0.5014,,0.2875,0.425
law_0127,Law,0,True,False,True,PARTIAL_RENORMALIZED,0.3518,,0.187,0.2929
law_0128,Law,1,True,False,True,PARTIAL_RENORMALIZED,0.0,,0.0453,0.0162
law_0129,Law,0,True,False,True,PARTIAL_RENORMALIZED,0.0,,0.0683,0.0244
law_0130,Law,1,True,False,True,PARTIAL_RENORMALIZED,0.4997,,0.242,0.4077
law_0131,Law,0,True,False,True,PARTIAL_RENORMALIZED,0.0,,0.0954,0.0341
law_0132,Law,1,True,False,True,PARTIAL_RENORMALIZED,0.0,,0.152,0.0543
law_0133,Law,0,True,False,True,PARTIAL_RENORMALIZED,0.0,,0.3029,0.1082
law_0134,Law,1,True,False,True,PARTIAL_RENORMALIZED,0.0,,0.2572,0.0918
law_0135,Law,0,True,False,True,PARTIAL_RENORMALIZED,0.0,,0.0873,0.0312
law_0136,Law,1,True,False,True,PARTIAL_RENORMALIZED,0.0,,0.0393,0.014
law_0137,Law,0,True,False,True,PARTIAL_RENORMALIZED,0.0,,0.1746,0.0623
law_0138,Law,1,True,False,True,PARTIAL_RENORMALIZED,0.349,,0.2425,0.311
law_0139,Law,0,True,False,True,PARTIAL_RENORMALIZED,0.3762,,0.0678,0.2661
law_0140,Law,1,True,False,True,PARTIAL_RENORMALIZED,0.1519,,0.158,0.1541
law_0141,Law,0,True,False,True,PARTIAL_RENORMALIZED,0.7496,,0.1021,0.5184
law_0142,Law,1,True,False,True,PARTIAL_RENORMALIZED,0.0,,0.4444,0.1587
law_0143,Law,0,True,False,True,PARTIAL_RENORMALIZED,0.0,,0.0637,0.0227
law_0144,Law,1,True,False,True,PARTIAL_RENORMALIZED,0.0,,0.0586,0.0209
law_0145,Law,0,True,False,True,PARTIAL_RENORMALIZED,0.3896,,0.0757,0.2775
law_0146,Law,1,True,False,True,PARTIAL_RENORMALIZED,0.3521,,0.1812,0.2911
law_0147,Law,0,True,False,True,PARTIAL_RENORMALIZED,0.0,,0.1878,0.0671
law_0148,Law,1,True,False,True,PARTIAL_RENORMALIZED,0.0,,0.2639,0.0942
law_0149,Law,0,True,False,True,PARTIAL_RENORMALIZED,0.4587,,0.1771,0.3581
law_0150,Law,1,True,False,True,PARTIAL_RENORMALIZED,0.4908,,0.2099,0.3905
fin_0151,Finance,0,True,False,True,PARTIAL_RENORMALIZED,0.4943,,0.0587,0.3387
fin_0152,Finance,1,True,False,True,PARTIAL_RENORMALIZED,0.4993,,0.1007,0.357
fin_0153,Finance,0,True,False,True,PARTIAL_RENORMALIZED,0.0,,0.0834,0.0298
fin_0154,Finance,1,True,False,True,PARTIAL_RENORMALIZED,0.0,,0.1749,0.0625
fin_0155,Finance,0,True,False,True,PARTIAL_RENORMALIZED,0.4967,,0.0515,0.3377
fin_0156,Finance,1,True,False,True,PARTIAL_RENORMALIZED,0.4988,,0.0692,0.3454
fin_0157,Finance,0,True,False,False,PARTIAL_RENORMALIZED,0.4834,,,0.4834
fin_0158,Finance,1,True,False,True,PARTIAL_RENORMALIZED,0.0,,0.1093,0.039
fin_0159,Finance,0,True,False,True,PARTIAL_RENORMALIZED,0.4973,,0.1656,0.3788
fin_0160,Finance,1,True,False,True,PARTIAL_RENORMALIZED,0.4187,,0.3136,0.3812
fin_0161,Finance,0,True,False,True,PARTIAL_RENORMALIZED,0.0,,0.0833,0.0297
fin_0162,Finance,1,True,False,True,PARTIAL_RENORMALIZED,0.0,,0.1168,0.0417
fin_0163,Finance,0,True,False,True,PARTIAL_RENORMALIZED,0.3714,,0.0858,0.2694
fin_0164,Finance,1,True,False,True,PARTIAL_RENORMALIZED,0.5559,,0.4391,0.5142
fin_0165,Finance,0,True,False,False,PARTIAL_RENORMALIZED,0.0,,,0.0
fin_0166,Finance,1,True,False,True,PARTIAL_RENORMALIZED,0.0,,0.1303,0.0465
fin_0167,Finance,0,True,False,True,PARTIAL_RENORMALIZED,0.4583,,0.1721,0.3561
fin_0168,Finance,1,True,False,True,PARTIAL_RENORMALIZED,0.4998,,0.063,0.3438
fin_0169,Finance,0,True,False,True,PARTIAL_RENORMALIZED,0.0,,0.0828,0.0296
fin_0170,Finance,1,True,False,True,PARTIAL_RENORMALIZED,0.0,,0.1224,0.0437
fin_0171,Finance,0,True,False,True,PARTIAL_RENORMALIZED,0.0,,0.0791,0.0282
fin_0172,Finance,1,True,False,True,PARTIAL_RENORMALIZED,0.4997,,0.1021,0.3577
fin_0173,Finance,0,True,False,False,PARTIAL_RENORMALIZED,0.4744,,,0.4744
fin_0174,Finance,1,True,False,True,PARTIAL_RENORMALIZED,0.0,,0.0994,0.0355
fin_0175,Finance,0,True,False,True,PARTIAL_RENORMALIZED,0.4418,,0.0788,0.3122
fin_0176,Finance,1,True,False,True,PARTIAL_RENORMALIZED,0.0,,0.3004,0.1073
fin_0177,Finance,0,True,False,False,PARTIAL_RENORMALIZED,0.0,,,0.0
fin_0178,Finance,1,True,False,True,PARTIAL_RENORMALIZED,0.0,,0.1087,0.0388
fin_0179,Finance,0,True,False,True,PARTIAL_RENORMALIZED,0.3306,,0.0819,0.2418
fin_0180,Finance,1,True,False,True,PARTIAL_RENORMALIZED,0.4998,,0.3092,0.4317
fin_0181,Finance,0,True,False,False,PARTIAL_RENORMALIZED,0.4606,,,0.4606
fin_0182,Finance,1,True,False,True,PARTIAL_RENORMALIZED,0.0,,0.0736,0.0263
fin_0183,Finance,0,True,False,True,PARTIAL_RENORMALIZED,0.0,,0.0753,0.0269
fin_0184,Finance,1,True,False,True,PARTIAL_RENORMALIZED,0.5,,0.0715,0.347
fin_0185,Finance,0,True,False,True,PARTIAL_RENORMALIZED,0.0,,0.042,0.015
fin_0186,Finance,1,True,False,True,PARTIAL_RENORMALIZED,0.0,,0.0999,0.0357
fin_0187,Finance,0,True,False,True,PARTIAL_RENORMALIZED,0.4957,,0.0682,0.343
fin_0188,Finance,1,True,False,True,PARTIAL_RENORMALIZED,0.4971,,0.0923,0.3525
fin_0189,Finance,0,True,False,True,PARTIAL_RENORMALIZED,0.0,,0.0683,0.0244
fin_0190,Finance,1,True,False,True,PARTIAL_RENORMALIZED,0.0,,0.1344,0.048
fin_0191,Finance,0,True,False,True,PARTIAL_RENORMALIZED,0.3356,,0.154,0.2708
fin_0192,Finance,1,True,False,True,PARTIAL_RENORMALIZED,0.0,,0.1098,0.0392
fin_0193,Finance,0,True,False,True,PARTIAL_RENORMALIZED,0.0,,0.0509,0.0182
fin_0194,Finance,1,True,False,True,PARTIAL_RENORMALIZED,0.0,,0.0946,0.0338
fin_0195,Finance,0,True,False,True,PARTIAL_RENORMALIZED,0.4897,,0.1028,0.3515
fin_0196,Finance,1,True,False,True,PARTIAL_RENORMALIZED,0.4664,,0.0532,0.3188
fin_0197,Finance,0,True,False,True,PARTIAL_RENORMALIZED,0.0,,0.0592,0.0211
fin_0198,Finance,1,True,False,True,PARTIAL_RENORMALIZED,0.4058,,0.1148,0.3019
fin_0199,Finance,0,True,False,True,PARTIAL_RENORMALIZED,0.0,,0.0282,0.0101
fin_0200,Finance,1,True,False,True,PARTIAL_RENORMALIZED,0.4989,,0.0873,0.3519
his_0201,History,0,True,False,True,PARTIAL_RENORMALIZED,0.1333,,0.0003,0.0858
his_0202,History,1,True,False,True,PARTIAL_RENORMALIZED,0.5018,,0.6486,0.5542
his_0203,History,0,True,False,True,PARTIAL_RENORMALIZED,0.9996,,0.2127,0.7186
his_0204,History,1,True,False,True,PARTIAL_RENORMALIZED,0.006,,0.0498,0.0216
his_0205,History,0,True,False,True,PARTIAL_RENORMALIZED,0.0147,,0.411,0.1562
his_0206,History,1,True,False,True,PARTIAL_RENORMALIZED,0.338,,0.2489,0.3062
his_0207,History,0,True,False,True,PARTIAL_RENORMALIZED,0.9985,,0.3937,0.7825
his_0208,History,1,True,False,True,PARTIAL_RENORMALIZED,0.9,,0.0363,0.5916
his_0209,History,0,True,False,True,PARTIAL_RENORMALIZED,0.1594,,0.4561,0.2654
his_0210,History,1,True,False,True,PARTIAL_RENORMALIZED,0.5032,,0.6069,0.5402
his_0211,History,0,True,False,True,PARTIAL_RENORMALIZED,0.891,,0.3164,0.6858
his_0212,History,1,True,False,True,PARTIAL_RENORMALIZED,0.0036,,0.0806,0.0311
his_0213,History,0,True,False,True,PARTIAL_RENORMALIZED,0.1333,,0.0474,0.1026
his_0214,History,1,True,False,True,PARTIAL_RENORMALIZED,0.0,,0.5903,0.2108
his_0215,History,0,True,False,True,PARTIAL_RENORMALIZED,0.9457,,0.1979,0.6787
his_0216,History,1,True,False,True,PARTIAL_RENORMALIZED,0.0148,,0.0652,0.0328
his_0217,History,0,True,False,True,PARTIAL_RENORMALIZED,0.1333,,0.0003,0.0858
his_0218,History,1,True,False,True,PARTIAL_RENORMALIZED,0.3378,,0.1091,0.2561
his_0219,History,0,True,False,True,PARTIAL_RENORMALIZED,0.1125,,0.4355,0.2278
his_0220,History,1,True,False,True,PARTIAL_RENORMALIZED,0.9,,0.0562,0.5987
his_0221,History,0,True,False,True,PARTIAL_RENORMALIZED,0.1333,,0.0003,0.0858
his_0222,History,1,True,False,True,PARTIAL_RENORMALIZED,0.1611,,0.1059,0.1414
his_0223,History,0,True,False,True,PARTIAL_RENORMALIZED,0.999,,0.504,0.8222
his_0224,History,1,True,False,True,PARTIAL_RENORMALIZED,0.5155,,0.0889,0.3632
his_0225,History,0,True,False,True,PARTIAL_RENORMALIZED,0.303,,0.084,0.2248
his_0226,History,1,True,False,True,PARTIAL_RENORMALIZED,0.175,,0.2542,0.2033
his_0227,History,0,True,False,True,PARTIAL_RENORMALIZED,0.0917,,0.2817,0.1595
his_0228,History,1,True,False,True,PARTIAL_RENORMALIZED,0.006,,0.036,0.0167
his_0229,History,0,True,False,True,PARTIAL_RENORMALIZED,0.1125,,0.0179,0.0787
his_0230,History,1,True,False,True,PARTIAL_RENORMALIZED,0.0,,0.112,0.04
his_0231,History,0,True,False,True,PARTIAL_RENORMALIZED,0.5,,0.4139,0.4693
his_0232,History,1,True,False,True,PARTIAL_RENORMALIZED,0.0058,,0.0656,0.0272
his_0233,History,0,True,False,True,PARTIAL_RENORMALIZED,0.1333,,0.0564,0.1058
his_0234,History,1,True,False,True,PARTIAL_RENORMALIZED,0.3091,,0.2061,0.2723
his_0235,History,0,True,False,True,PARTIAL_RENORMALIZED,0.05,,0.0809,0.061
his_0236,History,1,True,False,True,PARTIAL_RENORMALIZED,0.006,,0.0336,0.0159
his_0237,History,0,True,False,True,PARTIAL_RENORMALIZED,0.9916,,0.1928,0.7063
his_0238,History,1,True,False,True,PARTIAL_RENORMALIZED,0.0,,0.603,0.2153
his_0239,History,0,True,False,True,PARTIAL_RENORMALIZED,0.1333,,0.0767,0.1131
his_0240,History,1,True,False,True,PARTIAL_RENORMALIZED,0.9,,0.0511,0.5969
his_0241,History,0,True,False,True,PARTIAL_RENORMALIZED,0.0759,,0.4122,0.196
his_0242,History,1,True,False,True,PARTIAL_RENORMALIZED,0.1027,,0.8325,0.3633
his_0243,History,0,True,False,True,PARTIAL_RENORMALIZED,0.1125,,0.0694,0.0971
his_0244,History,1,True,False,True,PARTIAL_RENORMALIZED,0.3354,,0.0878,0.247
his_0245,History,0,True,False,True,PARTIAL_RENORMALIZED,0.0813,,0.1329,0.0997
his_0246,History,1,True,False,True,PARTIAL_RENORMALIZED,0.5442,,0.2888,0.453
his_0247,History,0,True,False,True,PARTIAL_RENORMALIZED,0.7498,,0.0802,0.5107
his_0248,History,1,True,False,True,PARTIAL_RENORMALIZED,0.0,,0.066,0.0236
his_0249,History,0,True,False,True,PARTIAL_RENORMALIZED,0.9994,,0.0834,0.6723
his_0250,History,1,True,False,True,PARTIAL_RENORMALIZED,0.5775,,0.2141,0.4477
sci_0251,Science,0,True,False,True,PARTIAL_RENORMALIZED,0.8339,,0.3243,0.6519
sci_0252,Science,1,True,False,True,PARTIAL_RENORMALIZED,1.0,,0.1795,0.707
sci_0253,Science,0,True,False,True,PARTIAL_RENORMALIZED,0.1242,,0.0697,0.1047
sci_0254,Science,1,True,False,True,PARTIAL_RENORMALIZED,0.5,,0.0389,0.3353
sci_0255,Science,0,True,False,True,PARTIAL_RENORMALIZED,0.9542,,0.1952,0.6832
sci_0256,Science,1,True,False,True,PARTIAL_RENORMALIZED,0.4838,,0.422,0.4617
sci_0257,Science,0,True,False,True,PARTIAL_RENORMALIZED,0.3041,,0.0839,0.2255
sci_0258,Science,1,True,False,True,PARTIAL_RENORMALIZED,0.9142,,0.0429,0.6031
sci_0259,Science,0,True,False,True,PARTIAL_RENORMALIZED,0.5007,,0.1865,0.3885
sci_0260,Science,1,True,False,True,PARTIAL_RENORMALIZED,1.0,,0.0388,0.6568
sci_0261,Science,0,True,False,True,PARTIAL_RENORMALIZED,0.1819,,0.0922,0.1499
sci_0262,Science,1,True,False,True,PARTIAL_RENORMALIZED,0.3366,,0.1307,0.2631
sci_0263,Science,0,True,False,True,PARTIAL_RENORMALIZED,0.5003,,0.3493,0.4464
sci_0264,Science,1,True,False,True,PARTIAL_RENORMALIZED,1.0,,0.4415,0.8006
sci_0265,Science,0,True,False,True,PARTIAL_RENORMALIZED,0.2676,,0.0533,0.1911
sci_0266,Science,1,True,False,True,PARTIAL_RENORMALIZED,0.0991,,0.0168,0.0697
sci_0267,Science,0,True,False,True,PARTIAL_RENORMALIZED,0.7385,,0.0596,0.4961
sci_0268,Science,1,True,False,True,PARTIAL_RENORMALIZED,1.0,,0.0876,0.6742
sci_0269,Science,0,True,False,True,PARTIAL_RENORMALIZED,0.3663,,0.0697,0.2604
sci_0270,Science,1,True,False,True,PARTIAL_RENORMALIZED,0.5112,,0.1848,0.3946
sci_0271,Science,0,True,False,True,PARTIAL_RENORMALIZED,0.0,,0.2525,0.0902
sci_0272,Science,1,True,False,True,PARTIAL_RENORMALIZED,1.0,,0.0786,0.671
sci_0273,Science,0,True,False,True,PARTIAL_RENORMALIZED,0.2453,,0.0519,0.1762
sci_0274,Science,1,True,False,True,PARTIAL_RENORMALIZED,0.25,,0.141,0.2111
sci_0275,Science,0,True,False,True,PARTIAL_RENORMALIZED,0.4601,,0.302,0.4036
sci_0276,Science,1,True,False,True,PARTIAL_RENORMALIZED,0.7971,,0.2776,0.6116
sci_0277,Science,0,True,False,True,PARTIAL_RENORMALIZED,0.2819,,0.057,0.2016
sci_0278,Science,1,True,False,True,PARTIAL_RENORMALIZED,0.5,,0.084,0.3514
sci_0279,Science,0,True,False,True,PARTIAL_RENORMALIZED,0.4999,,0.1616,0.3791
sci_0280,Science,1,True,False,True,PARTIAL_RENORMALIZED,1.0,,0.4742,0.8122
sci_0281,Science,0,True,False,True,PARTIAL_RENORMALIZED,0.3321,,0.0402,0.2279
sci_0282,Science,1,True,False,True,PARTIAL_RENORMALIZED,0.5,,0.0037,0.3228
sci_0283,Science,0,True,False,True,PARTIAL_RENORMALIZED,0.5774,,0.1856,0.4375
sci_0284,Science,1,True,False,True,PARTIAL_RENORMALIZED,1.0,,0.086,0.6736
sci_0285,Science,0,True,False,True,PARTIAL_RENORMALIZED,0.1946,,0.0698,0.15
sci_0286,Science,1,True,False,True,PARTIAL_RENORMALIZED,0.5,,0.0038,0.3228
sci_0287,Science,0,True,False,True,PARTIAL_RENORMALIZED,0.4999,,0.3093,0.4318
sci_0288,Science,1,True,False,True,PARTIAL_RENORMALIZED,1.0,,0.0874,0.6741
sci_0289,Science,0,True,False,True,PARTIAL_RENORMALIZED,0.4495,,0.0539,0.3082
sci_0290,Science,1,True,False,True,PARTIAL_RENORMALIZED,0.5,,0.0486,0.3388
sci_0291,Science,0,True,False,True,PARTIAL_RENORMALIZED,0.0395,,0.0412,0.0401
sci_0292,Science,1,True,False,True,PARTIAL_RENORMALIZED,0.0,,0.2149,0.0767
sci_0293,Science,0,True,False,True,PARTIAL_RENORMALIZED,0.2407,,0.0561,0.1748
sci_0294,Science,1,True,False,True,PARTIAL_RENORMALIZED,0.0744,,0.0022,0.0486
sci_0295,Science,0,True,False,True,PARTIAL_RENORMALIZED,0.7338,,0.3159,0.5846
sci_0296,Science,1,True,False,True,PARTIAL_RENORMALIZED,1.0,,0.1734,0.7048
sci_0297,Science,0,True,False,True,PARTIAL_RENORMALIZED,0.1117,,0.0636,0.0945
sci_0298,Science,1,True,False,True,PARTIAL_RENORMALIZED,0.5,,0.0067,0.3238
sci_0299,Science,0,True,False,True,PARTIAL_RENORMALIZED,0.4954,,0.3405,0.4401
sci_0300,Science,1,True,False,True,PARTIAL_RENORMALIZED,0.0,,0.3009,0.1075
com_0301,Computer Science,0,True,False,True,PARTIAL_RENORMALIZED,1.0,,0.0906,0.6753
com_0302,Computer Science,1,True,False,False,PARTIAL_RENORMALIZED,0.0,,,0.0
com_0303,Computer Science,0,True,False,True,PARTIAL_RENORMALIZED,0.0,,0.0999,0.0357
com_0304,Computer Science,1,True,False,True,PARTIAL_RENORMALIZED,0.0,,0.2053,0.0733
com_0305,Computer Science,0,True,False,True,PARTIAL_RENORMALIZED,0.0,,0.1505,0.0537
com_0306,Computer Science,1,True,False,False,PARTIAL_RENORMALIZED,0.0,,,0.0
com_0307,Computer Science,0,True,False,True,PARTIAL_RENORMALIZED,0.3915,,0.081,0.2806
com_0308,Computer Science,1,True,False,True,PARTIAL_RENORMALIZED,0.1558,,0.1148,0.1412
com_0309,Computer Science,0,True,False,True,PARTIAL_RENORMALIZED,0.0,,0.1647,0.0588
com_0310,Computer Science,1,True,False,False,PARTIAL_RENORMALIZED,0.0,,,0.0
com_0311,Computer Science,0,True,False,True,PARTIAL_RENORMALIZED,0.0,,0.1133,0.0405
com_0312,Computer Science,1,True,False,True,PARTIAL_RENORMALIZED,0.0,,0.3537,0.1263
com_0313,Computer Science,0,True,False,True,PARTIAL_RENORMALIZED,0.5,,0.1968,0.3917
com_0314,Computer Science,1,True,False,False,PARTIAL_RENORMALIZED,0.0,,,0.0
com_0315,Computer Science,0,True,False,True,PARTIAL_RENORMALIZED,0.0,,0.1344,0.048
com_0316,Computer Science,1,True,False,True,PARTIAL_RENORMALIZED,0.1396,,0.188,0.1569
com_0317,Computer Science,0,True,False,True,PARTIAL_RENORMALIZED,0.502,,0.0966,0.3572
com_0318,Computer Science,1,True,False,True,PARTIAL_RENORMALIZED,0.0,,0.1514,0.0541
com_0319,Computer Science,0,True,False,True,PARTIAL_RENORMALIZED,0.0,,0.1498,0.0535
com_0320,Computer Science,1,True,False,True,PARTIAL_RENORMALIZED,0.0,,0.452,0.1614
com_0321,Computer Science,0,True,False,True,PARTIAL_RENORMALIZED,1.0,,0.1273,0.6884
com_0322,Computer Science,1,True,False,False,PARTIAL_RENORMALIZED,0.0,,,0.0
com_0323,Computer Science,0,True,False,True,PARTIAL_RENORMALIZED,0.5256,,0.1381,0.3872
com_0324,Computer Science,1,True,False,True,PARTIAL_RENORMALIZED,0.4122,,0.2689,0.361
com_0325,Computer Science,0,True,False,True,PARTIAL_RENORMALIZED,0.4999,,0.1228,0.3652
com_0326,Computer Science,1,True,False,True,PARTIAL_RENORMALIZED,0.4927,,0.1457,0.3688
com_0327,Computer Science,0,True,False,True,PARTIAL_RENORMALIZED,0.0,,0.273,0.0975
com_0328,Computer Science,1,True,False,True,PARTIAL_RENORMALIZED,0.0,,0.4498,0.1606
com_0329,Computer Science,0,True,False,True,PARTIAL_RENORMALIZED,0.4999,,0.0711,0.3468
com_0330,Computer Science,1,True,False,True,PARTIAL_RENORMALIZED,0.0,,0.0654,0.0234
com_0331,Computer Science,0,True,False,True,PARTIAL_RENORMALIZED,0.6925,,0.0979,0.4802
com_0332,Computer Science,1,True,False,True,PARTIAL_RENORMALIZED,0.0,,0.4069,0.1453
com_0333,Computer Science,0,True,False,True,PARTIAL_RENORMALIZED,0.4999,,0.1102,0.3607
com_0334,Computer Science,1,True,False,False,PARTIAL_RENORMALIZED,0.0,,,0.0
com_0335,Computer Science,0,True,False,True,PARTIAL_RENORMALIZED,0.3829,,0.0724,0.272
com_0336,Computer Science,1,True,False,True,PARTIAL_RENORMALIZED,0.5758,,0.3923,0.5103
com_0337,Computer Science,0,True,False,True,PARTIAL_RENORMALIZED,1.0,,0.0374,0.6563
com_0338,Computer Science,1,True,False,False,PARTIAL_RENORMALIZED,0.0,,,0.0
com_0339,Computer Science,0,True,False,True,PARTIAL_RENORMALIZED,0.3359,,0.1118,0.2559
com_0340,Computer Science,1,True,False,True,PARTIAL_RENORMALIZED,0.0,,0.4507,0.1609
com_0341,Computer Science,0,True,False,True,PARTIAL_RENORMALIZED,0.0,,0.0858,0.0306
com_0342,Computer Science,1,True,False,True,PARTIAL_RENORMALIZED,0.0,,0.2724,0.0973
com_0343,Computer Science,0,True,False,True,PARTIAL_RENORMALIZED,0.32,,0.0568,0.226
com_0344,Computer Science,1,True,False,True,PARTIAL_RENORMALIZED,0.2865,,0.196,0.2542
com_0345,Computer Science,0,True,False,True,PARTIAL_RENORMALIZED,0.0,,0.1689,0.0603
com_0346,Computer Science,1,True,False,True,PARTIAL_RENORMALIZED,0.0,,0.2596,0.0927
com_0347,Computer Science,0,True,False,False,PARTIAL_RENORMALIZED,0.6071,,,0.6071
com_0348,Computer Science,1,True,False,True,PARTIAL_RENORMALIZED,0.0,,0.2224,0.0794
com_0349,Computer Science,0,True,False,True,PARTIAL_RENORMALIZED,0.3361,,0.0818,0.2453
com_0350,Computer Science,1,True,False,False,PARTIAL_RENORMALIZED,0.0,,,0.0
phy_0351,Physics,0,True,False,True,PARTIAL_RENORMALIZED,0.0,,0.1091,0.039
phy_0352,Physics,1,True,False,True,PARTIAL_RENORMALIZED,0.3593,,0.0931,0.2642
phy_0353,Physics,0,True,False,True,PARTIAL_RENORMALIZED,0.0,,0.142,0.0507
phy_0354,Physics,1,True,False,True,PARTIAL_RENORMALIZED,0.0,,0.1063,0.038
phy_0355,Physics,0,True,False,True,PARTIAL_RENORMALIZED,0.1235,,0.0653,0.1027
phy_0356,Physics,1,True,False,True,PARTIAL_RENORMALIZED,0.5747,,0.2255,0.45
phy_0357,Physics,0,True,False,True,PARTIAL_RENORMALIZED,0.0,,0.2975,0.1062
phy_0358,Physics,1,True,False,True,PARTIAL_RENORMALIZED,0.0,,0.117,0.0418
phy_0359,Physics,0,True,False,True,PARTIAL_RENORMALIZED,0.0,,0.1086,0.0388
phy_0360,Physics,1,True,False,True,PARTIAL_RENORMALIZED,0.0,,0.0795,0.0284
phy_0361,Physics,0,True,False,True,PARTIAL_RENORMALIZED,0.0,,0.3188,0.1138
phy_0362,Physics,1,True,False,True,PARTIAL_RENORMALIZED,0.4782,,0.0697,0.3323
phy_0363,Physics,0,True,False,True,PARTIAL_RENORMALIZED,0.0,,0.1334,0.0476
phy_0364,Physics,1,True,False,True,PARTIAL_RENORMALIZED,0.2674,,0.0656,0.1953
phy_0365,Physics,0,True,False,True,PARTIAL_RENORMALIZED,0.6512,,0.2119,0.4943
phy_0366,Physics,1,True,False,True,PARTIAL_RENORMALIZED,0.679,,0.259,0.529
phy_0367,Physics,0,True,False,True,PARTIAL_RENORMALIZED,0.0,,0.0996,0.0356
phy_0368,Physics,1,True,False,True,PARTIAL_RENORMALIZED,0.4181,,0.0443,0.2846
phy_0369,Physics,0,True,False,True,PARTIAL_RENORMALIZED,0.0,,0.1949,0.0696
phy_0370,Physics,1,True,False,True,PARTIAL_RENORMALIZED,0.0,,0.4462,0.1593
phy_0371,Physics,0,True,False,True,PARTIAL_RENORMALIZED,0.0,,0.0947,0.0338
phy_0372,Physics,1,True,False,True,PARTIAL_RENORMALIZED,0.3812,,0.1833,0.3105
phy_0373,Physics,0,True,False,True,PARTIAL_RENORMALIZED,0.0,,0.3282,0.1172
phy_0374,Physics,1,True,False,True,PARTIAL_RENORMALIZED,0.0,,0.0883,0.0315
phy_0375,Physics,0,True,False,True,PARTIAL_RENORMALIZED,0.0,,0.1152,0.0411
phy_0376,Physics,1,True,False,True,PARTIAL_RENORMALIZED,0.4576,,0.0558,0.3141
phy_0377,Physics,0,True,False,True,PARTIAL_RENORMALIZED,0.0,,0.3081,0.11
phy_0378,Physics,1,True,False,True,PARTIAL_RENORMALIZED,0.0,,0.3445,0.123
phy_0379,Physics,0,True,False,True,PARTIAL_RENORMALIZED,0.0,,0.1299,0.0464
phy_0380,Physics,1,True,False,True,PARTIAL_RENORMALIZED,0.1334,,0.0444,0.1016
phy_0381,Physics,0,True,False,True,PARTIAL_RENORMALIZED,0.0,,0.351,0.1253
phy_0382,Physics,1,True,False,True,PARTIAL_RENORMALIZED,0.0,,0.1384,0.0494
phy_0383,Physics,0,True,False,True,PARTIAL_RENORMALIZED,0.0,,0.0756,0.027
phy_0384,Physics,1,True,False,True,PARTIAL_RENORMALIZED,0.4344,,0.0672,0.3033
phy_0385,Physics,0,True,False,True,PARTIAL_RENORMALIZED,0.0,,0.3238,0.1156
phy_0386,Physics,1,True,False,True,PARTIAL_RENORMALIZED,0.492,,0.3349,0.4359
phy_0387,Physics,0,True,False,True,PARTIAL_RENORMALIZED,0.329,,0.1405,0.2617
phy_0388,Physics,1,True,False,True,PARTIAL_RENORMALIZED,0.6625,,0.0604,0.4475
phy_0389,Physics,0,True,False,True,PARTIAL_RENORMALIZED,0.2382,,0.1798,0.2173
phy_0390,Physics,1,True,False,True,PARTIAL_RENORMALIZED,0.0,,0.4811,0.1718
phy_0391,Physics,0,True,False,True,PARTIAL_RENORMALIZED,0.0,,0.0426,0.0152
phy_0392,Physics,1,True,False,True,PARTIAL_RENORMALIZED,0.3739,,0.0772,0.2679
phy_0393,Physics,0,True,False,True,PARTIAL_RENORMALIZED,0.2908,,0.2162,0.2642
phy_0394,Physics,1,True,False,True,PARTIAL_RENORMALIZED,0.4496,,0.2648,0.3836
phy_0395,Physics,0,True,False,True,PARTIAL_RENORMALIZED,0.4998,,0.1224,0.365
phy_0396,Physics,1,True,False,True,PARTIAL_RENORMALIZED,0.2753,,0.1809,0.2416
phy_0397,Physics,0,True,False,True,PARTIAL_RENORMALIZED,0.0,,0.27,0.0964
phy_0398,Physics,1,True,False,True,PARTIAL_RENORMALIZED,0.0,,0.3196,0.1141
phy_0399,Physics,0,True,False,True,PARTIAL_RENORMALIZED,0.0,,0.0777,0.0277
phy_0400,Physics,1,True,False,True,PARTIAL_RENORMALIZED,0.4995,,0.1955,0.3909
bio_0401,Biology,0,True,False,True,PARTIAL_RENORMALIZED,0.2092,,0.0467,0.1512
bio_0402,Biology,1,True,False,True,PARTIAL_RENORMALIZED,0.2725,,0.0958,0.2094
bio_0403,Biology,0,True,False,True,PARTIAL_RENORMALIZED,0.4316,,0.0889,0.3092
bio_0404,Biology,1,True,False,True,PARTIAL_RENORMALIZED,0.2964,,0.0928,0.2237
bio_0405,Biology,0,True,False,True,PARTIAL_RENORMALIZED,0.05,,0.0691,0.0568
bio_0406,Biology,1,True,False,True,PARTIAL_RENORMALIZED,0.0132,,0.1035,0.0454
bio_0407,Biology,0,True,False,True,PARTIAL_RENORMALIZED,0.102,,0.0881,0.097
bio_0408,Biology,1,True,False,True,PARTIAL_RENORMALIZED,0.0,,0.1051,0.0375
bio_0409,Biology,0,True,False,True,PARTIAL_RENORMALIZED,0.05,,0.0191,0.039
bio_0410,Biology,1,True,False,True,PARTIAL_RENORMALIZED,0.3264,,0.106,0.2477
bio_0411,Biology,0,True,False,True,PARTIAL_RENORMALIZED,0.3881,,0.0962,0.2839
bio_0412,Biology,1,True,False,True,PARTIAL_RENORMALIZED,0.0,,0.1188,0.0424
bio_0413,Biology,0,True,False,True,PARTIAL_RENORMALIZED,0.5039,,0.0883,0.3555
bio_0414,Biology,1,True,False,True,PARTIAL_RENORMALIZED,0.6,,0.0922,0.4187
bio_0415,Biology,0,True,False,True,PARTIAL_RENORMALIZED,0.2627,,0.0944,0.2026
bio_0416,Biology,1,True,False,True,PARTIAL_RENORMALIZED,0.4238,,0.1037,0.3095
bio_0417,Biology,0,True,False,True,PARTIAL_RENORMALIZED,0.2752,,0.0613,0.1988
bio_0418,Biology,1,True,False,True,PARTIAL_RENORMALIZED,0.4954,,0.1284,0.3643
bio_0419,Biology,0,True,False,True,PARTIAL_RENORMALIZED,0.2673,,0.1202,0.2148
bio_0420,Biology,1,True,False,True,PARTIAL_RENORMALIZED,0.4917,,0.3026,0.4242
bio_0421,Biology,0,True,False,True,PARTIAL_RENORMALIZED,0.05,,0.0199,0.0393
bio_0422,Biology,1,True,False,True,PARTIAL_RENORMALIZED,0.3353,,0.1036,0.2526
bio_0423,Biology,0,True,False,True,PARTIAL_RENORMALIZED,0.3368,,0.1193,0.2591
bio_0424,Biology,1,True,False,True,PARTIAL_RENORMALIZED,0.4427,,0.2743,0.3826
bio_0425,Biology,0,True,False,True,PARTIAL_RENORMALIZED,0.0673,,0.0502,0.0612
bio_0426,Biology,1,True,False,True,PARTIAL_RENORMALIZED,0.6661,,0.0845,0.4584
bio_0427,Biology,0,True,False,True,PARTIAL_RENORMALIZED,0.2431,,0.0873,0.1875
bio_0428,Biology,1,True,False,True,PARTIAL_RENORMALIZED,0.2115,,0.0984,0.1711
bio_0429,Biology,0,True,False,True,PARTIAL_RENORMALIZED,0.05,,0.0643,0.0551
bio_0430,Biology,1,True,False,True,PARTIAL_RENORMALIZED,0.0079,,0.0942,0.0387
bio_0431,Biology,0,True,False,True,PARTIAL_RENORMALIZED,0.2375,,0.0968,0.1873
bio_0432,Biology,1,True,False,True,PARTIAL_RENORMALIZED,0.4896,,0.1728,0.3765
bio_0433,Biology,0,True,False,True,PARTIAL_RENORMALIZED,0.2371,,0.0757,0.1795
bio_0434,Biology,1,True,False,True,PARTIAL_RENORMALIZED,0.6899,,0.0947,0.4774
bio_0435,Biology,0,True,False,True,PARTIAL_RENORMALIZED,0.1051,,0.1436,0.1188
bio_0436,Biology,1,True,False,False,PARTIAL_RENORMALIZED,0.313,,,0.313
bio_0437,Biology,0,True,False,True,PARTIAL_RENORMALIZED,0.508,,0.0747,0.3533
bio_0438,Biology,1,True,False,True,PARTIAL_RENORMALIZED,0.5287,,0.113,0.3803
bio_0439,Biology,0,True,False,True,PARTIAL_RENORMALIZED,0.2461,,0.1134,0.1987
bio_0440,Biology,1,True,False,True,PARTIAL_RENORMALIZED,0.5375,,0.3112,0.4567
bio_0441,Biology,0,True,False,True,PARTIAL_RENORMALIZED,0.1036,,0.0596,0.0879
bio_0442,Biology,1,True,False,True,PARTIAL_RENORMALIZED,0.4584,,0.1165,0.3363
bio_0443,Biology,0,True,False,True,PARTIAL_RENORMALIZED,0.3552,,0.138,0.2776
bio_0444,Biology,1,True,False,True,PARTIAL_RENORMALIZED,0.0,,0.2168,0.0774
bio_0445,Biology,0,True,False,True,PARTIAL_RENORMALIZED,0.2273,,0.0615,0.1681
bio_0446,Biology,1,True,False,True,PARTIAL_RENORMALIZED,0.6052,,0.1133,0.4295
bio_0447,Biology,0,True,False,True,PARTIAL_RENORMALIZED,0.3492,,0.1134,0.265
bio_0448,Biology,1,True,False,True,PARTIAL_RENORMALIZED,0.4038,,0.0973,0.2943
bio_0449,Biology,0,True,False,True,PARTIAL_RENORMALIZED,0.05,,0.0403,0.0465
bio_0450,Biology,1,True,False,True,PARTIAL_RENORMALIZED,0.4403,,0.0742,0.3096
che_0451,Chemistry,0,True,False,True,PARTIAL_RENORMALIZED,0.0184,,0.0975,0.0466
che_0452,Chemistry,1,True,False,True,PARTIAL_RENORMALIZED,0.0,,0.2029,0.0725
che_0453,Chemistry,0,True,False,True,PARTIAL_RENORMALIZED,0.5475,,0.4968,0.5294
che_0454,Chemistry,1,True,False,True,PARTIAL_RENORMALIZED,0.8208,,0.212,0.6034
che_0455,Chemistry,0,True,False,True,PARTIAL_RENORMALIZED,0.5029,,0.1117,0.3632
che_0456,Chemistry,1,True,False,True,PARTIAL_RENORMALIZED,1.0,,0.1734,0.7048
che_0457,Chemistry,0,True,False,True,PARTIAL_RENORMALIZED,0.0658,,0.0412,0.057
che_0458,Chemistry,1,True,False,True,PARTIAL_RENORMALIZED,0.4981,,0.4058,0.4651
che_0459,Chemistry,0,True,False,True,PARTIAL_RENORMALIZED,0.9362,,0.1763,0.6648
che_0460,Chemistry,1,True,False,True,PARTIAL_RENORMALIZED,1.0,,0.0594,0.6641
che_0461,Chemistry,0,True,False,True,PARTIAL_RENORMALIZED,0.5499,,0.3461,0.4771
che_0462,Chemistry,1,True,False,True,PARTIAL_RENORMALIZED,0.8611,,0.1678,0.6135
che_0463,Chemistry,0,True,False,True,PARTIAL_RENORMALIZED,0.5074,,0.2532,0.4166
che_0464,Chemistry,1,True,False,True,PARTIAL_RENORMALIZED,1.0,,0.0623,0.6651
che_0465,Chemistry,0,True,False,True,PARTIAL_RENORMALIZED,0.0,,0.4257,0.152
che_0466,Chemistry,1,True,False,True,PARTIAL_RENORMALIZED,0.5209,,0.0698,0.3598
che_0467,Chemistry,0,True,False,True,PARTIAL_RENORMALIZED,0.4287,,0.1395,0.3254
che_0468,Chemistry,1,True,False,True,PARTIAL_RENORMALIZED,0.0,,0.221,0.0789
che_0469,Chemistry,0,True,False,True,PARTIAL_RENORMALIZED,0.4978,,0.1991,0.3911
che_0470,Chemistry,1,True,False,True,PARTIAL_RENORMALIZED,0.7503,,0.0377,0.4958
che_0471,Chemistry,0,True,False,True,PARTIAL_RENORMALIZED,0.3396,,0.1083,0.257
che_0472,Chemistry,1,True,False,True,PARTIAL_RENORMALIZED,1.0,,0.049,0.6604
che_0473,Chemistry,0,True,False,True,PARTIAL_RENORMALIZED,0.0658,,0.0357,0.0551
che_0474,Chemistry,1,True,False,True,PARTIAL_RENORMALIZED,0.8134,,0.2067,0.5967
che_0475,Chemistry,0,True,False,True,PARTIAL_RENORMALIZED,0.5006,,0.1401,0.3719
che_0476,Chemistry,1,True,False,True,PARTIAL_RENORMALIZED,0.0,,0.0778,0.0278
che_0477,Chemistry,0,True,False,True,PARTIAL_RENORMALIZED,0.4583,,0.2699,0.391
che_0478,Chemistry,1,True,False,True,PARTIAL_RENORMALIZED,0.9106,,0.0434,0.6009
che_0479,Chemistry,0,True,False,True,PARTIAL_RENORMALIZED,0.3321,,0.2074,0.2876
che_0480,Chemistry,1,True,False,True,PARTIAL_RENORMALIZED,1.0,,0.1708,0.7039
che_0481,Chemistry,0,True,False,True,PARTIAL_RENORMALIZED,0.9952,,0.0806,0.6686
che_0482,Chemistry,1,True,False,True,PARTIAL_RENORMALIZED,0.83,,0.0523,0.5523
che_0483,Chemistry,0,True,False,True,PARTIAL_RENORMALIZED,0.501,,0.1492,0.3754
che_0484,Chemistry,1,True,False,True,PARTIAL_RENORMALIZED,1.0,,0.0942,0.6765
che_0485,Chemistry,0,True,False,True,PARTIAL_RENORMALIZED,0.15,,0.0361,0.1093
che_0486,Chemistry,1,True,False,True,PARTIAL_RENORMALIZED,0.8184,,0.1661,0.5855
che_0487,Chemistry,0,True,False,True,PARTIAL_RENORMALIZED,0.4697,,0.186,0.3684
che_0488,Chemistry,1,True,False,True,PARTIAL_RENORMALIZED,1.0,,0.2136,0.7192
che_0489,Chemistry,0,True,False,True,PARTIAL_RENORMALIZED,0.0658,,0.0142,0.0474
che_0490,Chemistry,1,True,False,True,PARTIAL_RENORMALIZED,0.5004,,0.3896,0.4608
che_0491,Chemistry,0,True,False,True,PARTIAL_RENORMALIZED,0.4905,,0.1606,0.3727
che_0492,Chemistry,1,True,False,True,PARTIAL_RENORMALIZED,1.0,,0.2487,0.7317
che_0493,Chemistry,0,True,False,True,PARTIAL_RENORMALIZED,0.0331,,0.0285,0.0315
che_0494,Chemistry,1,True,False,True,PARTIAL_RENORMALIZED,0.5434,,0.0634,0.372
che_0495,Chemistry,0,True,False,True,PARTIAL_RENORMALIZED,0.4832,,0.1301,0.3571
che_0496,Chemistry,1,True,False,True,PARTIAL_RENORMALIZED,0.0,,0.2821,0.1007
che_0497,Chemistry,0,True,False,True,PARTIAL_RENORMALIZED,0.0658,,0.0069,0.0448
che_0498,Chemistry,1,True,False,True,PARTIAL_RENORMALIZED,0.8484,,0.1862,0.6119
che_0499,Chemistry,0,True,False,True,PARTIAL_RENORMALIZED,0.5021,,0.1207,0.3659
che_0500,Chemistry,1,True,False,True,PARTIAL_RENORMALIZED,0.0,,0.1813,0.0647
new_0501,News,0,True,False,True,PARTIAL_RENORMALIZED,0.0,,0.068,0.0243
new_0502,News,1,True,False,True,PARTIAL_RENORMALIZED,0.3505,,0.0917,0.2581
new_0503,News,0,True,False,True,PARTIAL_RENORMALIZED,0.4591,,0.0465,0.3118
new_0504,News,1,True,False,True,PARTIAL_RENORMALIZED,0.4514,,0.0856,0.3208
new_0505,News,0,True,False,True,PARTIAL_RENORMALIZED,0.466,,0.0848,0.3299
new_0506,News,1,True,False,True,PARTIAL_RENORMALIZED,0.4176,,0.0736,0.2948
new_0507,News,0,True,False,True,PARTIAL_RENORMALIZED,0.0,,0.0528,0.0189
new_0508,News,1,True,False,True,PARTIAL_RENORMALIZED,0.4923,,0.0742,0.343
new_0509,News,0,True,False,True,PARTIAL_RENORMALIZED,0.5013,,0.1203,0.3652
new_0510,News,1,True,False,True,PARTIAL_RENORMALIZED,0.4752,,0.0607,0.3272
new_0511,News,0,True,False,True,PARTIAL_RENORMALIZED,0.0,,0.0678,0.0242
new_0512,News,1,True,False,True,PARTIAL_RENORMALIZED,0.3874,,0.0863,0.2799
new_0513,News,0,True,False,True,PARTIAL_RENORMALIZED,0.0,,0.0852,0.0304
new_0514,News,1,True,False,True,PARTIAL_RENORMALIZED,1.0,,0.1205,0.6859
new_0515,News,0,True,False,True,PARTIAL_RENORMALIZED,0.4999,,0.0642,0.3443
new_0516,News,1,True,False,True,PARTIAL_RENORMALIZED,0.4983,,0.0688,0.3449
new_0517,News,0,True,False,True,PARTIAL_RENORMALIZED,0.5009,,0.0916,0.3547
new_0518,News,1,True,False,True,PARTIAL_RENORMALIZED,1.0,,0.2489,0.7318
new_0519,News,0,True,False,True,PARTIAL_RENORMALIZED,0.0,,0.08,0.0286
new_0520,News,1,True,False,True,PARTIAL_RENORMALIZED,0.3937,,0.0755,0.2801
new_0521,News,0,True,False,True,PARTIAL_RENORMALIZED,0.499,,0.0988,0.3561
new_0522,News,1,True,False,True,PARTIAL_RENORMALIZED,0.5431,,0.0937,0.3826
new_0523,News,0,True,False,True,PARTIAL_RENORMALIZED,0.4446,,0.0811,0.3148
new_0524,News,1,True,False,True,PARTIAL_RENORMALIZED,0.4643,,0.0904,0.3308
new_0525,News,0,True,False,True,PARTIAL_RENORMALIZED,0.5795,,0.0655,0.396
new_0526,News,1,True,False,True,PARTIAL_RENORMALIZED,1.0,,0.1112,0.6826
new_0527,News,0,True,False,True,PARTIAL_RENORMALIZED,0.4998,,0.0815,0.3504
new_0528,News,1,True,False,True,PARTIAL_RENORMALIZED,0.3334,,0.0768,0.2418
new_0529,News,0,True,False,True,PARTIAL_RENORMALIZED,0.0,,0.0652,0.0233
new_0530,News,1,True,False,True,PARTIAL_RENORMALIZED,1.0,,0.1127,0.6831
new_0531,News,0,True,False,True,PARTIAL_RENORMALIZED,0.0,,0.0735,0.0262
new_0532,News,1,True,False,True,PARTIAL_RENORMALIZED,0.4166,,0.0581,0.2886
new_0533,News,0,True,False,True,PARTIAL_RENORMALIZED,0.4986,,0.0696,0.3454
new_0534,News,1,True,False,True,PARTIAL_RENORMALIZED,0.4188,,0.0693,0.294
new_0535,News,0,True,False,True,PARTIAL_RENORMALIZED,0.0,,0.0622,0.0222
new_0536,News,1,True,False,True,PARTIAL_RENORMALIZED,0.4993,,0.0978,0.3559
new_0537,News,0,True,False,True,PARTIAL_RENORMALIZED,0.0,,0.0742,0.0265
new_0538,News,1,True,False,True,PARTIAL_RENORMALIZED,1.0,,0.054,0.6622
new_0539,News,0,True,False,True,PARTIAL_RENORMALIZED,0.4998,,0.0927,0.3544
new_0540,News,1,True,False,True,PARTIAL_RENORMALIZED,0.4295,,0.1016,0.3124
new_0541,News,0,True,False,True,PARTIAL_RENORMALIZED,0.0,,0.0782,0.0279
new_0542,News,1,True,False,True,PARTIAL_RENORMALIZED,0.3882,,0.0476,0.2666
new_0543,News,0,True,False,True,PARTIAL_RENORMALIZED,0.0,,0.0568,0.0203
new_0544,News,1,True,False,True,PARTIAL_RENORMALIZED,0.4137,,0.0766,0.2933
new_0545,News,0,True,False,True,PARTIAL_RENORMALIZED,0.0,,0.1623,0.058
new_0546,News,1,True,False,True,PARTIAL_RENORMALIZED,0.5354,,0.0824,0.3736
new_0547,News,0,True,False,False,PARTIAL_RENORMALIZED,0.0,,,0.0
new_0548,News,1,True,False,True,PARTIAL_RENORMALIZED,0.3986,,0.0804,0.285
new_0549,News,0,True,False,True,PARTIAL_RENORMALIZED,0.0,,0.1139,0.0407
new_0550,News,1,True,False,True,PARTIAL_RENORMALIZED,1.0,,0.0676,0.667
mat_0551,Mathematics,0,True,False,True,PARTIAL_RENORMALIZED,0.0,,0.4304,0.1537
mat_0552,Mathematics,1,True,False,False,PARTIAL_RENORMALIZED,0.0,,,0.0
mat_0553,Mathematics,0,True,False,True,PARTIAL_RENORMALIZED,0.0,,0.1363,0.0487
mat_0554,Mathematics,1,True,False,True,PARTIAL_RENORMALIZED,0.2365,,0.2069,0.2259
mat_0555,Mathematics,0,True,False,True,PARTIAL_RENORMALIZED,0.0,,0.2073,0.074
mat_0556,Mathematics,1,True,False,False,PARTIAL_RENORMALIZED,0.0,,,0.0
mat_0557,Mathematics,0,True,False,True,PARTIAL_RENORMALIZED,0.5006,,0.161,0.3793
mat_0558,Mathematics,1,True,False,True,PARTIAL_RENORMALIZED,0.0,,0.1837,0.0656
mat_0559,Mathematics,0,True,False,True,PARTIAL_RENORMALIZED,0.0,,0.2284,0.0816
mat_0560,Mathematics,1,True,False,False,PARTIAL_RENORMALIZED,0.0,,,0.0
mat_0561,Mathematics,0,True,False,True,PARTIAL_RENORMALIZED,0.0,,0.0876,0.0313
mat_0562,Mathematics,1,True,False,True,PARTIAL_RENORMALIZED,0.3203,,0.0622,0.2281
mat_0563,Mathematics,0,True,False,True,PARTIAL_RENORMALIZED,0.0,,0.1454,0.0519
mat_0564,Mathematics,1,True,False,False,PARTIAL_RENORMALIZED,0.7215,,,0.7215
mat_0565,Mathematics,0,True,False,True,PARTIAL_RENORMALIZED,0.4975,,0.1009,0.3559
mat_0566,Mathematics,1,True,False,True,PARTIAL_RENORMALIZED,0.3641,,0.0708,0.2594
mat_0567,Mathematics,0,True,False,True,PARTIAL_RENORMALIZED,0.0,,0.0616,0.022
mat_0568,Mathematics,1,True,False,True,PARTIAL_RENORMALIZED,0.6927,,0.2479,0.5339
mat_0569,Mathematics,0,True,False,True,PARTIAL_RENORMALIZED,0.0,,0.107,0.0382
mat_0570,Mathematics,1,True,False,True,PARTIAL_RENORMALIZED,0.3086,,0.0302,0.2092
mat_0571,Mathematics,0,True,False,True,PARTIAL_RENORMALIZED,0.1807,,0.106,0.154
mat_0572,Mathematics,1,True,False,True,PARTIAL_RENORMALIZED,0.0,,0.33,0.1178
mat_0573,Mathematics,0,True,False,True,PARTIAL_RENORMALIZED,0.0,,0.1403,0.0501
mat_0574,Mathematics,1,True,False,True,PARTIAL_RENORMALIZED,0.2126,,0.0306,0.1476
mat_0575,Mathematics,0,True,False,True,PARTIAL_RENORMALIZED,0.0,,0.161,0.0575
mat_0576,Mathematics,1,True,False,False,PARTIAL_RENORMALIZED,0.0,,,0.0
mat_0577,Mathematics,0,True,False,True,PARTIAL_RENORMALIZED,0.4991,,0.1085,0.3596
mat_0578,Mathematics,1,True,False,True,PARTIAL_RENORMALIZED,0.0,,0.0911,0.0325
mat_0579,Mathematics,0,True,False,True,PARTIAL_RENORMALIZED,0.0,,0.0641,0.0229
mat_0580,Mathematics,1,True,False,True,PARTIAL_RENORMALIZED,0.0,,0.1237,0.0442
mat_0581,Mathematics,0,True,False,True,PARTIAL_RENORMALIZED,0.0216,,0.0558,0.0338
mat_0582,Mathematics,1,True,False,True,PARTIAL_RENORMALIZED,0.3812,,0.0819,0.2743
mat_0583,Mathematics,0,True,False,True,PARTIAL_RENORMALIZED,0.0,,0.1283,0.0458
mat_0584,Mathematics,1,True,False,False,PARTIAL_RENORMALIZED,0.0,,,0.0
mat_0585,Mathematics,0,True,False,True,PARTIAL_RENORMALIZED,0.0,,0.1432,0.0511
mat_0586,Mathematics,1,True,False,True,PARTIAL_RENORMALIZED,0.0,,0.1135,0.0405
mat_0587,Mathematics,0,True,False,True,PARTIAL_RENORMALIZED,0.0,,0.2224,0.0794
mat_0588,Mathematics,1,True,False,True,PARTIAL_RENORMALIZED,0.9514,,0.095,0.6456
mat_0589,Mathematics,0,True,False,False,PARTIAL_RENORMALIZED,0.0,,,0.0
mat_0590,Mathematics,1,True,False,True,PARTIAL_RENORMALIZED,0.0,,0.0729,0.026
mat_0591,Mathematics,0,True,False,True,PARTIAL_RENORMALIZED,0.0,,0.1127,0.0402
mat_0592,Mathematics,1,True,False,False,PARTIAL_RENORMALIZED,0.0,,,0.0
mat_0593,Mathematics,0,True,False,True,PARTIAL_RENORMALIZED,0.5023,,0.0933,0.3562
mat_0594,Mathematics,1,True,False,True,PARTIAL_RENORMALIZED,0.0,,0.0876,0.0313
mat_0595,Mathematics,0,True,False,True,PARTIAL_RENORMALIZED,0.1037,,0.143,0.1177
mat_0596,Mathematics,1,True,False,False,PARTIAL_RENORMALIZED,0.0,,,0.0
mat_0597,Mathematics,0,True,False,False,PARTIAL_RENORMALIZED,0.4955,,,0.4955
mat_0598,Mathematics,1,True,False,True,PARTIAL_RENORMALIZED,0.0,,0.0689,0.0246
mat_0599,Mathematics,0,True,False,True,PARTIAL_RENORMALIZED,0.0,,0.1178,0.0421
mat_0600,Mathematics,1,True,False,False,PARTIAL_RENORMALIZED,0.0,,,0.0
geo_0601,Geography,0,True,False,True,PARTIAL_RENORMALIZED,0.4994,,0.1041,0.3582
geo_0602,Geography,1,True,False,True,PARTIAL_RENORMALIZED,0.997,,0.0241,0.6496
geo_0603,Geography,0,True,False,True,PARTIAL_RENORMALIZED,0.5222,,0.0504,0.3537
geo_0604,Geography,1,True,False,True,PARTIAL_RENORMALIZED,0.5714,,0.1195,0.41
geo_0605,Geography,0,True,False,True,PARTIAL_RENORMALIZED,0.05,,0.3305,0.1502
geo_0606,Geography,1,True,False,True,PARTIAL_RENORMALIZED,0.7822,,0.1155,0.5441
geo_0607,Geography,0,True,False,True,PARTIAL_RENORMALIZED,0.988,,0.5257,0.8229
geo_0608,Geography,1,True,False,True,PARTIAL_RENORMALIZED,0.8149,,0.2263,0.6047
geo_0609,Geography,0,True,False,True,PARTIAL_RENORMALIZED,0.1553,,0.2915,0.2039
geo_0610,Geography,1,True,False,True,PARTIAL_RENORMALIZED,0.1425,,0.0844,0.1218
geo_0611,Geography,0,True,False,True,PARTIAL_RENORMALIZED,0.9985,,0.4921,0.8177
geo_0612,Geography,1,True,False,True,PARTIAL_RENORMALIZED,0.0,,0.1799,0.0642
geo_0613,Geography,0,True,False,True,PARTIAL_RENORMALIZED,0.1594,,0.0872,0.1336
geo_0614,Geography,1,True,False,True,PARTIAL_RENORMALIZED,0.9916,,0.0529,0.6564
geo_0615,Geography,0,True,False,True,PARTIAL_RENORMALIZED,0.3269,,0.488,0.3844
geo_0616,Geography,1,True,False,True,PARTIAL_RENORMALIZED,0.9315,,0.2439,0.686
geo_0617,Geography,0,True,False,True,PARTIAL_RENORMALIZED,0.0359,,0.1332,0.0706
geo_0618,Geography,1,True,False,True,PARTIAL_RENORMALIZED,0.4179,,0.1207,0.3118
geo_0619,Geography,0,True,False,True,PARTIAL_RENORMALIZED,0.6464,,0.3868,0.5537
geo_0620,Geography,1,True,False,True,PARTIAL_RENORMALIZED,0.8314,,0.3735,0.6679
geo_0621,Geography,0,True,False,True,PARTIAL_RENORMALIZED,0.5,,0.1429,0.3725
geo_0622,Geography,1,True,False,True,PARTIAL_RENORMALIZED,0.986,,0.1988,0.7049
geo_0623,Geography,0,True,False,True,PARTIAL_RENORMALIZED,0.2605,,0.1843,0.2333
geo_0624,Geography,1,True,False,True,PARTIAL_RENORMALIZED,0.7257,,0.1453,0.5184
geo_0625,Geography,0,True,False,True,PARTIAL_RENORMALIZED,0.2765,,0.0775,0.2054
geo_0626,Geography,1,True,False,True,PARTIAL_RENORMALIZED,0.997,,0.0482,0.6582
geo_0627,Geography,0,True,False,True,PARTIAL_RENORMALIZED,0.3285,,0.4802,0.3827
geo_0628,Geography,1,True,False,True,PARTIAL_RENORMALIZED,0.14,,0.2016,0.162
geo_0629,Geography,0,True,False,True,PARTIAL_RENORMALIZED,0.3336,,0.1859,0.2809
geo_0630,Geography,1,True,False,True,PARTIAL_RENORMALIZED,0.9897,,0.0689,0.6609
geo_0631,Geography,0,True,False,True,PARTIAL_RENORMALIZED,0.5535,,0.1742,0.4181
geo_0632,Geography,1,True,False,True,PARTIAL_RENORMALIZED,0.018,,0.1175,0.0535
geo_0633,Geography,0,True,False,True,PARTIAL_RENORMALIZED,0.6358,,0.1434,0.46
geo_0634,Geography,1,True,False,True,PARTIAL_RENORMALIZED,0.997,,0.0362,0.6539
geo_0635,Geography,0,True,False,True,PARTIAL_RENORMALIZED,0.8177,,0.4111,0.6725
geo_0636,Geography,1,True,False,True,PARTIAL_RENORMALIZED,0.8209,,0.2457,0.6155
geo_0637,Geography,0,True,False,True,PARTIAL_RENORMALIZED,0.3374,,0.0767,0.2443
geo_0638,Geography,1,True,False,True,PARTIAL_RENORMALIZED,0.9906,,0.0633,0.6595
geo_0639,Geography,0,True,False,True,PARTIAL_RENORMALIZED,0.4902,,0.1613,0.3727
geo_0640,Geography,1,True,False,True,PARTIAL_RENORMALIZED,0.909,,0.1205,0.6274
geo_0641,Geography,0,True,False,True,PARTIAL_RENORMALIZED,0.3301,,0.1337,0.26
geo_0642,Geography,1,True,False,True,PARTIAL_RENORMALIZED,0.997,,0.0746,0.6676
geo_0643,Geography,0,True,False,True,PARTIAL_RENORMALIZED,0.737,,0.4948,0.6505
geo_0644,Geography,1,True,False,True,PARTIAL_RENORMALIZED,0.909,,0.1702,0.6452
geo_0645,Geography,0,True,False,True,PARTIAL_RENORMALIZED,0.2356,,0.0429,0.1668
geo_0646,Geography,1,True,False,True,PARTIAL_RENORMALIZED,0.997,,0.0003,0.6411
geo_0647,Geography,0,True,False,True,PARTIAL_RENORMALIZED,0.3366,,0.3443,0.3393
geo_0648,Geography,1,True,False,True,PARTIAL_RENORMALIZED,0.7483,,0.3473,0.6051
geo_0649,Geography,0,True,False,True,PARTIAL_RENORMALIZED,0.5323,,0.2,0.4136
geo_0650,Geography,1,True,False,True,PARTIAL_RENORMALIZED,0.9707,,0.0564,0.6442
pol_0651,Politics,0,True,False,True,PARTIAL_RENORMALIZED,0.0,,0.1811,0.0647
pol_0652,Politics,1,True,False,True,PARTIAL_RENORMALIZED,0.0857,,0.106,0.0929
pol_0653,Politics,0,True,False,True,PARTIAL_RENORMALIZED,0.3678,,0.2037,0.3092
pol_0654,Politics,1,True,False,True,PARTIAL_RENORMALIZED,0.6506,,0.1839,0.4839
pol_0655,Politics,0,True,False,True,PARTIAL_RENORMALIZED,0.1624,,0.1619,0.1622
pol_0656,Politics,1,True,False,True,PARTIAL_RENORMALIZED,0.1252,,0.1743,0.1427
pol_0657,Politics,0,True,False,True,PARTIAL_RENORMALIZED,0.4502,,0.0844,0.3196
pol_0658,Politics,1,True,False,True,PARTIAL_RENORMALIZED,0.4881,,0.0694,0.3386
pol_0659,Politics,0,True,False,True,PARTIAL_RENORMALIZED,0.2844,,0.121,0.226
pol_0660,Politics,1,True,False,True,PARTIAL_RENORMALIZED,0.9,,0.1037,0.6156
pol_0661,Politics,0,True,False,True,PARTIAL_RENORMALIZED,0.4134,,0.0636,0.2885
pol_0662,Politics,1,True,False,True,PARTIAL_RENORMALIZED,0.0,,0.0617,0.022
pol_0663,Politics,0,True,False,True,PARTIAL_RENORMALIZED,0.0,,0.0691,0.0247
pol_0664,Politics,1,True,False,True,PARTIAL_RENORMALIZED,0.175,,0.1189,0.155
pol_0665,Politics,0,True,False,True,PARTIAL_RENORMALIZED,0.3255,,0.1622,0.2672
pol_0666,Politics,1,True,False,True,PARTIAL_RENORMALIZED,0.0,,0.092,0.0329
pol_0667,Politics,0,True,False,True,PARTIAL_RENORMALIZED,0.439,,0.1005,0.3181
pol_0668,Politics,1,True,False,True,PARTIAL_RENORMALIZED,0.9,,0.1101,0.6179
pol_0669,Politics,0,True,False,True,PARTIAL_RENORMALIZED,0.5261,,0.2139,0.4146
pol_0670,Politics,1,True,False,True,PARTIAL_RENORMALIZED,0.4969,,0.0782,0.3474
pol_0671,Politics,0,True,False,True,PARTIAL_RENORMALIZED,0.0,,0.1021,0.0365
pol_0672,Politics,1,True,False,True,PARTIAL_RENORMALIZED,0.1571,,0.148,0.1539
pol_0673,Politics,0,True,False,True,PARTIAL_RENORMALIZED,0.2058,,0.0867,0.1633
pol_0674,Politics,1,True,False,True,PARTIAL_RENORMALIZED,0.3381,,0.0658,0.2409
pol_0675,Politics,0,True,False,True,PARTIAL_RENORMALIZED,0.3473,,0.137,0.2722
pol_0676,Politics,1,True,False,True,PARTIAL_RENORMALIZED,0.9,,0.215,0.6554
pol_0677,Politics,0,True,False,True,PARTIAL_RENORMALIZED,0.3083,,0.0737,0.2245
pol_0678,Politics,1,True,False,True,PARTIAL_RENORMALIZED,0.4927,,0.0772,0.3443
pol_0679,Politics,0,True,False,True,PARTIAL_RENORMALIZED,0.0,,0.0978,0.0349
pol_0680,Politics,1,True,False,True,PARTIAL_RENORMALIZED,0.1036,,0.1862,0.1331
pol_0681,Politics,0,True,False,True,PARTIAL_RENORMALIZED,0.3797,,0.061,0.2659
pol_0682,Politics,1,True,False,True,PARTIAL_RENORMALIZED,0.4382,,0.089,0.3135
pol_0683,Politics,0,True,False,True,PARTIAL_RENORMALIZED,0.0,,0.1481,0.0529
pol_0684,Politics,1,True,False,True,PARTIAL_RENORMALIZED,0.4997,,0.2068,0.3951
pol_0685,Politics,0,True,False,True,PARTIAL_RENORMALIZED,0.4303,,0.1926,0.3454
pol_0686,Politics,1,True,False,True,PARTIAL_RENORMALIZED,0.4995,,0.0814,0.3502
pol_0687,Politics,0,True,False,True,PARTIAL_RENORMALIZED,0.0,,0.1601,0.0572
pol_0688,Politics,1,True,False,True,PARTIAL_RENORMALIZED,0.1214,,0.4374,0.2342
pol_0689,Politics,0,True,False,True,PARTIAL_RENORMALIZED,0.3917,,0.2175,0.3295
pol_0690,Politics,1,True,False,True,PARTIAL_RENORMALIZED,0.4958,,0.0413,0.3335
pol_0691,Politics,0,True,False,True,PARTIAL_RENORMALIZED,0.0,,0.162,0.0579
pol_0692,Politics,1,True,False,True,PARTIAL_RENORMALIZED,0.05,,0.1245,0.0766
pol_0693,Politics,0,True,False,True,PARTIAL_RENORMALIZED,0.4971,,0.0732,0.3457
pol_0694,Politics,1,True,False,True,PARTIAL_RENORMALIZED,0.7315,,0.0844,0.5004
pol_0695,Politics,0,True,False,True,PARTIAL_RENORMALIZED,0.4576,,0.1307,0.3409
pol_0696,Politics,1,True,False,True,PARTIAL_RENORMALIZED,0.0,,0.3331,0.119
pol_0697,Politics,0,True,False,True,PARTIAL_RENORMALIZED,0.3424,,0.0635,0.2428
pol_0698,Politics,1,True,False,True,PARTIAL_RENORMALIZED,0.0,,0.1547,0.0552
pol_0699,Politics,0,True,False,True,PARTIAL_RENORMALIZED,0.0,,0.1162,0.0415
pol_0700,Politics,1,True,False,True,PARTIAL_RENORMALIZED,0.2335,,0.2218,0.2293
lit_0701,Literature,0,True,False,True,PARTIAL_RENORMALIZED,0.9,,0.0789,0.6068
lit_0702,Literature,1,True,False,True,PARTIAL_RENORMALIZED,0.0,,0.0806,0.0288
lit_0703,Literature,0,True,False,True,PARTIAL_RENORMALIZED,0.0,,0.2411,0.0861
lit_0704,Literature,1,True,False,True,PARTIAL_RENORMALIZED,0.9,,0.1035,0.6156
lit_0705,Literature,0,True,False,True,PARTIAL_RENORMALIZED,0.0032,,0.1044,0.0393
lit_0706,Literature,1,True,False,True,PARTIAL_RENORMALIZED,0.0024,,0.2414,0.0877
lit_0707,Literature,0,True,False,True,PARTIAL_RENORMALIZED,0.0,,0.0936,0.0334
lit_0708,Literature,1,True,False,True,PARTIAL_RENORMALIZED,0.012,,0.073,0.0338
lit_0709,Literature,0,True,False,True,PARTIAL_RENORMALIZED,0.0031,,0.0477,0.019
lit_0710,Literature,1,True,False,True,PARTIAL_RENORMALIZED,0.0,,0.0581,0.0207
lit_0711,Literature,0,True,False,True,PARTIAL_RENORMALIZED,0.9843,,0.0747,0.6595
lit_0712,Literature,1,True,False,True,PARTIAL_RENORMALIZED,0.012,,0.0955,0.0418
lit_0713,Literature,0,True,False,True,PARTIAL_RENORMALIZED,0.0032,,0.0727,0.028
lit_0714,Literature,1,True,False,True,PARTIAL_RENORMALIZED,0.0043,,0.0467,0.0194
lit_0715,Literature,0,True,False,True,PARTIAL_RENORMALIZED,0.0092,,0.1103,0.0453
lit_0716,Literature,1,True,False,True,PARTIAL_RENORMALIZED,0.006,,0.039,0.0178
lit_0717,Literature,0,True,False,True,PARTIAL_RENORMALIZED,0.9,,0.1156,0.6199
lit_0718,Literature,1,True,False,True,PARTIAL_RENORMALIZED,0.0049,,0.0491,0.0207
lit_0719,Literature,0,True,False,True,PARTIAL_RENORMALIZED,0.0,,0.117,0.0418
lit_0720,Literature,1,True,False,True,PARTIAL_RENORMALIZED,0.5312,,0.1505,0.3953
lit_0721,Literature,0,True,False,True,PARTIAL_RENORMALIZED,0.252,,0.1048,0.1994
lit_0722,Literature,1,True,False,True,PARTIAL_RENORMALIZED,0.0069,,0.2455,0.0921
lit_0723,Literature,0,True,False,True,PARTIAL_RENORMALIZED,0.0711,,0.1053,0.0833
lit_0724,Literature,1,True,False,True,PARTIAL_RENORMALIZED,0.0089,,0.1634,0.0641
lit_0725,Literature,0,True,False,True,PARTIAL_RENORMALIZED,0.0032,,0.0969,0.0367
lit_0726,Literature,1,True,False,True,PARTIAL_RENORMALIZED,0.0024,,0.0135,0.0064
lit_0727,Literature,0,True,False,True,PARTIAL_RENORMALIZED,0.3259,,0.0894,0.2414
lit_0728,Literature,1,True,False,True,PARTIAL_RENORMALIZED,0.0044,,0.0256,0.012
lit_0729,Literature,0,True,False,True,PARTIAL_RENORMALIZED,0.0032,,0.0679,0.0263
lit_0730,Literature,1,True,False,True,PARTIAL_RENORMALIZED,0.0024,,0.0422,0.0166
lit_0731,Literature,0,True,False,True,PARTIAL_RENORMALIZED,0.0816,,0.1542,0.1075
lit_0732,Literature,1,True,False,True,PARTIAL_RENORMALIZED,0.0027,,0.0752,0.0286
lit_0733,Literature,0,True,False,True,PARTIAL_RENORMALIZED,0.0031,,0.0606,0.0236
lit_0734,Literature,1,True,False,True,PARTIAL_RENORMALIZED,0.5001,,0.1189,0.364
lit_0735,Literature,0,True,False,True,PARTIAL_RENORMALIZED,0.3571,,0.0573,0.25
lit_0736,Literature,1,True,False,True,PARTIAL_RENORMALIZED,0.0,,0.0797,0.0285
lit_0737,Literature,0,True,False,True,PARTIAL_RENORMALIZED,0.0032,,0.0656,0.0255
lit_0738,Literature,1,True,False,True,PARTIAL_RENORMALIZED,0.7185,,0.5697,0.6654
lit_0739,Literature,0,True,False,True,PARTIAL_RENORMALIZED,0.3019,,0.1272,0.2395
lit_0740,Literature,1,True,False,True,PARTIAL_RENORMALIZED,0.0878,,0.0689,0.0811
lit_0741,Literature,0,True,False,True,PARTIAL_RENORMALIZED,0.0031,,0.0031,0.0031
lit_0742,Literature,1,True,False,True,PARTIAL_RENORMALIZED,0.0024,,0.0144,0.0067
lit_0743,Literature,0,True,False,True,PARTIAL_RENORMALIZED,0.0037,,0.0951,0.0363
lit_0744,Literature,1,True,False,True,PARTIAL_RENORMALIZED,0.0089,,0.0326,0.0174
lit_0745,Literature,0,True,False,True,PARTIAL_RENORMALIZED,0.0031,,0.0722,0.0278
lit_0746,Literature,1,True,False,True,PARTIAL_RENORMALIZED,0.0064,,0.0384,0.0178
lit_0747,Literature,0,True,False,True,PARTIAL_RENORMALIZED,0.2919,,0.1223,0.2313
lit_0748,Literature,1,True,False,True,PARTIAL_RENORMALIZED,0.006,,0.0336,0.0159
lit_0749,Literature,0,True,False,True,PARTIAL_RENORMALIZED,0.0031,,0.0001,0.002
lit_0750,Literature,1,True,False,True,PARTIAL_RENORMALIZED,0.0024,,0.0279,0.0115
