id,category,question,ground_truth,expected_label,difficulty,hallucination_type,expected_h_score_range
1,Science,[Science] Explain the invalid claim variation #1 in Science.,Factual reference truth statement #1 for Science.,HALLUCINATED,Easy,Factual Contradiction,"[0.65, 0.98]"
2,History,[History] Explain the invalid claim variation #2 in History.,Factual reference truth statement #2 for History.,HALLUCINATED,Medium,Entity Fabrication,"[0.65, 0.98]"
3,Medicine,[Medicine] What is the verified fundamental principle #3 in Medicine?,Verified scientific truth statement #3 for Medicine.,VERIFIED,Hard,None,"[0.00, 0.35]"
4,Finance,[Finance] Explain the invalid claim variation #4 in Finance.,Factual reference truth statement #4 for Finance.,HALLUCINATED,Easy,Temporal Anachronism,"[0.65, 0.98]"
5,Programming,[Programming] Explain the invalid claim variation #5 in Programming.,Factual reference truth statement #5 for Programming.,HALLUCINATED,Medium,Factual Contradiction,"[0.65, 0.98]"
6,Mathematics,[Mathematics] What is the verified fundamental principle #6 in Mathematics?,Verified scientific truth statement #6 for Mathematics.,VERIFIED,Hard,None,"[0.00, 0.35]"
7,Politics,[Politics] Explain the invalid claim variation #7 in Politics.,Factual reference truth statement #7 for Politics.,HALLUCINATED,Easy,Numerical Distortion,"[0.65, 0.98]"
8,Law,[Law] Explain the invalid claim variation #8 in Law.,Factual reference truth statement #8 for Law.,HALLUCINATED,Medium,Temporal Anachronism,"[0.65, 0.98]"
9,General Knowledge,[General Knowledge] What is the verified fundamental principle #9 in General Knowledge?,Verified scientific truth statement #9 for General Knowledge.,VERIFIED,Hard,None,"[0.00, 0.35]"
10,Geography,[Geography] Explain the invalid claim variation #10 in Geography.,Factual reference truth statement #10 for Geography.,HALLUCINATED,Easy,Entity Fabrication,"[0.65, 0.98]"
11,Science,[Science] Explain the invalid claim variation #11 in Science.,Factual reference truth statement #11 for Science.,HALLUCINATED,Medium,Numerical Distortion,"[0.65, 0.98]"
12,History,[History] What is the verified fundamental principle #12 in History?,Verified scientific truth statement #12 for History.,VERIFIED,Hard,None,"[0.00, 0.35]"
13,Medicine,[Medicine] Explain the invalid claim variation #13 in Medicine.,Factual reference truth statement #13 for Medicine.,HALLUCINATED,Easy,Factual Contradiction,"[0.65, 0.98]"
14,Finance,[Finance] Explain the invalid claim variation #14 in Finance.,Factual reference truth statement #14 for Finance.,HALLUCINATED,Medium,Entity Fabrication,"[0.65, 0.98]"
15,Programming,[Programming] What is the verified fundamental principle #15 in Programming?,Verified scientific truth statement #15 for Programming.,VERIFIED,Hard,None,"[0.00, 0.35]"
16,Mathematics,[Mathematics] Explain the invalid claim variation #16 in Mathematics.,Factual reference truth statement #16 for Mathematics.,HALLUCINATED,Easy,Temporal Anachronism,"[0.65, 0.98]"
17,Politics,[Politics] Explain the invalid claim variation #17 in Politics.,Factual reference truth statement #17 for Politics.,HALLUCINATED,Medium,Factual Contradiction,"[0.65, 0.98]"
18,Law,[Law] What is the verified fundamental principle #18 in Law?,Verified scientific truth statement #18 for Law.,VERIFIED,Hard,None,"[0.00, 0.35]"
19,General Knowledge,[General Knowledge] Explain the invalid claim variation #19 in General Knowledge.,Factual reference truth statement #19 for General Knowledge.,HALLUCINATED,Easy,Numerical Distortion,"[0.65, 0.98]"
20,Geography,[Geography] Explain the invalid claim variation #20 in Geography.,Factual reference truth statement #20 for Geography.,HALLUCINATED,Medium,Temporal Anachronism,"[0.65, 0.98]"
21,Science,[Science] What is the verified fundamental principle #21 in Science?,Verified scientific truth statement #21 for Science.,VERIFIED,Hard,None,"[0.00, 0.35]"
22,History,[History] Explain the invalid claim variation #22 in History.,Factual reference truth statement #22 for History.,HALLUCINATED,Easy,Entity Fabrication,"[0.65, 0.98]"
23,Medicine,[Medicine] Explain the invalid claim variation #23 in Medicine.,Factual reference truth statement #23 for Medicine.,HALLUCINATED,Medium,Numerical Distortion,"[0.65, 0.98]"
24,Finance,[Finance] What is the verified fundamental principle #24 in Finance?,Verified scientific truth statement #24 for Finance.,VERIFIED,Hard,None,"[0.00, 0.35]"
25,Programming,[Programming] Explain the invalid claim variation #25 in Programming.,Factual reference truth statement #25 for Programming.,HALLUCINATED,Easy,Factual Contradiction,"[0.65, 0.98]"
26,Mathematics,[Mathematics] Explain the invalid claim variation #26 in Mathematics.,Factual reference truth statement #26 for Mathematics.,HALLUCINATED,Medium,Entity Fabrication,"[0.65, 0.98]"
27,Politics,[Politics] What is the verified fundamental principle #27 in Politics?,Verified scientific truth statement #27 for Politics.,VERIFIED,Hard,None,"[0.00, 0.35]"
28,Law,[Law] Explain the invalid claim variation #28 in Law.,Factual reference truth statement #28 for Law.,HALLUCINATED,Easy,Temporal Anachronism,"[0.65, 0.98]"
29,General Knowledge,[General Knowledge] Explain the invalid claim variation #29 in General Knowledge.,Factual reference truth statement #29 for General Knowledge.,HALLUCINATED,Medium,Factual Contradiction,"[0.65, 0.98]"
30,Geography,[Geography] What is the verified fundamental principle #30 in Geography?,Verified scientific truth statement #30 for Geography.,VERIFIED,Hard,None,"[0.00, 0.35]"
31,Science,[Science] Explain the invalid claim variation #31 in Science.,Factual reference truth statement #31 for Science.,HALLUCINATED,Easy,Numerical Distortion,"[0.65, 0.98]"
32,History,[History] Explain the invalid claim variation #32 in History.,Factual reference truth statement #32 for History.,HALLUCINATED,Medium,Temporal Anachronism,"[0.65, 0.98]"
33,Medicine,[Medicine] What is the verified fundamental principle #33 in Medicine?,Verified scientific truth statement #33 for Medicine.,VERIFIED,Hard,None,"[0.00, 0.35]"
34,Finance,[Finance] Explain the invalid claim variation #34 in Finance.,Factual reference truth statement #34 for Finance.,HALLUCINATED,Easy,Entity Fabrication,"[0.65, 0.98]"
35,Programming,[Programming] Explain the invalid claim variation #35 in Programming.,Factual reference truth statement #35 for Programming.,HALLUCINATED,Medium,Numerical Distortion,"[0.65, 0.98]"
36,Mathematics,[Mathematics] What is the verified fundamental principle #36 in Mathematics?,Verified scientific truth statement #36 for Mathematics.,VERIFIED,Hard,None,"[0.00, 0.35]"
37,Politics,[Politics] Explain the invalid claim variation #37 in Politics.,Factual reference truth statement #37 for Politics.,HALLUCINATED,Easy,Factual Contradiction,"[0.65, 0.98]"
38,Law,[Law] Explain the invalid claim variation #38 in Law.,Factual reference truth statement #38 for Law.,HALLUCINATED,Medium,Entity Fabrication,"[0.65, 0.98]"
39,General Knowledge,[General Knowledge] What is the verified fundamental principle #39 in General Knowledge?,Verified scientific truth statement #39 for General Knowledge.,VERIFIED,Hard,None,"[0.00, 0.35]"
40,Geography,[Geography] Explain the invalid claim variation #40 in Geography.,Factual reference truth statement #40 for Geography.,HALLUCINATED,Easy,Temporal Anachronism,"[0.65, 0.98]"
41,Science,[Science] Explain the invalid claim variation #41 in Science.,Factual reference truth statement #41 for Science.,HALLUCINATED,Medium,Factual Contradiction,"[0.65, 0.98]"
42,History,[History] What is the verified fundamental principle #42 in History?,Verified scientific truth statement #42 for History.,VERIFIED,Hard,None,"[0.00, 0.35]"
43,Medicine,[Medicine] Explain the invalid claim variation #43 in Medicine.,Factual reference truth statement #43 for Medicine.,HALLUCINATED,Easy,Numerical Distortion,"[0.65, 0.98]"
44,Finance,[Finance] Explain the invalid claim variation #44 in Finance.,Factual reference truth statement #44 for Finance.,HALLUCINATED,Medium,Temporal Anachronism,"[0.65, 0.98]"
45,Programming,[Programming] What is the verified fundamental principle #45 in Programming?,Verified scientific truth statement #45 for Programming.,VERIFIED,Hard,None,"[0.00, 0.35]"
46,Mathematics,[Mathematics] Explain the invalid claim variation #46 in Mathematics.,Factual reference truth statement #46 for Mathematics.,HALLUCINATED,Easy,Entity Fabrication,"[0.65, 0.98]"
47,Politics,[Politics] Explain the invalid claim variation #47 in Politics.,Factual reference truth statement #47 for Politics.,HALLUCINATED,Medium,Numerical Distortion,"[0.65, 0.98]"
48,Law,[Law] What is the verified fundamental principle #48 in Law?,Verified scientific truth statement #48 for Law.,VERIFIED,Hard,None,"[0.00, 0.35]"
49,General Knowledge,[General Knowledge] Explain the invalid claim variation #49 in General Knowledge.,Factual reference truth statement #49 for General Knowledge.,HALLUCINATED,Easy,Factual Contradiction,"[0.65, 0.98]"
50,Geography,[Geography] Explain the invalid claim variation #50 in Geography.,Factual reference truth statement #50 for Geography.,HALLUCINATED,Medium,Entity Fabrication,"[0.65, 0.98]"
51,Science,[Science] What is the verified fundamental principle #51 in Science?,Verified scientific truth statement #51 for Science.,VERIFIED,Hard,None,"[0.00, 0.35]"
52,History,[History] Explain the invalid claim variation #52 in History.,Factual reference truth statement #52 for History.,HALLUCINATED,Easy,Temporal Anachronism,"[0.65, 0.98]"
53,Medicine,[Medicine] Explain the invalid claim variation #53 in Medicine.,Factual reference truth statement #53 for Medicine.,HALLUCINATED,Medium,Factual Contradiction,"[0.65, 0.98]"
54,Finance,[Finance] What is the verified fundamental principle #54 in Finance?,Verified scientific truth statement #54 for Finance.,VERIFIED,Hard,None,"[0.00, 0.35]"
55,Programming,[Programming] Explain the invalid claim variation #55 in Programming.,Factual reference truth statement #55 for Programming.,HALLUCINATED,Easy,Numerical Distortion,"[0.65, 0.98]"
56,Mathematics,[Mathematics] Explain the invalid claim variation #56 in Mathematics.,Factual reference truth statement #56 for Mathematics.,HALLUCINATED,Medium,Temporal Anachronism,"[0.65, 0.98]"
57,Politics,[Politics] What is the verified fundamental principle #57 in Politics?,Verified scientific truth statement #57 for Politics.,VERIFIED,Hard,None,"[0.00, 0.35]"
58,Law,[Law] Explain the invalid claim variation #58 in Law.,Factual reference truth statement #58 for Law.,HALLUCINATED,Easy,Entity Fabrication,"[0.65, 0.98]"
59,General Knowledge,[General Knowledge] Explain the invalid claim variation #59 in General Knowledge.,Factual reference truth statement #59 for General Knowledge.,HALLUCINATED,Medium,Numerical Distortion,"[0.65, 0.98]"
60,Geography,[Geography] What is the verified fundamental principle #60 in Geography?,Verified scientific truth statement #60 for Geography.,VERIFIED,Hard,None,"[0.00, 0.35]"
61,Science,[Science] Explain the invalid claim variation #61 in Science.,Factual reference truth statement #61 for Science.,HALLUCINATED,Easy,Factual Contradiction,"[0.65, 0.98]"
62,History,[History] Explain the invalid claim variation #62 in History.,Factual reference truth statement #62 for History.,HALLUCINATED,Medium,Entity Fabrication,"[0.65, 0.98]"
63,Medicine,[Medicine] What is the verified fundamental principle #63 in Medicine?,Verified scientific truth statement #63 for Medicine.,VERIFIED,Hard,None,"[0.00, 0.35]"
64,Finance,[Finance] Explain the invalid claim variation #64 in Finance.,Factual reference truth statement #64 for Finance.,HALLUCINATED,Easy,Temporal Anachronism,"[0.65, 0.98]"
65,Programming,[Programming] Explain the invalid claim variation #65 in Programming.,Factual reference truth statement #65 for Programming.,HALLUCINATED,Medium,Factual Contradiction,"[0.65, 0.98]"
66,Mathematics,[Mathematics] What is the verified fundamental principle #66 in Mathematics?,Verified scientific truth statement #66 for Mathematics.,VERIFIED,Hard,None,"[0.00, 0.35]"
67,Politics,[Politics] Explain the invalid claim variation #67 in Politics.,Factual reference truth statement #67 for Politics.,HALLUCINATED,Easy,Numerical Distortion,"[0.65, 0.98]"
68,Law,[Law] Explain the invalid claim variation #68 in Law.,Factual reference truth statement #68 for Law.,HALLUCINATED,Medium,Temporal Anachronism,"[0.65, 0.98]"
69,General Knowledge,[General Knowledge] What is the verified fundamental principle #69 in General Knowledge?,Verified scientific truth statement #69 for General Knowledge.,VERIFIED,Hard,None,"[0.00, 0.35]"
70,Geography,[Geography] Explain the invalid claim variation #70 in Geography.,Factual reference truth statement #70 for Geography.,HALLUCINATED,Easy,Entity Fabrication,"[0.65, 0.98]"
71,Science,[Science] Explain the invalid claim variation #71 in Science.,Factual reference truth statement #71 for Science.,HALLUCINATED,Medium,Numerical Distortion,"[0.65, 0.98]"
72,History,[History] What is the verified fundamental principle #72 in History?,Verified scientific truth statement #72 for History.,VERIFIED,Hard,None,"[0.00, 0.35]"
73,Medicine,[Medicine] Explain the invalid claim variation #73 in Medicine.,Factual reference truth statement #73 for Medicine.,HALLUCINATED,Easy,Factual Contradiction,"[0.65, 0.98]"
74,Finance,[Finance] Explain the invalid claim variation #74 in Finance.,Factual reference truth statement #74 for Finance.,HALLUCINATED,Medium,Entity Fabrication,"[0.65, 0.98]"
75,Programming,[Programming] What is the verified fundamental principle #75 in Programming?,Verified scientific truth statement #75 for Programming.,VERIFIED,Hard,None,"[0.00, 0.35]"
76,Mathematics,[Mathematics] Explain the invalid claim variation #76 in Mathematics.,Factual reference truth statement #76 for Mathematics.,HALLUCINATED,Easy,Temporal Anachronism,"[0.65, 0.98]"
77,Politics,[Politics] Explain the invalid claim variation #77 in Politics.,Factual reference truth statement #77 for Politics.,HALLUCINATED,Medium,Factual Contradiction,"[0.65, 0.98]"
78,Law,[Law] What is the verified fundamental principle #78 in Law?,Verified scientific truth statement #78 for Law.,VERIFIED,Hard,None,"[0.00, 0.35]"
79,General Knowledge,[General Knowledge] Explain the invalid claim variation #79 in General Knowledge.,Factual reference truth statement #79 for General Knowledge.,HALLUCINATED,Easy,Numerical Distortion,"[0.65, 0.98]"
80,Geography,[Geography] Explain the invalid claim variation #80 in Geography.,Factual reference truth statement #80 for Geography.,HALLUCINATED,Medium,Temporal Anachronism,"[0.65, 0.98]"
81,Science,[Science] What is the verified fundamental principle #81 in Science?,Verified scientific truth statement #81 for Science.,VERIFIED,Hard,None,"[0.00, 0.35]"
82,History,[History] Explain the invalid claim variation #82 in History.,Factual reference truth statement #82 for History.,HALLUCINATED,Easy,Entity Fabrication,"[0.65, 0.98]"
83,Medicine,[Medicine] Explain the invalid claim variation #83 in Medicine.,Factual reference truth statement #83 for Medicine.,HALLUCINATED,Medium,Numerical Distortion,"[0.65, 0.98]"
84,Finance,[Finance] What is the verified fundamental principle #84 in Finance?,Verified scientific truth statement #84 for Finance.,VERIFIED,Hard,None,"[0.00, 0.35]"
85,Programming,[Programming] Explain the invalid claim variation #85 in Programming.,Factual reference truth statement #85 for Programming.,HALLUCINATED,Easy,Factual Contradiction,"[0.65, 0.98]"
86,Mathematics,[Mathematics] Explain the invalid claim variation #86 in Mathematics.,Factual reference truth statement #86 for Mathematics.,HALLUCINATED,Medium,Entity Fabrication,"[0.65, 0.98]"
87,Politics,[Politics] What is the verified fundamental principle #87 in Politics?,Verified scientific truth statement #87 for Politics.,VERIFIED,Hard,None,"[0.00, 0.35]"
88,Law,[Law] Explain the invalid claim variation #88 in Law.,Factual reference truth statement #88 for Law.,HALLUCINATED,Easy,Temporal Anachronism,"[0.65, 0.98]"
89,General Knowledge,[General Knowledge] Explain the invalid claim variation #89 in General Knowledge.,Factual reference truth statement #89 for General Knowledge.,HALLUCINATED,Medium,Factual Contradiction,"[0.65, 0.98]"
90,Geography,[Geography] What is the verified fundamental principle #90 in Geography?,Verified scientific truth statement #90 for Geography.,VERIFIED,Hard,None,"[0.00, 0.35]"
91,Science,[Science] Explain the invalid claim variation #91 in Science.,Factual reference truth statement #91 for Science.,HALLUCINATED,Easy,Numerical Distortion,"[0.65, 0.98]"
92,History,[History] Explain the invalid claim variation #92 in History.,Factual reference truth statement #92 for History.,HALLUCINATED,Medium,Temporal Anachronism,"[0.65, 0.98]"
93,Medicine,[Medicine] What is the verified fundamental principle #93 in Medicine?,Verified scientific truth statement #93 for Medicine.,VERIFIED,Hard,None,"[0.00, 0.35]"
94,Finance,[Finance] Explain the invalid claim variation #94 in Finance.,Factual reference truth statement #94 for Finance.,HALLUCINATED,Easy,Entity Fabrication,"[0.65, 0.98]"
95,Programming,[Programming] Explain the invalid claim variation #95 in Programming.,Factual reference truth statement #95 for Programming.,HALLUCINATED,Medium,Numerical Distortion,"[0.65, 0.98]"
96,Mathematics,[Mathematics] What is the verified fundamental principle #96 in Mathematics?,Verified scientific truth statement #96 for Mathematics.,VERIFIED,Hard,None,"[0.00, 0.35]"
97,Politics,[Politics] Explain the invalid claim variation #97 in Politics.,Factual reference truth statement #97 for Politics.,HALLUCINATED,Easy,Factual Contradiction,"[0.65, 0.98]"
98,Law,[Law] Explain the invalid claim variation #98 in Law.,Factual reference truth statement #98 for Law.,HALLUCINATED,Medium,Entity Fabrication,"[0.65, 0.98]"
99,General Knowledge,[General Knowledge] What is the verified fundamental principle #99 in General Knowledge?,Verified scientific truth statement #99 for General Knowledge.,VERIFIED,Hard,None,"[0.00, 0.35]"
100,Geography,[Geography] Explain the invalid claim variation #100 in Geography.,Factual reference truth statement #100 for Geography.,HALLUCINATED,Easy,Temporal Anachronism,"[0.65, 0.98]"
101,Science,[Science] Explain the invalid claim variation #101 in Science.,Factual reference truth statement #101 for Science.,HALLUCINATED,Medium,Factual Contradiction,"[0.65, 0.98]"
102,History,[History] What is the verified fundamental principle #102 in History?,Verified scientific truth statement #102 for History.,VERIFIED,Hard,None,"[0.00, 0.35]"
103,Medicine,[Medicine] Explain the invalid claim variation #103 in Medicine.,Factual reference truth statement #103 for Medicine.,HALLUCINATED,Easy,Numerical Distortion,"[0.65, 0.98]"
104,Finance,[Finance] Explain the invalid claim variation #104 in Finance.,Factual reference truth statement #104 for Finance.,HALLUCINATED,Medium,Temporal Anachronism,"[0.65, 0.98]"
105,Programming,[Programming] What is the verified fundamental principle #105 in Programming?,Verified scientific truth statement #105 for Programming.,VERIFIED,Hard,None,"[0.00, 0.35]"
106,Mathematics,[Mathematics] Explain the invalid claim variation #106 in Mathematics.,Factual reference truth statement #106 for Mathematics.,HALLUCINATED,Easy,Entity Fabrication,"[0.65, 0.98]"
107,Politics,[Politics] Explain the invalid claim variation #107 in Politics.,Factual reference truth statement #107 for Politics.,HALLUCINATED,Medium,Numerical Distortion,"[0.65, 0.98]"
108,Law,[Law] What is the verified fundamental principle #108 in Law?,Verified scientific truth statement #108 for Law.,VERIFIED,Hard,None,"[0.00, 0.35]"
109,General Knowledge,[General Knowledge] Explain the invalid claim variation #109 in General Knowledge.,Factual reference truth statement #109 for General Knowledge.,HALLUCINATED,Easy,Factual Contradiction,"[0.65, 0.98]"
110,Geography,[Geography] Explain the invalid claim variation #110 in Geography.,Factual reference truth statement #110 for Geography.,HALLUCINATED,Medium,Entity Fabrication,"[0.65, 0.98]"
111,Science,[Science] What is the verified fundamental principle #111 in Science?,Verified scientific truth statement #111 for Science.,VERIFIED,Hard,None,"[0.00, 0.35]"
112,History,[History] Explain the invalid claim variation #112 in History.,Factual reference truth statement #112 for History.,HALLUCINATED,Easy,Temporal Anachronism,"[0.65, 0.98]"
113,Medicine,[Medicine] Explain the invalid claim variation #113 in Medicine.,Factual reference truth statement #113 for Medicine.,HALLUCINATED,Medium,Factual Contradiction,"[0.65, 0.98]"
114,Finance,[Finance] What is the verified fundamental principle #114 in Finance?,Verified scientific truth statement #114 for Finance.,VERIFIED,Hard,None,"[0.00, 0.35]"
115,Programming,[Programming] Explain the invalid claim variation #115 in Programming.,Factual reference truth statement #115 for Programming.,HALLUCINATED,Easy,Numerical Distortion,"[0.65, 0.98]"
116,Mathematics,[Mathematics] Explain the invalid claim variation #116 in Mathematics.,Factual reference truth statement #116 for Mathematics.,HALLUCINATED,Medium,Temporal Anachronism,"[0.65, 0.98]"
117,Politics,[Politics] What is the verified fundamental principle #117 in Politics?,Verified scientific truth statement #117 for Politics.,VERIFIED,Hard,None,"[0.00, 0.35]"
118,Law,[Law] Explain the invalid claim variation #118 in Law.,Factual reference truth statement #118 for Law.,HALLUCINATED,Easy,Entity Fabrication,"[0.65, 0.98]"
119,General Knowledge,[General Knowledge] Explain the invalid claim variation #119 in General Knowledge.,Factual reference truth statement #119 for General Knowledge.,HALLUCINATED,Medium,Numerical Distortion,"[0.65, 0.98]"
120,Geography,[Geography] What is the verified fundamental principle #120 in Geography?,Verified scientific truth statement #120 for Geography.,VERIFIED,Hard,None,"[0.00, 0.35]"
121,Science,[Science] Explain the invalid claim variation #121 in Science.,Factual reference truth statement #121 for Science.,HALLUCINATED,Easy,Factual Contradiction,"[0.65, 0.98]"
122,History,[History] Explain the invalid claim variation #122 in History.,Factual reference truth statement #122 for History.,HALLUCINATED,Medium,Entity Fabrication,"[0.65, 0.98]"
123,Medicine,[Medicine] What is the verified fundamental principle #123 in Medicine?,Verified scientific truth statement #123 for Medicine.,VERIFIED,Hard,None,"[0.00, 0.35]"
124,Finance,[Finance] Explain the invalid claim variation #124 in Finance.,Factual reference truth statement #124 for Finance.,HALLUCINATED,Easy,Temporal Anachronism,"[0.65, 0.98]"
125,Programming,[Programming] Explain the invalid claim variation #125 in Programming.,Factual reference truth statement #125 for Programming.,HALLUCINATED,Medium,Factual Contradiction,"[0.65, 0.98]"
126,Mathematics,[Mathematics] What is the verified fundamental principle #126 in Mathematics?,Verified scientific truth statement #126 for Mathematics.,VERIFIED,Hard,None,"[0.00, 0.35]"
127,Politics,[Politics] Explain the invalid claim variation #127 in Politics.,Factual reference truth statement #127 for Politics.,HALLUCINATED,Easy,Numerical Distortion,"[0.65, 0.98]"
128,Law,[Law] Explain the invalid claim variation #128 in Law.,Factual reference truth statement #128 for Law.,HALLUCINATED,Medium,Temporal Anachronism,"[0.65, 0.98]"
129,General Knowledge,[General Knowledge] What is the verified fundamental principle #129 in General Knowledge?,Verified scientific truth statement #129 for General Knowledge.,VERIFIED,Hard,None,"[0.00, 0.35]"
130,Geography,[Geography] Explain the invalid claim variation #130 in Geography.,Factual reference truth statement #130 for Geography.,HALLUCINATED,Easy,Entity Fabrication,"[0.65, 0.98]"
131,Science,[Science] Explain the invalid claim variation #131 in Science.,Factual reference truth statement #131 for Science.,HALLUCINATED,Medium,Numerical Distortion,"[0.65, 0.98]"
132,History,[History] What is the verified fundamental principle #132 in History?,Verified scientific truth statement #132 for History.,VERIFIED,Hard,None,"[0.00, 0.35]"
133,Medicine,[Medicine] Explain the invalid claim variation #133 in Medicine.,Factual reference truth statement #133 for Medicine.,HALLUCINATED,Easy,Factual Contradiction,"[0.65, 0.98]"
134,Finance,[Finance] Explain the invalid claim variation #134 in Finance.,Factual reference truth statement #134 for Finance.,HALLUCINATED,Medium,Entity Fabrication,"[0.65, 0.98]"
135,Programming,[Programming] What is the verified fundamental principle #135 in Programming?,Verified scientific truth statement #135 for Programming.,VERIFIED,Hard,None,"[0.00, 0.35]"
136,Mathematics,[Mathematics] Explain the invalid claim variation #136 in Mathematics.,Factual reference truth statement #136 for Mathematics.,HALLUCINATED,Easy,Temporal Anachronism,"[0.65, 0.98]"
137,Politics,[Politics] Explain the invalid claim variation #137 in Politics.,Factual reference truth statement #137 for Politics.,HALLUCINATED,Medium,Factual Contradiction,"[0.65, 0.98]"
138,Law,[Law] What is the verified fundamental principle #138 in Law?,Verified scientific truth statement #138 for Law.,VERIFIED,Hard,None,"[0.00, 0.35]"
139,General Knowledge,[General Knowledge] Explain the invalid claim variation #139 in General Knowledge.,Factual reference truth statement #139 for General Knowledge.,HALLUCINATED,Easy,Numerical Distortion,"[0.65, 0.98]"
140,Geography,[Geography] Explain the invalid claim variation #140 in Geography.,Factual reference truth statement #140 for Geography.,HALLUCINATED,Medium,Temporal Anachronism,"[0.65, 0.98]"
141,Science,[Science] What is the verified fundamental principle #141 in Science?,Verified scientific truth statement #141 for Science.,VERIFIED,Hard,None,"[0.00, 0.35]"
142,History,[History] Explain the invalid claim variation #142 in History.,Factual reference truth statement #142 for History.,HALLUCINATED,Easy,Entity Fabrication,"[0.65, 0.98]"
143,Medicine,[Medicine] Explain the invalid claim variation #143 in Medicine.,Factual reference truth statement #143 for Medicine.,HALLUCINATED,Medium,Numerical Distortion,"[0.65, 0.98]"
144,Finance,[Finance] What is the verified fundamental principle #144 in Finance?,Verified scientific truth statement #144 for Finance.,VERIFIED,Hard,None,"[0.00, 0.35]"
145,Programming,[Programming] Explain the invalid claim variation #145 in Programming.,Factual reference truth statement #145 for Programming.,HALLUCINATED,Easy,Factual Contradiction,"[0.65, 0.98]"
146,Mathematics,[Mathematics] Explain the invalid claim variation #146 in Mathematics.,Factual reference truth statement #146 for Mathematics.,HALLUCINATED,Medium,Entity Fabrication,"[0.65, 0.98]"
147,Politics,[Politics] What is the verified fundamental principle #147 in Politics?,Verified scientific truth statement #147 for Politics.,VERIFIED,Hard,None,"[0.00, 0.35]"
148,Law,[Law] Explain the invalid claim variation #148 in Law.,Factual reference truth statement #148 for Law.,HALLUCINATED,Easy,Temporal Anachronism,"[0.65, 0.98]"
149,General Knowledge,[General Knowledge] Explain the invalid claim variation #149 in General Knowledge.,Factual reference truth statement #149 for General Knowledge.,HALLUCINATED,Medium,Factual Contradiction,"[0.65, 0.98]"
150,Geography,[Geography] What is the verified fundamental principle #150 in Geography?,Verified scientific truth statement #150 for Geography.,VERIFIED,Hard,None,"[0.00, 0.35]"
151,Science,[Science] Explain the invalid claim variation #151 in Science.,Factual reference truth statement #151 for Science.,HALLUCINATED,Easy,Numerical Distortion,"[0.65, 0.98]"
152,History,[History] Explain the invalid claim variation #152 in History.,Factual reference truth statement #152 for History.,HALLUCINATED,Medium,Temporal Anachronism,"[0.65, 0.98]"
153,Medicine,[Medicine] What is the verified fundamental principle #153 in Medicine?,Verified scientific truth statement #153 for Medicine.,VERIFIED,Hard,None,"[0.00, 0.35]"
154,Finance,[Finance] Explain the invalid claim variation #154 in Finance.,Factual reference truth statement #154 for Finance.,HALLUCINATED,Easy,Entity Fabrication,"[0.65, 0.98]"
155,Programming,[Programming] Explain the invalid claim variation #155 in Programming.,Factual reference truth statement #155 for Programming.,HALLUCINATED,Medium,Numerical Distortion,"[0.65, 0.98]"
156,Mathematics,[Mathematics] What is the verified fundamental principle #156 in Mathematics?,Verified scientific truth statement #156 for Mathematics.,VERIFIED,Hard,None,"[0.00, 0.35]"
157,Politics,[Politics] Explain the invalid claim variation #157 in Politics.,Factual reference truth statement #157 for Politics.,HALLUCINATED,Easy,Factual Contradiction,"[0.65, 0.98]"
158,Law,[Law] Explain the invalid claim variation #158 in Law.,Factual reference truth statement #158 for Law.,HALLUCINATED,Medium,Entity Fabrication,"[0.65, 0.98]"
159,General Knowledge,[General Knowledge] What is the verified fundamental principle #159 in General Knowledge?,Verified scientific truth statement #159 for General Knowledge.,VERIFIED,Hard,None,"[0.00, 0.35]"
160,Geography,[Geography] Explain the invalid claim variation #160 in Geography.,Factual reference truth statement #160 for Geography.,HALLUCINATED,Easy,Temporal Anachronism,"[0.65, 0.98]"
161,Science,[Science] Explain the invalid claim variation #161 in Science.,Factual reference truth statement #161 for Science.,HALLUCINATED,Medium,Factual Contradiction,"[0.65, 0.98]"
162,History,[History] What is the verified fundamental principle #162 in History?,Verified scientific truth statement #162 for History.,VERIFIED,Hard,None,"[0.00, 0.35]"
163,Medicine,[Medicine] Explain the invalid claim variation #163 in Medicine.,Factual reference truth statement #163 for Medicine.,HALLUCINATED,Easy,Numerical Distortion,"[0.65, 0.98]"
164,Finance,[Finance] Explain the invalid claim variation #164 in Finance.,Factual reference truth statement #164 for Finance.,HALLUCINATED,Medium,Temporal Anachronism,"[0.65, 0.98]"
165,Programming,[Programming] What is the verified fundamental principle #165 in Programming?,Verified scientific truth statement #165 for Programming.,VERIFIED,Hard,None,"[0.00, 0.35]"
166,Mathematics,[Mathematics] Explain the invalid claim variation #166 in Mathematics.,Factual reference truth statement #166 for Mathematics.,HALLUCINATED,Easy,Entity Fabrication,"[0.65, 0.98]"
167,Politics,[Politics] Explain the invalid claim variation #167 in Politics.,Factual reference truth statement #167 for Politics.,HALLUCINATED,Medium,Numerical Distortion,"[0.65, 0.98]"
168,Law,[Law] What is the verified fundamental principle #168 in Law?,Verified scientific truth statement #168 for Law.,VERIFIED,Hard,None,"[0.00, 0.35]"
169,General Knowledge,[General Knowledge] Explain the invalid claim variation #169 in General Knowledge.,Factual reference truth statement #169 for General Knowledge.,HALLUCINATED,Easy,Factual Contradiction,"[0.65, 0.98]"
170,Geography,[Geography] Explain the invalid claim variation #170 in Geography.,Factual reference truth statement #170 for Geography.,HALLUCINATED,Medium,Entity Fabrication,"[0.65, 0.98]"
171,Science,[Science] What is the verified fundamental principle #171 in Science?,Verified scientific truth statement #171 for Science.,VERIFIED,Hard,None,"[0.00, 0.35]"
172,History,[History] Explain the invalid claim variation #172 in History.,Factual reference truth statement #172 for History.,HALLUCINATED,Easy,Temporal Anachronism,"[0.65, 0.98]"
173,Medicine,[Medicine] Explain the invalid claim variation #173 in Medicine.,Factual reference truth statement #173 for Medicine.,HALLUCINATED,Medium,Factual Contradiction,"[0.65, 0.98]"
174,Finance,[Finance] What is the verified fundamental principle #174 in Finance?,Verified scientific truth statement #174 for Finance.,VERIFIED,Hard,None,"[0.00, 0.35]"
175,Programming,[Programming] Explain the invalid claim variation #175 in Programming.,Factual reference truth statement #175 for Programming.,HALLUCINATED,Easy,Numerical Distortion,"[0.65, 0.98]"
176,Mathematics,[Mathematics] Explain the invalid claim variation #176 in Mathematics.,Factual reference truth statement #176 for Mathematics.,HALLUCINATED,Medium,Temporal Anachronism,"[0.65, 0.98]"
177,Politics,[Politics] What is the verified fundamental principle #177 in Politics?,Verified scientific truth statement #177 for Politics.,VERIFIED,Hard,None,"[0.00, 0.35]"
178,Law,[Law] Explain the invalid claim variation #178 in Law.,Factual reference truth statement #178 for Law.,HALLUCINATED,Easy,Entity Fabrication,"[0.65, 0.98]"
179,General Knowledge,[General Knowledge] Explain the invalid claim variation #179 in General Knowledge.,Factual reference truth statement #179 for General Knowledge.,HALLUCINATED,Medium,Numerical Distortion,"[0.65, 0.98]"
180,Geography,[Geography] What is the verified fundamental principle #180 in Geography?,Verified scientific truth statement #180 for Geography.,VERIFIED,Hard,None,"[0.00, 0.35]"
181,Science,[Science] Explain the invalid claim variation #181 in Science.,Factual reference truth statement #181 for Science.,HALLUCINATED,Easy,Factual Contradiction,"[0.65, 0.98]"
182,History,[History] Explain the invalid claim variation #182 in History.,Factual reference truth statement #182 for History.,HALLUCINATED,Medium,Entity Fabrication,"[0.65, 0.98]"
183,Medicine,[Medicine] What is the verified fundamental principle #183 in Medicine?,Verified scientific truth statement #183 for Medicine.,VERIFIED,Hard,None,"[0.00, 0.35]"
184,Finance,[Finance] Explain the invalid claim variation #184 in Finance.,Factual reference truth statement #184 for Finance.,HALLUCINATED,Easy,Temporal Anachronism,"[0.65, 0.98]"
185,Programming,[Programming] Explain the invalid claim variation #185 in Programming.,Factual reference truth statement #185 for Programming.,HALLUCINATED,Medium,Factual Contradiction,"[0.65, 0.98]"
186,Mathematics,[Mathematics] What is the verified fundamental principle #186 in Mathematics?,Verified scientific truth statement #186 for Mathematics.,VERIFIED,Hard,None,"[0.00, 0.35]"
187,Politics,[Politics] Explain the invalid claim variation #187 in Politics.,Factual reference truth statement #187 for Politics.,HALLUCINATED,Easy,Numerical Distortion,"[0.65, 0.98]"
188,Law,[Law] Explain the invalid claim variation #188 in Law.,Factual reference truth statement #188 for Law.,HALLUCINATED,Medium,Temporal Anachronism,"[0.65, 0.98]"
189,General Knowledge,[General Knowledge] What is the verified fundamental principle #189 in General Knowledge?,Verified scientific truth statement #189 for General Knowledge.,VERIFIED,Hard,None,"[0.00, 0.35]"
190,Geography,[Geography] Explain the invalid claim variation #190 in Geography.,Factual reference truth statement #190 for Geography.,HALLUCINATED,Easy,Entity Fabrication,"[0.65, 0.98]"
191,Science,[Science] Explain the invalid claim variation #191 in Science.,Factual reference truth statement #191 for Science.,HALLUCINATED,Medium,Numerical Distortion,"[0.65, 0.98]"
192,History,[History] What is the verified fundamental principle #192 in History?,Verified scientific truth statement #192 for History.,VERIFIED,Hard,None,"[0.00, 0.35]"
193,Medicine,[Medicine] Explain the invalid claim variation #193 in Medicine.,Factual reference truth statement #193 for Medicine.,HALLUCINATED,Easy,Factual Contradiction,"[0.65, 0.98]"
194,Finance,[Finance] Explain the invalid claim variation #194 in Finance.,Factual reference truth statement #194 for Finance.,HALLUCINATED,Medium,Entity Fabrication,"[0.65, 0.98]"
195,Programming,[Programming] What is the verified fundamental principle #195 in Programming?,Verified scientific truth statement #195 for Programming.,VERIFIED,Hard,None,"[0.00, 0.35]"
196,Mathematics,[Mathematics] Explain the invalid claim variation #196 in Mathematics.,Factual reference truth statement #196 for Mathematics.,HALLUCINATED,Easy,Temporal Anachronism,"[0.65, 0.98]"
197,Politics,[Politics] Explain the invalid claim variation #197 in Politics.,Factual reference truth statement #197 for Politics.,HALLUCINATED,Medium,Factual Contradiction,"[0.65, 0.98]"
198,Law,[Law] What is the verified fundamental principle #198 in Law?,Verified scientific truth statement #198 for Law.,VERIFIED,Hard,None,"[0.00, 0.35]"
199,General Knowledge,[General Knowledge] Explain the invalid claim variation #199 in General Knowledge.,Factual reference truth statement #199 for General Knowledge.,HALLUCINATED,Easy,Numerical Distortion,"[0.65, 0.98]"
200,Geography,[Geography] Explain the invalid claim variation #200 in Geography.,Factual reference truth statement #200 for Geography.,HALLUCINATED,Medium,Temporal Anachronism,"[0.65, 0.98]"
201,Science,[Science] What is the verified fundamental principle #201 in Science?,Verified scientific truth statement #201 for Science.,VERIFIED,Hard,None,"[0.00, 0.35]"
202,History,[History] Explain the invalid claim variation #202 in History.,Factual reference truth statement #202 for History.,HALLUCINATED,Easy,Entity Fabrication,"[0.65, 0.98]"
203,Medicine,[Medicine] Explain the invalid claim variation #203 in Medicine.,Factual reference truth statement #203 for Medicine.,HALLUCINATED,Medium,Numerical Distortion,"[0.65, 0.98]"
204,Finance,[Finance] What is the verified fundamental principle #204 in Finance?,Verified scientific truth statement #204 for Finance.,VERIFIED,Hard,None,"[0.00, 0.35]"
205,Programming,[Programming] Explain the invalid claim variation #205 in Programming.,Factual reference truth statement #205 for Programming.,HALLUCINATED,Easy,Factual Contradiction,"[0.65, 0.98]"
206,Mathematics,[Mathematics] Explain the invalid claim variation #206 in Mathematics.,Factual reference truth statement #206 for Mathematics.,HALLUCINATED,Medium,Entity Fabrication,"[0.65, 0.98]"
207,Politics,[Politics] What is the verified fundamental principle #207 in Politics?,Verified scientific truth statement #207 for Politics.,VERIFIED,Hard,None,"[0.00, 0.35]"
208,Law,[Law] Explain the invalid claim variation #208 in Law.,Factual reference truth statement #208 for Law.,HALLUCINATED,Easy,Temporal Anachronism,"[0.65, 0.98]"
209,General Knowledge,[General Knowledge] Explain the invalid claim variation #209 in General Knowledge.,Factual reference truth statement #209 for General Knowledge.,HALLUCINATED,Medium,Factual Contradiction,"[0.65, 0.98]"
210,Geography,[Geography] What is the verified fundamental principle #210 in Geography?,Verified scientific truth statement #210 for Geography.,VERIFIED,Hard,None,"[0.00, 0.35]"
211,Science,[Science] Explain the invalid claim variation #211 in Science.,Factual reference truth statement #211 for Science.,HALLUCINATED,Easy,Numerical Distortion,"[0.65, 0.98]"
212,History,[History] Explain the invalid claim variation #212 in History.,Factual reference truth statement #212 for History.,HALLUCINATED,Medium,Temporal Anachronism,"[0.65, 0.98]"
213,Medicine,[Medicine] What is the verified fundamental principle #213 in Medicine?,Verified scientific truth statement #213 for Medicine.,VERIFIED,Hard,None,"[0.00, 0.35]"
214,Finance,[Finance] Explain the invalid claim variation #214 in Finance.,Factual reference truth statement #214 for Finance.,HALLUCINATED,Easy,Entity Fabrication,"[0.65, 0.98]"
215,Programming,[Programming] Explain the invalid claim variation #215 in Programming.,Factual reference truth statement #215 for Programming.,HALLUCINATED,Medium,Numerical Distortion,"[0.65, 0.98]"
216,Mathematics,[Mathematics] What is the verified fundamental principle #216 in Mathematics?,Verified scientific truth statement #216 for Mathematics.,VERIFIED,Hard,None,"[0.00, 0.35]"
217,Politics,[Politics] Explain the invalid claim variation #217 in Politics.,Factual reference truth statement #217 for Politics.,HALLUCINATED,Easy,Factual Contradiction,"[0.65, 0.98]"
218,Law,[Law] Explain the invalid claim variation #218 in Law.,Factual reference truth statement #218 for Law.,HALLUCINATED,Medium,Entity Fabrication,"[0.65, 0.98]"
219,General Knowledge,[General Knowledge] What is the verified fundamental principle #219 in General Knowledge?,Verified scientific truth statement #219 for General Knowledge.,VERIFIED,Hard,None,"[0.00, 0.35]"
220,Geography,[Geography] Explain the invalid claim variation #220 in Geography.,Factual reference truth statement #220 for Geography.,HALLUCINATED,Easy,Temporal Anachronism,"[0.65, 0.98]"
221,Science,[Science] Explain the invalid claim variation #221 in Science.,Factual reference truth statement #221 for Science.,HALLUCINATED,Medium,Factual Contradiction,"[0.65, 0.98]"
222,History,[History] What is the verified fundamental principle #222 in History?,Verified scientific truth statement #222 for History.,VERIFIED,Hard,None,"[0.00, 0.35]"
223,Medicine,[Medicine] Explain the invalid claim variation #223 in Medicine.,Factual reference truth statement #223 for Medicine.,HALLUCINATED,Easy,Numerical Distortion,"[0.65, 0.98]"
224,Finance,[Finance] Explain the invalid claim variation #224 in Finance.,Factual reference truth statement #224 for Finance.,HALLUCINATED,Medium,Temporal Anachronism,"[0.65, 0.98]"
225,Programming,[Programming] What is the verified fundamental principle #225 in Programming?,Verified scientific truth statement #225 for Programming.,VERIFIED,Hard,None,"[0.00, 0.35]"
226,Mathematics,[Mathematics] Explain the invalid claim variation #226 in Mathematics.,Factual reference truth statement #226 for Mathematics.,HALLUCINATED,Easy,Entity Fabrication,"[0.65, 0.98]"
227,Politics,[Politics] Explain the invalid claim variation #227 in Politics.,Factual reference truth statement #227 for Politics.,HALLUCINATED,Medium,Numerical Distortion,"[0.65, 0.98]"
228,Law,[Law] What is the verified fundamental principle #228 in Law?,Verified scientific truth statement #228 for Law.,VERIFIED,Hard,None,"[0.00, 0.35]"
229,General Knowledge,[General Knowledge] Explain the invalid claim variation #229 in General Knowledge.,Factual reference truth statement #229 for General Knowledge.,HALLUCINATED,Easy,Factual Contradiction,"[0.65, 0.98]"
230,Geography,[Geography] Explain the invalid claim variation #230 in Geography.,Factual reference truth statement #230 for Geography.,HALLUCINATED,Medium,Entity Fabrication,"[0.65, 0.98]"
231,Science,[Science] What is the verified fundamental principle #231 in Science?,Verified scientific truth statement #231 for Science.,VERIFIED,Hard,None,"[0.00, 0.35]"
232,History,[History] Explain the invalid claim variation #232 in History.,Factual reference truth statement #232 for History.,HALLUCINATED,Easy,Temporal Anachronism,"[0.65, 0.98]"
233,Medicine,[Medicine] Explain the invalid claim variation #233 in Medicine.,Factual reference truth statement #233 for Medicine.,HALLUCINATED,Medium,Factual Contradiction,"[0.65, 0.98]"
234,Finance,[Finance] What is the verified fundamental principle #234 in Finance?,Verified scientific truth statement #234 for Finance.,VERIFIED,Hard,None,"[0.00, 0.35]"
235,Programming,[Programming] Explain the invalid claim variation #235 in Programming.,Factual reference truth statement #235 for Programming.,HALLUCINATED,Easy,Numerical Distortion,"[0.65, 0.98]"
236,Mathematics,[Mathematics] Explain the invalid claim variation #236 in Mathematics.,Factual reference truth statement #236 for Mathematics.,HALLUCINATED,Medium,Temporal Anachronism,"[0.65, 0.98]"
237,Politics,[Politics] What is the verified fundamental principle #237 in Politics?,Verified scientific truth statement #237 for Politics.,VERIFIED,Hard,None,"[0.00, 0.35]"
238,Law,[Law] Explain the invalid claim variation #238 in Law.,Factual reference truth statement #238 for Law.,HALLUCINATED,Easy,Entity Fabrication,"[0.65, 0.98]"
239,General Knowledge,[General Knowledge] Explain the invalid claim variation #239 in General Knowledge.,Factual reference truth statement #239 for General Knowledge.,HALLUCINATED,Medium,Numerical Distortion,"[0.65, 0.98]"
240,Geography,[Geography] What is the verified fundamental principle #240 in Geography?,Verified scientific truth statement #240 for Geography.,VERIFIED,Hard,None,"[0.00, 0.35]"
241,Science,[Science] Explain the invalid claim variation #241 in Science.,Factual reference truth statement #241 for Science.,HALLUCINATED,Easy,Factual Contradiction,"[0.65, 0.98]"
242,History,[History] Explain the invalid claim variation #242 in History.,Factual reference truth statement #242 for History.,HALLUCINATED,Medium,Entity Fabrication,"[0.65, 0.98]"
243,Medicine,[Medicine] What is the verified fundamental principle #243 in Medicine?,Verified scientific truth statement #243 for Medicine.,VERIFIED,Hard,None,"[0.00, 0.35]"
244,Finance,[Finance] Explain the invalid claim variation #244 in Finance.,Factual reference truth statement #244 for Finance.,HALLUCINATED,Easy,Temporal Anachronism,"[0.65, 0.98]"
245,Programming,[Programming] Explain the invalid claim variation #245 in Programming.,Factual reference truth statement #245 for Programming.,HALLUCINATED,Medium,Factual Contradiction,"[0.65, 0.98]"
246,Mathematics,[Mathematics] What is the verified fundamental principle #246 in Mathematics?,Verified scientific truth statement #246 for Mathematics.,VERIFIED,Hard,None,"[0.00, 0.35]"
247,Politics,[Politics] Explain the invalid claim variation #247 in Politics.,Factual reference truth statement #247 for Politics.,HALLUCINATED,Easy,Numerical Distortion,"[0.65, 0.98]"
248,Law,[Law] Explain the invalid claim variation #248 in Law.,Factual reference truth statement #248 for Law.,HALLUCINATED,Medium,Temporal Anachronism,"[0.65, 0.98]"
249,General Knowledge,[General Knowledge] What is the verified fundamental principle #249 in General Knowledge?,Verified scientific truth statement #249 for General Knowledge.,VERIFIED,Hard,None,"[0.00, 0.35]"
250,Geography,[Geography] Explain the invalid claim variation #250 in Geography.,Factual reference truth statement #250 for Geography.,HALLUCINATED,Easy,Entity Fabrication,"[0.65, 0.98]"
251,Science,[Science] Explain the invalid claim variation #251 in Science.,Factual reference truth statement #251 for Science.,HALLUCINATED,Medium,Numerical Distortion,"[0.65, 0.98]"
252,History,[History] What is the verified fundamental principle #252 in History?,Verified scientific truth statement #252 for History.,VERIFIED,Hard,None,"[0.00, 0.35]"
253,Medicine,[Medicine] Explain the invalid claim variation #253 in Medicine.,Factual reference truth statement #253 for Medicine.,HALLUCINATED,Easy,Factual Contradiction,"[0.65, 0.98]"
254,Finance,[Finance] Explain the invalid claim variation #254 in Finance.,Factual reference truth statement #254 for Finance.,HALLUCINATED,Medium,Entity Fabrication,"[0.65, 0.98]"
255,Programming,[Programming] What is the verified fundamental principle #255 in Programming?,Verified scientific truth statement #255 for Programming.,VERIFIED,Hard,None,"[0.00, 0.35]"
256,Mathematics,[Mathematics] Explain the invalid claim variation #256 in Mathematics.,Factual reference truth statement #256 for Mathematics.,HALLUCINATED,Easy,Temporal Anachronism,"[0.65, 0.98]"
257,Politics,[Politics] Explain the invalid claim variation #257 in Politics.,Factual reference truth statement #257 for Politics.,HALLUCINATED,Medium,Factual Contradiction,"[0.65, 0.98]"
258,Law,[Law] What is the verified fundamental principle #258 in Law?,Verified scientific truth statement #258 for Law.,VERIFIED,Hard,None,"[0.00, 0.35]"
259,General Knowledge,[General Knowledge] Explain the invalid claim variation #259 in General Knowledge.,Factual reference truth statement #259 for General Knowledge.,HALLUCINATED,Easy,Numerical Distortion,"[0.65, 0.98]"
260,Geography,[Geography] Explain the invalid claim variation #260 in Geography.,Factual reference truth statement #260 for Geography.,HALLUCINATED,Medium,Temporal Anachronism,"[0.65, 0.98]"
261,Science,[Science] What is the verified fundamental principle #261 in Science?,Verified scientific truth statement #261 for Science.,VERIFIED,Hard,None,"[0.00, 0.35]"
262,History,[History] Explain the invalid claim variation #262 in History.,Factual reference truth statement #262 for History.,HALLUCINATED,Easy,Entity Fabrication,"[0.65, 0.98]"
263,Medicine,[Medicine] Explain the invalid claim variation #263 in Medicine.,Factual reference truth statement #263 for Medicine.,HALLUCINATED,Medium,Numerical Distortion,"[0.65, 0.98]"
264,Finance,[Finance] What is the verified fundamental principle #264 in Finance?,Verified scientific truth statement #264 for Finance.,VERIFIED,Hard,None,"[0.00, 0.35]"
265,Programming,[Programming] Explain the invalid claim variation #265 in Programming.,Factual reference truth statement #265 for Programming.,HALLUCINATED,Easy,Factual Contradiction,"[0.65, 0.98]"
266,Mathematics,[Mathematics] Explain the invalid claim variation #266 in Mathematics.,Factual reference truth statement #266 for Mathematics.,HALLUCINATED,Medium,Entity Fabrication,"[0.65, 0.98]"
267,Politics,[Politics] What is the verified fundamental principle #267 in Politics?,Verified scientific truth statement #267 for Politics.,VERIFIED,Hard,None,"[0.00, 0.35]"
268,Law,[Law] Explain the invalid claim variation #268 in Law.,Factual reference truth statement #268 for Law.,HALLUCINATED,Easy,Temporal Anachronism,"[0.65, 0.98]"
269,General Knowledge,[General Knowledge] Explain the invalid claim variation #269 in General Knowledge.,Factual reference truth statement #269 for General Knowledge.,HALLUCINATED,Medium,Factual Contradiction,"[0.65, 0.98]"
270,Geography,[Geography] What is the verified fundamental principle #270 in Geography?,Verified scientific truth statement #270 for Geography.,VERIFIED,Hard,None,"[0.00, 0.35]"
271,Science,[Science] Explain the invalid claim variation #271 in Science.,Factual reference truth statement #271 for Science.,HALLUCINATED,Easy,Numerical Distortion,"[0.65, 0.98]"
272,History,[History] Explain the invalid claim variation #272 in History.,Factual reference truth statement #272 for History.,HALLUCINATED,Medium,Temporal Anachronism,"[0.65, 0.98]"
273,Medicine,[Medicine] What is the verified fundamental principle #273 in Medicine?,Verified scientific truth statement #273 for Medicine.,VERIFIED,Hard,None,"[0.00, 0.35]"
274,Finance,[Finance] Explain the invalid claim variation #274 in Finance.,Factual reference truth statement #274 for Finance.,HALLUCINATED,Easy,Entity Fabrication,"[0.65, 0.98]"
275,Programming,[Programming] Explain the invalid claim variation #275 in Programming.,Factual reference truth statement #275 for Programming.,HALLUCINATED,Medium,Numerical Distortion,"[0.65, 0.98]"
276,Mathematics,[Mathematics] What is the verified fundamental principle #276 in Mathematics?,Verified scientific truth statement #276 for Mathematics.,VERIFIED,Hard,None,"[0.00, 0.35]"
277,Politics,[Politics] Explain the invalid claim variation #277 in Politics.,Factual reference truth statement #277 for Politics.,HALLUCINATED,Easy,Factual Contradiction,"[0.65, 0.98]"
278,Law,[Law] Explain the invalid claim variation #278 in Law.,Factual reference truth statement #278 for Law.,HALLUCINATED,Medium,Entity Fabrication,"[0.65, 0.98]"
279,General Knowledge,[General Knowledge] What is the verified fundamental principle #279 in General Knowledge?,Verified scientific truth statement #279 for General Knowledge.,VERIFIED,Hard,None,"[0.00, 0.35]"
280,Geography,[Geography] Explain the invalid claim variation #280 in Geography.,Factual reference truth statement #280 for Geography.,HALLUCINATED,Easy,Temporal Anachronism,"[0.65, 0.98]"
281,Science,[Science] Explain the invalid claim variation #281 in Science.,Factual reference truth statement #281 for Science.,HALLUCINATED,Medium,Factual Contradiction,"[0.65, 0.98]"
282,History,[History] What is the verified fundamental principle #282 in History?,Verified scientific truth statement #282 for History.,VERIFIED,Hard,None,"[0.00, 0.35]"
283,Medicine,[Medicine] Explain the invalid claim variation #283 in Medicine.,Factual reference truth statement #283 for Medicine.,HALLUCINATED,Easy,Numerical Distortion,"[0.65, 0.98]"
284,Finance,[Finance] Explain the invalid claim variation #284 in Finance.,Factual reference truth statement #284 for Finance.,HALLUCINATED,Medium,Temporal Anachronism,"[0.65, 0.98]"
285,Programming,[Programming] What is the verified fundamental principle #285 in Programming?,Verified scientific truth statement #285 for Programming.,VERIFIED,Hard,None,"[0.00, 0.35]"
286,Mathematics,[Mathematics] Explain the invalid claim variation #286 in Mathematics.,Factual reference truth statement #286 for Mathematics.,HALLUCINATED,Easy,Entity Fabrication,"[0.65, 0.98]"
287,Politics,[Politics] Explain the invalid claim variation #287 in Politics.,Factual reference truth statement #287 for Politics.,HALLUCINATED,Medium,Numerical Distortion,"[0.65, 0.98]"
288,Law,[Law] What is the verified fundamental principle #288 in Law?,Verified scientific truth statement #288 for Law.,VERIFIED,Hard,None,"[0.00, 0.35]"
289,General Knowledge,[General Knowledge] Explain the invalid claim variation #289 in General Knowledge.,Factual reference truth statement #289 for General Knowledge.,HALLUCINATED,Easy,Factual Contradiction,"[0.65, 0.98]"
290,Geography,[Geography] Explain the invalid claim variation #290 in Geography.,Factual reference truth statement #290 for Geography.,HALLUCINATED,Medium,Entity Fabrication,"[0.65, 0.98]"
291,Science,[Science] What is the verified fundamental principle #291 in Science?,Verified scientific truth statement #291 for Science.,VERIFIED,Hard,None,"[0.00, 0.35]"
292,History,[History] Explain the invalid claim variation #292 in History.,Factual reference truth statement #292 for History.,HALLUCINATED,Easy,Temporal Anachronism,"[0.65, 0.98]"
293,Medicine,[Medicine] Explain the invalid claim variation #293 in Medicine.,Factual reference truth statement #293 for Medicine.,HALLUCINATED,Medium,Factual Contradiction,"[0.65, 0.98]"
294,Finance,[Finance] What is the verified fundamental principle #294 in Finance?,Verified scientific truth statement #294 for Finance.,VERIFIED,Hard,None,"[0.00, 0.35]"
295,Programming,[Programming] Explain the invalid claim variation #295 in Programming.,Factual reference truth statement #295 for Programming.,HALLUCINATED,Easy,Numerical Distortion,"[0.65, 0.98]"
296,Mathematics,[Mathematics] Explain the invalid claim variation #296 in Mathematics.,Factual reference truth statement #296 for Mathematics.,HALLUCINATED,Medium,Temporal Anachronism,"[0.65, 0.98]"
297,Politics,[Politics] What is the verified fundamental principle #297 in Politics?,Verified scientific truth statement #297 for Politics.,VERIFIED,Hard,None,"[0.00, 0.35]"
298,Law,[Law] Explain the invalid claim variation #298 in Law.,Factual reference truth statement #298 for Law.,HALLUCINATED,Easy,Entity Fabrication,"[0.65, 0.98]"
299,General Knowledge,[General Knowledge] Explain the invalid claim variation #299 in General Knowledge.,Factual reference truth statement #299 for General Knowledge.,HALLUCINATED,Medium,Numerical Distortion,"[0.65, 0.98]"
300,Geography,[Geography] What is the verified fundamental principle #300 in Geography?,Verified scientific truth statement #300 for Geography.,VERIFIED,Hard,None,"[0.00, 0.35]"
301,Science,[Science] Explain the invalid claim variation #301 in Science.,Factual reference truth statement #301 for Science.,HALLUCINATED,Easy,Factual Contradiction,"[0.65, 0.98]"
302,History,[History] Explain the invalid claim variation #302 in History.,Factual reference truth statement #302 for History.,HALLUCINATED,Medium,Entity Fabrication,"[0.65, 0.98]"
303,Medicine,[Medicine] What is the verified fundamental principle #303 in Medicine?,Verified scientific truth statement #303 for Medicine.,VERIFIED,Hard,None,"[0.00, 0.35]"
304,Finance,[Finance] Explain the invalid claim variation #304 in Finance.,Factual reference truth statement #304 for Finance.,HALLUCINATED,Easy,Temporal Anachronism,"[0.65, 0.98]"
305,Programming,[Programming] Explain the invalid claim variation #305 in Programming.,Factual reference truth statement #305 for Programming.,HALLUCINATED,Medium,Factual Contradiction,"[0.65, 0.98]"
306,Mathematics,[Mathematics] What is the verified fundamental principle #306 in Mathematics?,Verified scientific truth statement #306 for Mathematics.,VERIFIED,Hard,None,"[0.00, 0.35]"
307,Politics,[Politics] Explain the invalid claim variation #307 in Politics.,Factual reference truth statement #307 for Politics.,HALLUCINATED,Easy,Numerical Distortion,"[0.65, 0.98]"
308,Law,[Law] Explain the invalid claim variation #308 in Law.,Factual reference truth statement #308 for Law.,HALLUCINATED,Medium,Temporal Anachronism,"[0.65, 0.98]"
309,General Knowledge,[General Knowledge] What is the verified fundamental principle #309 in General Knowledge?,Verified scientific truth statement #309 for General Knowledge.,VERIFIED,Hard,None,"[0.00, 0.35]"
310,Geography,[Geography] Explain the invalid claim variation #310 in Geography.,Factual reference truth statement #310 for Geography.,HALLUCINATED,Easy,Entity Fabrication,"[0.65, 0.98]"
311,Science,[Science] Explain the invalid claim variation #311 in Science.,Factual reference truth statement #311 for Science.,HALLUCINATED,Medium,Numerical Distortion,"[0.65, 0.98]"
312,History,[History] What is the verified fundamental principle #312 in History?,Verified scientific truth statement #312 for History.,VERIFIED,Hard,None,"[0.00, 0.35]"
313,Medicine,[Medicine] Explain the invalid claim variation #313 in Medicine.,Factual reference truth statement #313 for Medicine.,HALLUCINATED,Easy,Factual Contradiction,"[0.65, 0.98]"
314,Finance,[Finance] Explain the invalid claim variation #314 in Finance.,Factual reference truth statement #314 for Finance.,HALLUCINATED,Medium,Entity Fabrication,"[0.65, 0.98]"
315,Programming,[Programming] What is the verified fundamental principle #315 in Programming?,Verified scientific truth statement #315 for Programming.,VERIFIED,Hard,None,"[0.00, 0.35]"
316,Mathematics,[Mathematics] Explain the invalid claim variation #316 in Mathematics.,Factual reference truth statement #316 for Mathematics.,HALLUCINATED,Easy,Temporal Anachronism,"[0.65, 0.98]"
317,Politics,[Politics] Explain the invalid claim variation #317 in Politics.,Factual reference truth statement #317 for Politics.,HALLUCINATED,Medium,Factual Contradiction,"[0.65, 0.98]"
318,Law,[Law] What is the verified fundamental principle #318 in Law?,Verified scientific truth statement #318 for Law.,VERIFIED,Hard,None,"[0.00, 0.35]"
319,General Knowledge,[General Knowledge] Explain the invalid claim variation #319 in General Knowledge.,Factual reference truth statement #319 for General Knowledge.,HALLUCINATED,Easy,Numerical Distortion,"[0.65, 0.98]"
320,Geography,[Geography] Explain the invalid claim variation #320 in Geography.,Factual reference truth statement #320 for Geography.,HALLUCINATED,Medium,Temporal Anachronism,"[0.65, 0.98]"
321,Science,[Science] What is the verified fundamental principle #321 in Science?,Verified scientific truth statement #321 for Science.,VERIFIED,Hard,None,"[0.00, 0.35]"
322,History,[History] Explain the invalid claim variation #322 in History.,Factual reference truth statement #322 for History.,HALLUCINATED,Easy,Entity Fabrication,"[0.65, 0.98]"
323,Medicine,[Medicine] Explain the invalid claim variation #323 in Medicine.,Factual reference truth statement #323 for Medicine.,HALLUCINATED,Medium,Numerical Distortion,"[0.65, 0.98]"
324,Finance,[Finance] What is the verified fundamental principle #324 in Finance?,Verified scientific truth statement #324 for Finance.,VERIFIED,Hard,None,"[0.00, 0.35]"
325,Programming,[Programming] Explain the invalid claim variation #325 in Programming.,Factual reference truth statement #325 for Programming.,HALLUCINATED,Easy,Factual Contradiction,"[0.65, 0.98]"
326,Mathematics,[Mathematics] Explain the invalid claim variation #326 in Mathematics.,Factual reference truth statement #326 for Mathematics.,HALLUCINATED,Medium,Entity Fabrication,"[0.65, 0.98]"
327,Politics,[Politics] What is the verified fundamental principle #327 in Politics?,Verified scientific truth statement #327 for Politics.,VERIFIED,Hard,None,"[0.00, 0.35]"
328,Law,[Law] Explain the invalid claim variation #328 in Law.,Factual reference truth statement #328 for Law.,HALLUCINATED,Easy,Temporal Anachronism,"[0.65, 0.98]"
329,General Knowledge,[General Knowledge] Explain the invalid claim variation #329 in General Knowledge.,Factual reference truth statement #329 for General Knowledge.,HALLUCINATED,Medium,Factual Contradiction,"[0.65, 0.98]"
330,Geography,[Geography] What is the verified fundamental principle #330 in Geography?,Verified scientific truth statement #330 for Geography.,VERIFIED,Hard,None,"[0.00, 0.35]"
331,Science,[Science] Explain the invalid claim variation #331 in Science.,Factual reference truth statement #331 for Science.,HALLUCINATED,Easy,Numerical Distortion,"[0.65, 0.98]"
332,History,[History] Explain the invalid claim variation #332 in History.,Factual reference truth statement #332 for History.,HALLUCINATED,Medium,Temporal Anachronism,"[0.65, 0.98]"
333,Medicine,[Medicine] What is the verified fundamental principle #333 in Medicine?,Verified scientific truth statement #333 for Medicine.,VERIFIED,Hard,None,"[0.00, 0.35]"
334,Finance,[Finance] Explain the invalid claim variation #334 in Finance.,Factual reference truth statement #334 for Finance.,HALLUCINATED,Easy,Entity Fabrication,"[0.65, 0.98]"
335,Programming,[Programming] Explain the invalid claim variation #335 in Programming.,Factual reference truth statement #335 for Programming.,HALLUCINATED,Medium,Numerical Distortion,"[0.65, 0.98]"
336,Mathematics,[Mathematics] What is the verified fundamental principle #336 in Mathematics?,Verified scientific truth statement #336 for Mathematics.,VERIFIED,Hard,None,"[0.00, 0.35]"
337,Politics,[Politics] Explain the invalid claim variation #337 in Politics.,Factual reference truth statement #337 for Politics.,HALLUCINATED,Easy,Factual Contradiction,"[0.65, 0.98]"
338,Law,[Law] Explain the invalid claim variation #338 in Law.,Factual reference truth statement #338 for Law.,HALLUCINATED,Medium,Entity Fabrication,"[0.65, 0.98]"
339,General Knowledge,[General Knowledge] What is the verified fundamental principle #339 in General Knowledge?,Verified scientific truth statement #339 for General Knowledge.,VERIFIED,Hard,None,"[0.00, 0.35]"
340,Geography,[Geography] Explain the invalid claim variation #340 in Geography.,Factual reference truth statement #340 for Geography.,HALLUCINATED,Easy,Temporal Anachronism,"[0.65, 0.98]"
341,Science,[Science] Explain the invalid claim variation #341 in Science.,Factual reference truth statement #341 for Science.,HALLUCINATED,Medium,Factual Contradiction,"[0.65, 0.98]"
342,History,[History] What is the verified fundamental principle #342 in History?,Verified scientific truth statement #342 for History.,VERIFIED,Hard,None,"[0.00, 0.35]"
343,Medicine,[Medicine] Explain the invalid claim variation #343 in Medicine.,Factual reference truth statement #343 for Medicine.,HALLUCINATED,Easy,Numerical Distortion,"[0.65, 0.98]"
344,Finance,[Finance] Explain the invalid claim variation #344 in Finance.,Factual reference truth statement #344 for Finance.,HALLUCINATED,Medium,Temporal Anachronism,"[0.65, 0.98]"
345,Programming,[Programming] What is the verified fundamental principle #345 in Programming?,Verified scientific truth statement #345 for Programming.,VERIFIED,Hard,None,"[0.00, 0.35]"
346,Mathematics,[Mathematics] Explain the invalid claim variation #346 in Mathematics.,Factual reference truth statement #346 for Mathematics.,HALLUCINATED,Easy,Entity Fabrication,"[0.65, 0.98]"
347,Politics,[Politics] Explain the invalid claim variation #347 in Politics.,Factual reference truth statement #347 for Politics.,HALLUCINATED,Medium,Numerical Distortion,"[0.65, 0.98]"
348,Law,[Law] What is the verified fundamental principle #348 in Law?,Verified scientific truth statement #348 for Law.,VERIFIED,Hard,None,"[0.00, 0.35]"
349,General Knowledge,[General Knowledge] Explain the invalid claim variation #349 in General Knowledge.,Factual reference truth statement #349 for General Knowledge.,HALLUCINATED,Easy,Factual Contradiction,"[0.65, 0.98]"
350,Geography,[Geography] Explain the invalid claim variation #350 in Geography.,Factual reference truth statement #350 for Geography.,HALLUCINATED,Medium,Entity Fabrication,"[0.65, 0.98]"
351,Science,[Science] What is the verified fundamental principle #351 in Science?,Verified scientific truth statement #351 for Science.,VERIFIED,Hard,None,"[0.00, 0.35]"
352,History,[History] Explain the invalid claim variation #352 in History.,Factual reference truth statement #352 for History.,HALLUCINATED,Easy,Temporal Anachronism,"[0.65, 0.98]"
353,Medicine,[Medicine] Explain the invalid claim variation #353 in Medicine.,Factual reference truth statement #353 for Medicine.,HALLUCINATED,Medium,Factual Contradiction,"[0.65, 0.98]"
354,Finance,[Finance] What is the verified fundamental principle #354 in Finance?,Verified scientific truth statement #354 for Finance.,VERIFIED,Hard,None,"[0.00, 0.35]"
355,Programming,[Programming] Explain the invalid claim variation #355 in Programming.,Factual reference truth statement #355 for Programming.,HALLUCINATED,Easy,Numerical Distortion,"[0.65, 0.98]"
356,Mathematics,[Mathematics] Explain the invalid claim variation #356 in Mathematics.,Factual reference truth statement #356 for Mathematics.,HALLUCINATED,Medium,Temporal Anachronism,"[0.65, 0.98]"
357,Politics,[Politics] What is the verified fundamental principle #357 in Politics?,Verified scientific truth statement #357 for Politics.,VERIFIED,Hard,None,"[0.00, 0.35]"
358,Law,[Law] Explain the invalid claim variation #358 in Law.,Factual reference truth statement #358 for Law.,HALLUCINATED,Easy,Entity Fabrication,"[0.65, 0.98]"
359,General Knowledge,[General Knowledge] Explain the invalid claim variation #359 in General Knowledge.,Factual reference truth statement #359 for General Knowledge.,HALLUCINATED,Medium,Numerical Distortion,"[0.65, 0.98]"
360,Geography,[Geography] What is the verified fundamental principle #360 in Geography?,Verified scientific truth statement #360 for Geography.,VERIFIED,Hard,None,"[0.00, 0.35]"
361,Science,[Science] Explain the invalid claim variation #361 in Science.,Factual reference truth statement #361 for Science.,HALLUCINATED,Easy,Factual Contradiction,"[0.65, 0.98]"
362,History,[History] Explain the invalid claim variation #362 in History.,Factual reference truth statement #362 for History.,HALLUCINATED,Medium,Entity Fabrication,"[0.65, 0.98]"
363,Medicine,[Medicine] What is the verified fundamental principle #363 in Medicine?,Verified scientific truth statement #363 for Medicine.,VERIFIED,Hard,None,"[0.00, 0.35]"
364,Finance,[Finance] Explain the invalid claim variation #364 in Finance.,Factual reference truth statement #364 for Finance.,HALLUCINATED,Easy,Temporal Anachronism,"[0.65, 0.98]"
365,Programming,[Programming] Explain the invalid claim variation #365 in Programming.,Factual reference truth statement #365 for Programming.,HALLUCINATED,Medium,Factual Contradiction,"[0.65, 0.98]"
366,Mathematics,[Mathematics] What is the verified fundamental principle #366 in Mathematics?,Verified scientific truth statement #366 for Mathematics.,VERIFIED,Hard,None,"[0.00, 0.35]"
367,Politics,[Politics] Explain the invalid claim variation #367 in Politics.,Factual reference truth statement #367 for Politics.,HALLUCINATED,Easy,Numerical Distortion,"[0.65, 0.98]"
368,Law,[Law] Explain the invalid claim variation #368 in Law.,Factual reference truth statement #368 for Law.,HALLUCINATED,Medium,Temporal Anachronism,"[0.65, 0.98]"
369,General Knowledge,[General Knowledge] What is the verified fundamental principle #369 in General Knowledge?,Verified scientific truth statement #369 for General Knowledge.,VERIFIED,Hard,None,"[0.00, 0.35]"
370,Geography,[Geography] Explain the invalid claim variation #370 in Geography.,Factual reference truth statement #370 for Geography.,HALLUCINATED,Easy,Entity Fabrication,"[0.65, 0.98]"
371,Science,[Science] Explain the invalid claim variation #371 in Science.,Factual reference truth statement #371 for Science.,HALLUCINATED,Medium,Numerical Distortion,"[0.65, 0.98]"
372,History,[History] What is the verified fundamental principle #372 in History?,Verified scientific truth statement #372 for History.,VERIFIED,Hard,None,"[0.00, 0.35]"
373,Medicine,[Medicine] Explain the invalid claim variation #373 in Medicine.,Factual reference truth statement #373 for Medicine.,HALLUCINATED,Easy,Factual Contradiction,"[0.65, 0.98]"
374,Finance,[Finance] Explain the invalid claim variation #374 in Finance.,Factual reference truth statement #374 for Finance.,HALLUCINATED,Medium,Entity Fabrication,"[0.65, 0.98]"
375,Programming,[Programming] What is the verified fundamental principle #375 in Programming?,Verified scientific truth statement #375 for Programming.,VERIFIED,Hard,None,"[0.00, 0.35]"
376,Mathematics,[Mathematics] Explain the invalid claim variation #376 in Mathematics.,Factual reference truth statement #376 for Mathematics.,HALLUCINATED,Easy,Temporal Anachronism,"[0.65, 0.98]"
377,Politics,[Politics] Explain the invalid claim variation #377 in Politics.,Factual reference truth statement #377 for Politics.,HALLUCINATED,Medium,Factual Contradiction,"[0.65, 0.98]"
378,Law,[Law] What is the verified fundamental principle #378 in Law?,Verified scientific truth statement #378 for Law.,VERIFIED,Hard,None,"[0.00, 0.35]"
379,General Knowledge,[General Knowledge] Explain the invalid claim variation #379 in General Knowledge.,Factual reference truth statement #379 for General Knowledge.,HALLUCINATED,Easy,Numerical Distortion,"[0.65, 0.98]"
380,Geography,[Geography] Explain the invalid claim variation #380 in Geography.,Factual reference truth statement #380 for Geography.,HALLUCINATED,Medium,Temporal Anachronism,"[0.65, 0.98]"
381,Science,[Science] What is the verified fundamental principle #381 in Science?,Verified scientific truth statement #381 for Science.,VERIFIED,Hard,None,"[0.00, 0.35]"
382,History,[History] Explain the invalid claim variation #382 in History.,Factual reference truth statement #382 for History.,HALLUCINATED,Easy,Entity Fabrication,"[0.65, 0.98]"
383,Medicine,[Medicine] Explain the invalid claim variation #383 in Medicine.,Factual reference truth statement #383 for Medicine.,HALLUCINATED,Medium,Numerical Distortion,"[0.65, 0.98]"
384,Finance,[Finance] What is the verified fundamental principle #384 in Finance?,Verified scientific truth statement #384 for Finance.,VERIFIED,Hard,None,"[0.00, 0.35]"
385,Programming,[Programming] Explain the invalid claim variation #385 in Programming.,Factual reference truth statement #385 for Programming.,HALLUCINATED,Easy,Factual Contradiction,"[0.65, 0.98]"
386,Mathematics,[Mathematics] Explain the invalid claim variation #386 in Mathematics.,Factual reference truth statement #386 for Mathematics.,HALLUCINATED,Medium,Entity Fabrication,"[0.65, 0.98]"
387,Politics,[Politics] What is the verified fundamental principle #387 in Politics?,Verified scientific truth statement #387 for Politics.,VERIFIED,Hard,None,"[0.00, 0.35]"
388,Law,[Law] Explain the invalid claim variation #388 in Law.,Factual reference truth statement #388 for Law.,HALLUCINATED,Easy,Temporal Anachronism,"[0.65, 0.98]"
389,General Knowledge,[General Knowledge] Explain the invalid claim variation #389 in General Knowledge.,Factual reference truth statement #389 for General Knowledge.,HALLUCINATED,Medium,Factual Contradiction,"[0.65, 0.98]"
390,Geography,[Geography] What is the verified fundamental principle #390 in Geography?,Verified scientific truth statement #390 for Geography.,VERIFIED,Hard,None,"[0.00, 0.35]"
391,Science,[Science] Explain the invalid claim variation #391 in Science.,Factual reference truth statement #391 for Science.,HALLUCINATED,Easy,Numerical Distortion,"[0.65, 0.98]"
392,History,[History] Explain the invalid claim variation #392 in History.,Factual reference truth statement #392 for History.,HALLUCINATED,Medium,Temporal Anachronism,"[0.65, 0.98]"
393,Medicine,[Medicine] What is the verified fundamental principle #393 in Medicine?,Verified scientific truth statement #393 for Medicine.,VERIFIED,Hard,None,"[0.00, 0.35]"
394,Finance,[Finance] Explain the invalid claim variation #394 in Finance.,Factual reference truth statement #394 for Finance.,HALLUCINATED,Easy,Entity Fabrication,"[0.65, 0.98]"
395,Programming,[Programming] Explain the invalid claim variation #395 in Programming.,Factual reference truth statement #395 for Programming.,HALLUCINATED,Medium,Numerical Distortion,"[0.65, 0.98]"
396,Mathematics,[Mathematics] What is the verified fundamental principle #396 in Mathematics?,Verified scientific truth statement #396 for Mathematics.,VERIFIED,Hard,None,"[0.00, 0.35]"
397,Politics,[Politics] Explain the invalid claim variation #397 in Politics.,Factual reference truth statement #397 for Politics.,HALLUCINATED,Easy,Factual Contradiction,"[0.65, 0.98]"
398,Law,[Law] Explain the invalid claim variation #398 in Law.,Factual reference truth statement #398 for Law.,HALLUCINATED,Medium,Entity Fabrication,"[0.65, 0.98]"
399,General Knowledge,[General Knowledge] What is the verified fundamental principle #399 in General Knowledge?,Verified scientific truth statement #399 for General Knowledge.,VERIFIED,Hard,None,"[0.00, 0.35]"
400,Geography,[Geography] Explain the invalid claim variation #400 in Geography.,Factual reference truth statement #400 for Geography.,HALLUCINATED,Easy,Temporal Anachronism,"[0.65, 0.98]"
401,Science,[Science] Explain the invalid claim variation #401 in Science.,Factual reference truth statement #401 for Science.,HALLUCINATED,Medium,Factual Contradiction,"[0.65, 0.98]"
402,History,[History] What is the verified fundamental principle #402 in History?,Verified scientific truth statement #402 for History.,VERIFIED,Hard,None,"[0.00, 0.35]"
403,Medicine,[Medicine] Explain the invalid claim variation #403 in Medicine.,Factual reference truth statement #403 for Medicine.,HALLUCINATED,Easy,Numerical Distortion,"[0.65, 0.98]"
404,Finance,[Finance] Explain the invalid claim variation #404 in Finance.,Factual reference truth statement #404 for Finance.,HALLUCINATED,Medium,Temporal Anachronism,"[0.65, 0.98]"
405,Programming,[Programming] What is the verified fundamental principle #405 in Programming?,Verified scientific truth statement #405 for Programming.,VERIFIED,Hard,None,"[0.00, 0.35]"
406,Mathematics,[Mathematics] Explain the invalid claim variation #406 in Mathematics.,Factual reference truth statement #406 for Mathematics.,HALLUCINATED,Easy,Entity Fabrication,"[0.65, 0.98]"
407,Politics,[Politics] Explain the invalid claim variation #407 in Politics.,Factual reference truth statement #407 for Politics.,HALLUCINATED,Medium,Numerical Distortion,"[0.65, 0.98]"
408,Law,[Law] What is the verified fundamental principle #408 in Law?,Verified scientific truth statement #408 for Law.,VERIFIED,Hard,None,"[0.00, 0.35]"
409,General Knowledge,[General Knowledge] Explain the invalid claim variation #409 in General Knowledge.,Factual reference truth statement #409 for General Knowledge.,HALLUCINATED,Easy,Factual Contradiction,"[0.65, 0.98]"
410,Geography,[Geography] Explain the invalid claim variation #410 in Geography.,Factual reference truth statement #410 for Geography.,HALLUCINATED,Medium,Entity Fabrication,"[0.65, 0.98]"
411,Science,[Science] What is the verified fundamental principle #411 in Science?,Verified scientific truth statement #411 for Science.,VERIFIED,Hard,None,"[0.00, 0.35]"
412,History,[History] Explain the invalid claim variation #412 in History.,Factual reference truth statement #412 for History.,HALLUCINATED,Easy,Temporal Anachronism,"[0.65, 0.98]"
413,Medicine,[Medicine] Explain the invalid claim variation #413 in Medicine.,Factual reference truth statement #413 for Medicine.,HALLUCINATED,Medium,Factual Contradiction,"[0.65, 0.98]"
414,Finance,[Finance] What is the verified fundamental principle #414 in Finance?,Verified scientific truth statement #414 for Finance.,VERIFIED,Hard,None,"[0.00, 0.35]"
415,Programming,[Programming] Explain the invalid claim variation #415 in Programming.,Factual reference truth statement #415 for Programming.,HALLUCINATED,Easy,Numerical Distortion,"[0.65, 0.98]"
416,Mathematics,[Mathematics] Explain the invalid claim variation #416 in Mathematics.,Factual reference truth statement #416 for Mathematics.,HALLUCINATED,Medium,Temporal Anachronism,"[0.65, 0.98]"
417,Politics,[Politics] What is the verified fundamental principle #417 in Politics?,Verified scientific truth statement #417 for Politics.,VERIFIED,Hard,None,"[0.00, 0.35]"
418,Law,[Law] Explain the invalid claim variation #418 in Law.,Factual reference truth statement #418 for Law.,HALLUCINATED,Easy,Entity Fabrication,"[0.65, 0.98]"
419,General Knowledge,[General Knowledge] Explain the invalid claim variation #419 in General Knowledge.,Factual reference truth statement #419 for General Knowledge.,HALLUCINATED,Medium,Numerical Distortion,"[0.65, 0.98]"
420,Geography,[Geography] What is the verified fundamental principle #420 in Geography?,Verified scientific truth statement #420 for Geography.,VERIFIED,Hard,None,"[0.00, 0.35]"
421,Science,[Science] Explain the invalid claim variation #421 in Science.,Factual reference truth statement #421 for Science.,HALLUCINATED,Easy,Factual Contradiction,"[0.65, 0.98]"
422,History,[History] Explain the invalid claim variation #422 in History.,Factual reference truth statement #422 for History.,HALLUCINATED,Medium,Entity Fabrication,"[0.65, 0.98]"
423,Medicine,[Medicine] What is the verified fundamental principle #423 in Medicine?,Verified scientific truth statement #423 for Medicine.,VERIFIED,Hard,None,"[0.00, 0.35]"
424,Finance,[Finance] Explain the invalid claim variation #424 in Finance.,Factual reference truth statement #424 for Finance.,HALLUCINATED,Easy,Temporal Anachronism,"[0.65, 0.98]"
425,Programming,[Programming] Explain the invalid claim variation #425 in Programming.,Factual reference truth statement #425 for Programming.,HALLUCINATED,Medium,Factual Contradiction,"[0.65, 0.98]"
426,Mathematics,[Mathematics] What is the verified fundamental principle #426 in Mathematics?,Verified scientific truth statement #426 for Mathematics.,VERIFIED,Hard,None,"[0.00, 0.35]"
427,Politics,[Politics] Explain the invalid claim variation #427 in Politics.,Factual reference truth statement #427 for Politics.,HALLUCINATED,Easy,Numerical Distortion,"[0.65, 0.98]"
428,Law,[Law] Explain the invalid claim variation #428 in Law.,Factual reference truth statement #428 for Law.,HALLUCINATED,Medium,Temporal Anachronism,"[0.65, 0.98]"
429,General Knowledge,[General Knowledge] What is the verified fundamental principle #429 in General Knowledge?,Verified scientific truth statement #429 for General Knowledge.,VERIFIED,Hard,None,"[0.00, 0.35]"
430,Geography,[Geography] Explain the invalid claim variation #430 in Geography.,Factual reference truth statement #430 for Geography.,HALLUCINATED,Easy,Entity Fabrication,"[0.65, 0.98]"
431,Science,[Science] Explain the invalid claim variation #431 in Science.,Factual reference truth statement #431 for Science.,HALLUCINATED,Medium,Numerical Distortion,"[0.65, 0.98]"
432,History,[History] What is the verified fundamental principle #432 in History?,Verified scientific truth statement #432 for History.,VERIFIED,Hard,None,"[0.00, 0.35]"
433,Medicine,[Medicine] Explain the invalid claim variation #433 in Medicine.,Factual reference truth statement #433 for Medicine.,HALLUCINATED,Easy,Factual Contradiction,"[0.65, 0.98]"
434,Finance,[Finance] Explain the invalid claim variation #434 in Finance.,Factual reference truth statement #434 for Finance.,HALLUCINATED,Medium,Entity Fabrication,"[0.65, 0.98]"
435,Programming,[Programming] What is the verified fundamental principle #435 in Programming?,Verified scientific truth statement #435 for Programming.,VERIFIED,Hard,None,"[0.00, 0.35]"
436,Mathematics,[Mathematics] Explain the invalid claim variation #436 in Mathematics.,Factual reference truth statement #436 for Mathematics.,HALLUCINATED,Easy,Temporal Anachronism,"[0.65, 0.98]"
437,Politics,[Politics] Explain the invalid claim variation #437 in Politics.,Factual reference truth statement #437 for Politics.,HALLUCINATED,Medium,Factual Contradiction,"[0.65, 0.98]"
438,Law,[Law] What is the verified fundamental principle #438 in Law?,Verified scientific truth statement #438 for Law.,VERIFIED,Hard,None,"[0.00, 0.35]"
439,General Knowledge,[General Knowledge] Explain the invalid claim variation #439 in General Knowledge.,Factual reference truth statement #439 for General Knowledge.,HALLUCINATED,Easy,Numerical Distortion,"[0.65, 0.98]"
440,Geography,[Geography] Explain the invalid claim variation #440 in Geography.,Factual reference truth statement #440 for Geography.,HALLUCINATED,Medium,Temporal Anachronism,"[0.65, 0.98]"
441,Science,[Science] What is the verified fundamental principle #441 in Science?,Verified scientific truth statement #441 for Science.,VERIFIED,Hard,None,"[0.00, 0.35]"
442,History,[History] Explain the invalid claim variation #442 in History.,Factual reference truth statement #442 for History.,HALLUCINATED,Easy,Entity Fabrication,"[0.65, 0.98]"
443,Medicine,[Medicine] Explain the invalid claim variation #443 in Medicine.,Factual reference truth statement #443 for Medicine.,HALLUCINATED,Medium,Numerical Distortion,"[0.65, 0.98]"
444,Finance,[Finance] What is the verified fundamental principle #444 in Finance?,Verified scientific truth statement #444 for Finance.,VERIFIED,Hard,None,"[0.00, 0.35]"
445,Programming,[Programming] Explain the invalid claim variation #445 in Programming.,Factual reference truth statement #445 for Programming.,HALLUCINATED,Easy,Factual Contradiction,"[0.65, 0.98]"
446,Mathematics,[Mathematics] Explain the invalid claim variation #446 in Mathematics.,Factual reference truth statement #446 for Mathematics.,HALLUCINATED,Medium,Entity Fabrication,"[0.65, 0.98]"
447,Politics,[Politics] What is the verified fundamental principle #447 in Politics?,Verified scientific truth statement #447 for Politics.,VERIFIED,Hard,None,"[0.00, 0.35]"
448,Law,[Law] Explain the invalid claim variation #448 in Law.,Factual reference truth statement #448 for Law.,HALLUCINATED,Easy,Temporal Anachronism,"[0.65, 0.98]"
449,General Knowledge,[General Knowledge] Explain the invalid claim variation #449 in General Knowledge.,Factual reference truth statement #449 for General Knowledge.,HALLUCINATED,Medium,Factual Contradiction,"[0.65, 0.98]"
450,Geography,[Geography] What is the verified fundamental principle #450 in Geography?,Verified scientific truth statement #450 for Geography.,VERIFIED,Hard,None,"[0.00, 0.35]"
451,Science,[Science] Explain the invalid claim variation #451 in Science.,Factual reference truth statement #451 for Science.,HALLUCINATED,Easy,Numerical Distortion,"[0.65, 0.98]"
452,History,[History] Explain the invalid claim variation #452 in History.,Factual reference truth statement #452 for History.,HALLUCINATED,Medium,Temporal Anachronism,"[0.65, 0.98]"
453,Medicine,[Medicine] What is the verified fundamental principle #453 in Medicine?,Verified scientific truth statement #453 for Medicine.,VERIFIED,Hard,None,"[0.00, 0.35]"
454,Finance,[Finance] Explain the invalid claim variation #454 in Finance.,Factual reference truth statement #454 for Finance.,HALLUCINATED,Easy,Entity Fabrication,"[0.65, 0.98]"
455,Programming,[Programming] Explain the invalid claim variation #455 in Programming.,Factual reference truth statement #455 for Programming.,HALLUCINATED,Medium,Numerical Distortion,"[0.65, 0.98]"
456,Mathematics,[Mathematics] What is the verified fundamental principle #456 in Mathematics?,Verified scientific truth statement #456 for Mathematics.,VERIFIED,Hard,None,"[0.00, 0.35]"
457,Politics,[Politics] Explain the invalid claim variation #457 in Politics.,Factual reference truth statement #457 for Politics.,HALLUCINATED,Easy,Factual Contradiction,"[0.65, 0.98]"
458,Law,[Law] Explain the invalid claim variation #458 in Law.,Factual reference truth statement #458 for Law.,HALLUCINATED,Medium,Entity Fabrication,"[0.65, 0.98]"
459,General Knowledge,[General Knowledge] What is the verified fundamental principle #459 in General Knowledge?,Verified scientific truth statement #459 for General Knowledge.,VERIFIED,Hard,None,"[0.00, 0.35]"
460,Geography,[Geography] Explain the invalid claim variation #460 in Geography.,Factual reference truth statement #460 for Geography.,HALLUCINATED,Easy,Temporal Anachronism,"[0.65, 0.98]"
461,Science,[Science] Explain the invalid claim variation #461 in Science.,Factual reference truth statement #461 for Science.,HALLUCINATED,Medium,Factual Contradiction,"[0.65, 0.98]"
462,History,[History] What is the verified fundamental principle #462 in History?,Verified scientific truth statement #462 for History.,VERIFIED,Hard,None,"[0.00, 0.35]"
463,Medicine,[Medicine] Explain the invalid claim variation #463 in Medicine.,Factual reference truth statement #463 for Medicine.,HALLUCINATED,Easy,Numerical Distortion,"[0.65, 0.98]"
464,Finance,[Finance] Explain the invalid claim variation #464 in Finance.,Factual reference truth statement #464 for Finance.,HALLUCINATED,Medium,Temporal Anachronism,"[0.65, 0.98]"
465,Programming,[Programming] What is the verified fundamental principle #465 in Programming?,Verified scientific truth statement #465 for Programming.,VERIFIED,Hard,None,"[0.00, 0.35]"
466,Mathematics,[Mathematics] Explain the invalid claim variation #466 in Mathematics.,Factual reference truth statement #466 for Mathematics.,HALLUCINATED,Easy,Entity Fabrication,"[0.65, 0.98]"
467,Politics,[Politics] Explain the invalid claim variation #467 in Politics.,Factual reference truth statement #467 for Politics.,HALLUCINATED,Medium,Numerical Distortion,"[0.65, 0.98]"
468,Law,[Law] What is the verified fundamental principle #468 in Law?,Verified scientific truth statement #468 for Law.,VERIFIED,Hard,None,"[0.00, 0.35]"
469,General Knowledge,[General Knowledge] Explain the invalid claim variation #469 in General Knowledge.,Factual reference truth statement #469 for General Knowledge.,HALLUCINATED,Easy,Factual Contradiction,"[0.65, 0.98]"
470,Geography,[Geography] Explain the invalid claim variation #470 in Geography.,Factual reference truth statement #470 for Geography.,HALLUCINATED,Medium,Entity Fabrication,"[0.65, 0.98]"
471,Science,[Science] What is the verified fundamental principle #471 in Science?,Verified scientific truth statement #471 for Science.,VERIFIED,Hard,None,"[0.00, 0.35]"
472,History,[History] Explain the invalid claim variation #472 in History.,Factual reference truth statement #472 for History.,HALLUCINATED,Easy,Temporal Anachronism,"[0.65, 0.98]"
473,Medicine,[Medicine] Explain the invalid claim variation #473 in Medicine.,Factual reference truth statement #473 for Medicine.,HALLUCINATED,Medium,Factual Contradiction,"[0.65, 0.98]"
474,Finance,[Finance] What is the verified fundamental principle #474 in Finance?,Verified scientific truth statement #474 for Finance.,VERIFIED,Hard,None,"[0.00, 0.35]"
475,Programming,[Programming] Explain the invalid claim variation #475 in Programming.,Factual reference truth statement #475 for Programming.,HALLUCINATED,Easy,Numerical Distortion,"[0.65, 0.98]"
476,Mathematics,[Mathematics] Explain the invalid claim variation #476 in Mathematics.,Factual reference truth statement #476 for Mathematics.,HALLUCINATED,Medium,Temporal Anachronism,"[0.65, 0.98]"
477,Politics,[Politics] What is the verified fundamental principle #477 in Politics?,Verified scientific truth statement #477 for Politics.,VERIFIED,Hard,None,"[0.00, 0.35]"
478,Law,[Law] Explain the invalid claim variation #478 in Law.,Factual reference truth statement #478 for Law.,HALLUCINATED,Easy,Entity Fabrication,"[0.65, 0.98]"
479,General Knowledge,[General Knowledge] Explain the invalid claim variation #479 in General Knowledge.,Factual reference truth statement #479 for General Knowledge.,HALLUCINATED,Medium,Numerical Distortion,"[0.65, 0.98]"
480,Geography,[Geography] What is the verified fundamental principle #480 in Geography?,Verified scientific truth statement #480 for Geography.,VERIFIED,Hard,None,"[0.00, 0.35]"
481,Science,[Science] Explain the invalid claim variation #481 in Science.,Factual reference truth statement #481 for Science.,HALLUCINATED,Easy,Factual Contradiction,"[0.65, 0.98]"
482,History,[History] Explain the invalid claim variation #482 in History.,Factual reference truth statement #482 for History.,HALLUCINATED,Medium,Entity Fabrication,"[0.65, 0.98]"
483,Medicine,[Medicine] What is the verified fundamental principle #483 in Medicine?,Verified scientific truth statement #483 for Medicine.,VERIFIED,Hard,None,"[0.00, 0.35]"
484,Finance,[Finance] Explain the invalid claim variation #484 in Finance.,Factual reference truth statement #484 for Finance.,HALLUCINATED,Easy,Temporal Anachronism,"[0.65, 0.98]"
485,Programming,[Programming] Explain the invalid claim variation #485 in Programming.,Factual reference truth statement #485 for Programming.,HALLUCINATED,Medium,Factual Contradiction,"[0.65, 0.98]"
486,Mathematics,[Mathematics] What is the verified fundamental principle #486 in Mathematics?,Verified scientific truth statement #486 for Mathematics.,VERIFIED,Hard,None,"[0.00, 0.35]"
487,Politics,[Politics] Explain the invalid claim variation #487 in Politics.,Factual reference truth statement #487 for Politics.,HALLUCINATED,Easy,Numerical Distortion,"[0.65, 0.98]"
488,Law,[Law] Explain the invalid claim variation #488 in Law.,Factual reference truth statement #488 for Law.,HALLUCINATED,Medium,Temporal Anachronism,"[0.65, 0.98]"
489,General Knowledge,[General Knowledge] What is the verified fundamental principle #489 in General Knowledge?,Verified scientific truth statement #489 for General Knowledge.,VERIFIED,Hard,None,"[0.00, 0.35]"
490,Geography,[Geography] Explain the invalid claim variation #490 in Geography.,Factual reference truth statement #490 for Geography.,HALLUCINATED,Easy,Entity Fabrication,"[0.65, 0.98]"
491,Science,[Science] Explain the invalid claim variation #491 in Science.,Factual reference truth statement #491 for Science.,HALLUCINATED,Medium,Numerical Distortion,"[0.65, 0.98]"
492,History,[History] What is the verified fundamental principle #492 in History?,Verified scientific truth statement #492 for History.,VERIFIED,Hard,None,"[0.00, 0.35]"
493,Medicine,[Medicine] Explain the invalid claim variation #493 in Medicine.,Factual reference truth statement #493 for Medicine.,HALLUCINATED,Easy,Factual Contradiction,"[0.65, 0.98]"
494,Finance,[Finance] Explain the invalid claim variation #494 in Finance.,Factual reference truth statement #494 for Finance.,HALLUCINATED,Medium,Entity Fabrication,"[0.65, 0.98]"
495,Programming,[Programming] What is the verified fundamental principle #495 in Programming?,Verified scientific truth statement #495 for Programming.,VERIFIED,Hard,None,"[0.00, 0.35]"
496,Mathematics,[Mathematics] Explain the invalid claim variation #496 in Mathematics.,Factual reference truth statement #496 for Mathematics.,HALLUCINATED,Easy,Temporal Anachronism,"[0.65, 0.98]"
497,Politics,[Politics] Explain the invalid claim variation #497 in Politics.,Factual reference truth statement #497 for Politics.,HALLUCINATED,Medium,Factual Contradiction,"[0.65, 0.98]"
498,Law,[Law] What is the verified fundamental principle #498 in Law?,Verified scientific truth statement #498 for Law.,VERIFIED,Hard,None,"[0.00, 0.35]"
499,General Knowledge,[General Knowledge] Explain the invalid claim variation #499 in General Knowledge.,Factual reference truth statement #499 for General Knowledge.,HALLUCINATED,Easy,Numerical Distortion,"[0.65, 0.98]"
500,Geography,[Geography] Explain the invalid claim variation #500 in Geography.,Factual reference truth statement #500 for Geography.,HALLUCINATED,Medium,Temporal Anachronism,"[0.65, 0.98]"
