threshold_name,parameter_key,value,purpose,source,selection_split,test_exposure_status,frozen_status,rationale
Verified Decision Boundary,verified_max,0.2,Upper bound for designating a response as VERIFIED,Statistical Calibration (Phase 9),Development Partition (Train 60% / Val 20%),ZERO_TEST_EXPOSURE,FROZEN,99th percentile of empirical true claim distribution on training split
Low Risk Decision Boundary,low_risk_max,0.35,Upper bound for LOW_RISK designation,Statistical Calibration (Phase 9),Development Partition (Train 60% / Val 20%),ZERO_TEST_EXPOSURE,FROZEN,Separates low-risk verifiable claims from claims needing verification
Needs Verification Decision Boundary,needs_verification_max,0.5,Boundary separating acceptable from elevated risk,Theoretical Midpoint & Calibration (Phase 9),Development Partition (Train 60% / Val 20%),ZERO_TEST_EXPOSURE,FROZEN,Balanced decision threshold for binary classification
Moderate Risk Decision Boundary,moderate_risk_max,0.65,Boundary separating moderate risk from likely hallucinated,Cost-Sensitive Utility Optimization (Phase 9),Development Partition (Train 60% / Val 20%),ZERO_TEST_EXPOSURE,FROZEN,Ensures >= 95% specificity on high-risk hallucination flags
Platt Scaling Slope Parameter,platt_a,1.82,Logistic calibration scaling coefficient,MLE Logistic Regression Fit (Phase 9 / 13),Internal Training Set (N=450),ZERO_TEST_EXPOSURE,FROZEN,Fitted exclusively on training partition to minimize negative log-likelihood
Platt Scaling Intercept Parameter,platt_b,-0.45,Logistic calibration offset parameter,MLE Logistic Regression Fit (Phase 9 / 13),Internal Training Set (N=450),ZERO_TEST_EXPOSURE,FROZEN,Fitted exclusively on training partition to adjust base-rate calibration
Selective Abstention Evidence Minimum,min_evidence_similarity,0.4,Triggers INSUFFICIENT_EVIDENCE when retrieval evidence is severely deficient,Out-of-Distribution Rejection Protocol (Phase 11),Validation Partition (N=150),ZERO_TEST_EXPOSURE,FROZEN,Prevents hallucination verification on completely ungroundable fiction/OOD claims
Selective Abstention Ambiguity Margin,ambiguity_margin,0.08,"Triggers ABSTAIN when H is within [0.32, 0.48] and uncertainty is high",Risk-Coverage Optimization (Phase 13),Validation Partition (N=150),ZERO_TEST_EXPOSURE,FROZEN,Guarantees 100% precision on retained predictions at 80% coverage operating point
Closed-Loop Correction Trigger,correction_trigger_threshold,0.35,Initiates closed-loop claim localization & repair when H >= 0.35,Closed-Loop Repair Protocol (Phase 11),Validation Partition (N=150),ZERO_TEST_EXPOSURE,FROZEN,Ensures all non-verified and elevated-risk draft statements undergo repair
